,Unnamed: 0,Objname,ObsEcc,ObsSin(Inc),PropEcc,PropSin(Inc),PropSMA,0_2PE,1_3PE,2_4PE,3_5PE,4_6PE,5_7PE,6_8PE,7_9PE,8_10PE
0,0,0,0.0177450393169344,0.0254501177046199,0.0100203272337013,0.0123576765892786,42.570596282171664,"[0.001145916583034868, 0.0019348567042809452, 42.57059112947954]","[0.0013230081696032436, 0.0020903376540866193, 42.57056711322148]","[0.0014286347119637712, 0.0022433465479128225, 42.570591612882204]","[0.0016544618723438648, 0.0023856034845171187, 42.570589591198235]","[0.001834856228103833, 0.0025262129708152167, 42.57059195091453]","[0.0018786872031040735, 0.002684919559885274, 42.5706027697846]","[0.002149198484511632, 0.002968315998437987, 42.57060826560215]","[0.002408320782716349, 0.0030388110544973825, 42.57062599365599]","[0.00250608078150146, 0.003177955477911068, 42.570599045503435]"
1,1,1,0.284578930871008,0.1541934753665746,0.0794957634692996,0.0551401621528674,51.96827440014128,"[0.0142047794123868, 0.00996016064024806, 51.97726511206668]","[0.014696788043563327, 0.009894094091975121, 51.96689381309814]","[0.015274651843541527, 0.009939681549822362, 51.967405156797014]","[0.014293859702537486, 0.01015353125251493, 51.96512159890061]","[0.013478900666946927, 0.010436258922045857, 51.9637445940542]","[0.012916647946149742, 0.010802022425175493, 51.967065386050294]","[0.01236125958749772, 0.011070176814824563, 51.96820332995457]","[0.012102238731850422, 0.011007825865863812, 51.96585782493827]","[0.012529711339633785, 0.0107898961678066, 51.964733530778354]"
2,2,2,0.1698075831844911,0.0505026280869888,0.14820783678416,0.0329857113053014,47.96202112081945,"[0.034478752248992973, 0.007652920668631418, 47.94375735235155]","[0.031774147246456955, 0.006429489338200209, 47.95807336996493]","[0.031358281756225556, 0.0058158079511311045, 47.96394004096893]","[0.03081283186915649, 0.006395060984999702, 47.95849819740073]","[0.03282447990404028, 0.0074318201212197664, 47.955272284995964]","[0.03385658582700071, 0.007146588073437233, 47.959960039825575]","[0.026943599664187075, 0.005585421855281945, 47.966833565757874]","[0.021251279161737777, 0.004923876999822843, 47.97391914620235]","[0.020930329933013945, 0.004985565018138833, 47.980272456142586]"
3,3,3,0.012744495825569,0.0490596475937865,0.0070705871337234,0.0165627581067171,42.90364843835488,"[0.0006681663297225156, 0.0021828992499816255, 42.903611821076744]","[0.0008232539758501065, 0.002405049122439171, 42.90361578455731]","[0.0009256739456725873, 0.002658669352357255, 42.903659402081985]","[0.0011467577627633583, 0.002914605087269966, 42.90369066609937]","[0.0013020845307926696, 0.0031647232289355623, 42.903695665489515]","[0.0013323753492584158, 0.003424105233645575, 42.90368345307885]","[0.0015664753643598367, 0.0038507173500231333, 42.903654153118985]","[0.0018156718758954896, 0.004013316175957314, 42.90362821748911]","[0.0019017077510549059, 0.004271509191552454, 42.90361917976357]"
4,4,4,0.0152615954061079,0.0462483638797859,0.0081525586448097,0.0170262483352419,42.98051348886839,"[0.0008336696769240117, 0.0022351413070841536, 42.980512967224115]","[0.0010035231666539058, 0.0024922120676914537, 42.98051400209426]","[0.0011006455566445247, 0.0027649157332611607, 42.98051174304162]","[0.0013177623542400712, 0.003027022700339983, 42.98051236325669]","[0.0014867153739870867, 0.003277867742909776, 42.98051303434343]","[0.0015202544720890662, 0.003535825541250296, 42.98050882829292]","[0.0016929237557134623, 0.0038218325467863196, 42.980506892191215]","[0.0019978045794605435, 0.004113427034992579, 42.98051408685317]","[0.0020967478143344973, 0.004353632709835503, 42.98052139542431]"
5,5,5,0.1357045605114741,0.0228028126273612,0.0578180130617144,0.0095128160626358,46.50437588505711,"[0.010116485948502646, 0.0013113646909960128, 46.500356658935054]","[0.01007472624176247, 0.0014593102747500093, 46.502949527504185]","[0.010098498217303152, 0.0016244092166594704, 46.50403058411068]","[0.010124730259623547, 0.0017871868550297849, 46.50578078908779]","[0.009986573978465824, 0.0019261341225245117, 46.50586164935303]","[0.009980326869878573, 0.002039414871900674, 46.50588266095838]","[0.010093519418337998, 0.002096277613150816, 46.50548764380954]","[0.009956502307852312, 0.0021014708440915855, 46.50425000227239]","[0.009696810198715959, 0.0021079631497911357, 46.50614267216159]"
6,6,6,0.0448679601505787,0.0352533182517246,0.0448984435259581,0.0079179250729375,42.30505449356144,"[0.010815867553675723, 0.00046653940038756346, 42.315323764312986]","[0.010836928817686367, 0.0006589471708534189, 42.3151052596762]","[0.011019900137708708, 0.001056903458101297, 42.31503615689453]","[0.011468544766577111, 0.0013116733842619551, 42.31495493133586]","[0.011167326409507248, 0.001440092001858989, 42.31549808721324]","[0.010655351543426204, 0.0019372237538759082, 42.315760489933965]","[0.013854974116753144, 0.0023242413746888224, 42.312105052122206]","[0.01708642657972765, 0.0023582529004499337, 42.28408879038543]","[0.012020098075591623, 0.0027843042245628605, 42.2673647444285]"
7,7,7,0.2127480531136759,0.217107964246826,0.0367158365439982,0.1852070990199236,39.40619184053589,"[0.006558934657723635, 0.03500597621997838, 39.40876329775237]","[0.006276557293760016, 0.036697357367188904, 39.40629021506511]","[0.006198526188843959, 0.03771182943291969, 39.40064826103467]","[0.01281204624017743, 0.041141153940547244, 39.39861196175938]","[0.02170941145867205, 0.04668688818750158, 39.411152008089076]","[0.008348352017723154, 0.03868693299297101, 39.415619196880115]","[0.006022568585888427, 0.03709351286327055, 39.40715789313076]","[0.005820488129127407, 0.038992179495705416, 39.40143329250326]","[0.0063712250692754355, 0.03632605513668115, 39.40304745217742]"
8,8,8,0.0190903867133022,0.0292741545377019,0.0111664133244022,0.0172716933813577,42.78250024408396,"[0.0014214756726667738, 0.0025257683431537652, 42.78253311106715]","[0.0015687005996160098, 0.002786586220425226, 42.78252423773325]","[0.001668721656241781, 0.0030297120684800055, 42.78250354023081]","[0.0018900537498368248, 0.0032405867541702086, 42.782486658334996]","[0.002039533249032667, 0.0034346629484598595, 42.782481080922864]","[0.0020697783400696695, 0.003641295397047623, 42.782481021581404]","[0.0022681787901283313, 0.003867287838387327, 42.78248848675284]","[0.0025514680259858384, 0.00409105520084312, 42.782494658551755]","[0.002595986842248886, 0.00425269170556844, 42.78249404748167]"
9,9,9,0.0468418749038149,0.0287731115150258,0.0263346476072047,0.0054497770342138,43.59321679415001,"[0.004069170518121989, 0.0009307620823276076, 43.59317143782557]","[0.004246546061378739, 0.0009428567045679854, 43.593219692978444]","[0.004359519089482296, 0.0009901096416594984, 43.593202077169]","[0.0045634700443546485, 0.0010599615552529535, 43.59315487508515]","[0.004655337676846178, 0.0011362750615953611, 43.59312314855775]","[0.0046948432262748875, 0.0012467570241604339, 43.59321319526345]","[0.005009631654134694, 0.001400015279385316, 43.5933753358025]","[0.00534235013772996, 0.001574487388562027, 43.593375005479814]","[0.005232230993547406, 0.0017147666578925106, 43.593214086667565]"
10,10,10,0.0766384160657048,0.0442902593938285,0.0348239675735393,0.0346199562143081,43.85643883277793,"[0.006078599923313601, 0.006708840942041775, 43.85640718380637]","[0.006117345648903758, 0.006738265168467562, 43.856448321497]","[0.006080753533983133, 0.00674497676549233, 43.856459662732426]","[0.005979662517844276, 0.006748355790595036, 43.85640332894465]","[0.006005884685305361, 0.006790579265147455, 43.856445329251514]","[0.006001923171730352, 0.006812135560808536, 43.85647274054099]","[0.005921854964837062, 0.006764115655236229, 43.85642856475626]","[0.006068789759985448, 0.006691175077821064, 43.856461768277164]","[0.0063711870053925965, 0.006567398113583321, 43.85645282343329]"
11,11,11,0.0277198651381343,0.0198674649342046,0.0139205330297423,0.0198010214556706,43.11218647646216,"[0.003046919652215672, 0.003759627530736245, 43.1124559506846]","[0.0028634813532420617, 0.003850518131149224, 43.112041586455284]","[0.0027783208831568596, 0.003900966838391591, 43.111976587995144]","[0.0025715223936606355, 0.003924533545313153, 43.11211241465063]","[0.002378630977665904, 0.003956606376367767, 43.11224204367698]","[0.0023322654352860893, 0.0040080001826628955, 43.11225847322448]","[0.002157292464974783, 0.004049966306213301, 43.11222528340899]","[0.0018812019269319096, 0.004045532778490552, 43.11219664488269]","[0.0018364190444026464, 0.004017812486094458, 43.11203167852103]"
12,12,12,0.0477502076279584,0.0477369119452644,0.0234167101250562,0.034666252692029,44.18482540035744,"[0.004233954055291815, 0.006760934570394969, 44.18482750779365]","[0.004191542872289354, 0.006792436484077346, 44.18482514993884]","[0.004242963002511167, 0.006762444917372548, 44.18483051474735]","[0.004249890842660005, 0.006723770390190692, 44.184830020494644]","[0.004101309879443095, 0.0067180940417628, 44.18482051011591]","[0.004018727539511211, 0.006755418856112941, 44.18482152241068]","[0.004028074185238925, 0.0067582453383785435, 44.18482070714268]","[0.00388878429715018, 0.006620569393691512, 44.18481345349715]","[0.0037327200637324296, 0.006431977383692565, 44.1848286654276]"
13,13,13,0.0410765715464666,0.0227990006581243,0.0230053365362368,0.0110112208877117,42.801132947288174,"[0.0033837931797289643, 0.0022863804435690844, 42.801123413415986]","[0.0035848059497797548, 0.002288027174140735, 42.801132334906235]","[0.0036897597637815176, 0.002291362376381344, 42.801142430161065]","[0.003917616386518862, 0.0022907620349308325, 42.80114504486471]","[0.004119356853975782, 0.0022838397865474996, 42.801135378244275]","[0.004166222106018413, 0.0023010020507394898, 42.80112250416779]","[0.004370417173252717, 0.002345995248799232, 42.80113683589772]","[0.0047473055366021215, 0.0024064866804126995, 42.801144193881626]","[0.004859630738673034, 0.0024453348544978336, 42.80112889892383]"
14,14,14,0.0333747143253663,0.024591017053198,0.0321239289165571,0.0179314653509803,42.19254057958102,"[0.007181590647522942, 0.0031184611034680457, 42.192317645869856]","[0.006929716873423882, 0.003148806112150944, 42.1922866639351]","[0.006771007234555731, 0.003291245211904004, 42.19220408939607]","[0.006581016588650959, 0.0035757837841455054, 42.192032114745906]","[0.00617519402560386, 0.0037261418707650986, 42.19190697804064]","[0.006356743173788763, 0.0037733272415820546, 42.19212350933597]","[0.007789934914317243, 0.0039267716451917255, 42.19270762375728]","[0.00921436273122939, 0.00433029096148893, 42.1934003181829]","[0.00899801485631652, 0.0044548122756577, 42.19356914321947]"
15,15,15,0.0972765924732606,0.3582466670781302,0.0173152007440387,0.1389033476787928,42.80385122884653,"[0.004073702858869078, 0.02632738752737619, 42.803870044657494]","[0.0038741053143197665, 0.026399880878676042, 42.803847534747156]","[0.0035259059166442477, 0.02634795379045289, 42.80391789342025]","[0.0031925758112299504, 0.02628275653997241, 42.80391423623304]","[0.0028016760616742333, 0.026335496867934335, 42.803818847162184]","[0.0024614867277088395, 0.02644983712718808, 42.80372780286473]","[0.0024426319811080488, 0.026481523556652564, 42.80374169955277]","[0.0028025547039789785, 0.026428394269686448, 42.80384420760476]","[0.0032904528199121865, 0.026372475680618637, 42.80391475933476]"
16,16,16,0.0700316092812348,0.0386172808241252,0.033864918650781,0.0306932989176508,44.08007103831169,"[0.006366682711498442, 0.00618819850913635, 44.080048575547934]","[0.006175642989214428, 0.0062292580823527675, 44.08006433768803]","[0.006134364145304648, 0.006159614848754853, 44.08007902064068]","[0.006042757729697524, 0.006038667076059935, 44.08008447037774]","[0.005898079895077805, 0.005954052164478343, 44.080079153265615]","[0.005873255294447279, 0.005928183742063897, 44.080079178151934]","[0.005762843299298199, 0.005903011040909887, 44.08008907761259]","[0.0054432044815838, 0.005782863489629612, 44.08008373757111]","[0.005270476269635345, 0.005618234457979193, 44.08005841972995]"
17,17,17,0.1268757253480454,0.0922377342928227,0.049738066082052,0.0273504277231478,45.98053098844576,"[0.008407196059032047, 0.004906393512770723, 45.9804622814717]","[0.00845370310148673, 0.004894434709399823, 45.98038029174507]","[0.008454768805153855, 0.004948218547101112, 45.980386589281316]","[0.008462897586083389, 0.00503465615189237, 45.98034885112465]","[0.008589263478707873, 0.0051206793726423765, 45.98026597512292]","[0.008606780569253463, 0.005225954862690134, 45.980349148884066]","[0.008554854952386514, 0.005400103859382589, 45.9807584433477]","[0.008699604862538844, 0.005687691669439412, 45.98104438498538]","[0.0088442155734016, 0.006013849052520058, 45.98078484710027]"
18,18,18,0.2301380950692813,0.3011043784277852,0.0323602806607013,0.0519276270001912,54.99835517435801,"[0.005698243008173796, 0.00968349124667592, 54.998573649041965]","[0.005734022716495555, 0.009722812044948648, 54.99853829759767]","[0.005717369124909105, 0.009716270831430856, 54.998359761325695]","[0.005695012300244981, 0.009724297684167129, 54.998257613284764]","[0.005597238607473887, 0.009776129961505333, 54.99818726509293]","[0.00550376335735234, 0.009846174805531802, 54.99827889338374]","[0.0054572890657738704, 0.009887049333135242, 54.99840978015039]","[0.005319704762622248, 0.009881117528521985, 54.99838379830605]","[0.00520403387591411, 0.0098450973590483, 54.99825466794138]"
19,19,19,0.0439124005241163,0.0331125160336558,0.0211212526216896,0.0297585046706428,43.09596525474679,"[0.004180638347240767, 0.005633684685079197, 43.09596856670325]","[0.00402328378301147, 0.00575042323474772, 43.09594087464112]","[0.003902873741736348, 0.005825347163752961, 43.0959693540528]","[0.0036852847065306496, 0.005862482432163059, 43.09597241264816]","[0.003603728517430743, 0.005900435480569266, 43.095955932035324]","[0.0036287211887846647, 0.0059336052608364885, 43.095961885953265]","[0.0034562640766442596, 0.005954478578411242, 43.0959680133004]","[0.0033066373193506625, 0.005940647161646859, 43.095957445238675]","[0.0034093431956421123, 0.005904676894125614, 43.09596146880691]"
20,20,20,0.0736688278262232,0.0255538356702425,0.0297949055750088,0.010449228888897,46.02577779831909,"[0.004803439362068704, 0.0014237997703584995, 46.02577132703083]","[0.004895757021990636, 0.0016319952138731625, 46.025775446099814]","[0.004951230263291214, 0.0018066758022197813, 46.02578467850169]","[0.0051001358731708685, 0.001927206786226144, 46.025786937872894]","[0.005185594925126546, 0.002017592579221809, 46.02577901731624]","[0.005199391495159057, 0.0021313607529959777, 46.02578319584582]","[0.005333900735214081, 0.002273300831763867, 46.02578760160867]","[0.0054556066889323435, 0.0024006038012691017, 46.025777925312056]","[0.005378134753683399, 0.002469577720305626, 46.0257668424477]"
21,21,21,0.1947836712701506,0.1970003849874436,0.0239416789844215,0.1586397825792924,39.407693680244265,"[0.009135497093824798, 0.03145794466557269, 39.41079359950396]","[0.006513404103264753, 0.03466984374861421, 39.40635061348692]","[0.011016732562444242, 0.03669728652170259, 39.4022794970747]","[0.023739026646302123, 0.042940362613631336, 39.40005750236329]","[0.009223904349209324, 0.03267809863234595, 39.40305131843872]","[0.007002442397398318, 0.03332976961983316, 39.411764106158316]","[0.007860187008833378, 0.03172371761724477, 39.4153903613709]","[0.008906398966547723, 0.030489226550951584, 39.40829894073053]","[0.009143554216100767, 0.030201989564877775, 39.40676409988456]"
22,22,22,0.08891604087755,0.0481412342531539,0.042798706780263,0.010226542038,44.80440128961467,"[0.007637756107728492, 0.0013710401775846224, 44.80440190478198]","[0.007574474036643023, 0.0014316311817247707, 44.80441409541659]","[0.007582794187497172, 0.0015608343695468782, 44.80439428966018]","[0.007579713148556735, 0.0017225969935629408, 44.804399048005756]","[0.00744806911206589, 0.001881835433226734, 44.80441563276519]","[0.007418167588124621, 0.0020617552504772385, 44.80439319648333]","[0.007478254039449935, 0.0022959124954083604, 44.804397834746354]","[0.0072943233339549255, 0.002560759667669512, 44.80440485555777]","[0.00703864793775365, 0.002796990539938796, 44.80439779496684]"
23,23,23,0.0631389244436388,0.0326279641945993,0.0590968225232219,0.0239052068777853,42.35050100540386,"[0.009631170827831834, 0.003595153120597247, 42.35382410541378]","[0.010695666485407826, 0.004136391456212206, 42.35278414590207]","[0.01132877685848284, 0.004477211982243858, 42.352984867853756]","[0.012486588285941024, 0.0044231288313025235, 42.35102838300307]","[0.012751680128579388, 0.004580473704110906, 42.35097923254386]","[0.011957526066686592, 0.00517684102516412, 42.35290331566105]","[0.012922850391742112, 0.005583873804312868, 42.35125610008747]","[0.01687483780108151, 0.005503402412202634, 42.34708267334575]","[0.020615982936378528, 0.005630139783065901, 42.34344378104164]"
24,24,24,0.1333413102637572,0.0613309334817277,0.1320861912678377,0.0231370564512582,39.406591778584,"[0.037210439880551116, 0.00442155281285188, 39.40660676293476]","[0.03749270272417566, 0.0038204980065028363, 39.40730945336885]","[0.04063499384152489, 0.003642014908747899, 39.41054472223861]","[0.04233479257560889, 0.004061695605901663, 39.41004812017575]","[0.039956028163225334, 0.004838841722352342, 39.40814073670792]","[0.03876295231063414, 0.005231879271334217, 39.40781517984797]","[0.03967538609678151, 0.005143423514269719, 39.403902866378104]","[0.04213699527663378, 0.004629646814113006, 39.400914453459]","[0.04164412671777097, 0.004438700925951931, 39.403815581537316]"
25,25,25,0.0943471748359808,0.024180386974635,0.0678458852380383,0.0185691423736122,43.58298527166304,"[0.011677197050554124, 0.0028798845923959896, 43.58220510378796]","[0.012071179305065807, 0.0031077591784617904, 43.58253052365838]","[0.012216057802379826, 0.0034646405529637605, 43.58262734556252]","[0.012313230109961357, 0.0037439573354593374, 43.582520100536335]","[0.012113917861925968, 0.0037663301775089355, 43.582229385232196]","[0.012285141530552915, 0.0037401020311380985, 43.582473804237644]","[0.013539277879029038, 0.003910447235553349, 43.583881338020106]","[0.014455112031142883, 0.004348122858026142, 43.584885662247814]","[0.013695115305925647, 0.004608312910980842, 43.5839984278705]"
26,26,26,0.5172095285545875,0.1241179547552114,0.1237000139350236,0.0540739784523898,68.0511522639698,"[0.015399424452361914, 0.008995214219982128, 68.48672834759138]","[0.014222283942584448, 0.008817993145918756, 68.42437676035979]","[0.016884446081273267, 0.01069130243768919, 68.2986312498808]","[0.017723328186240155, 0.010852307823206524, 67.95619228190947]","[0.022400552917091865, 0.01196054266911489, 67.7568301608675]","[0.02310516766521532, 0.010407516613365751, 67.91328686385555]","[0.027084124889861918, 0.009704237493144316, 68.19662144343273]","[0.027236816456616422, 0.008705812754073953, 67.81197128597339]","[0.02929311621020841, 0.009159440161996749, 67.51676222439099]"
27,27,27,0.042824345592222,0.0282885065923712,0.0193715639729135,0.0043840244471464,44.36310041921555,"[0.0028695152967245356, 0.0008591479911064875, 44.36356880236021]","[0.003014184625173497, 0.0008488554356676467, 44.36338571778833]","[0.003063799475303332, 0.0008478349523679922, 44.363326243391796]","[0.003215148701098257, 0.0008609385114512189, 44.36331059153736]","[0.0033950906245939043, 0.0009026973440345956, 44.363322388363784]","[0.003438293272716971, 0.000987024861857325, 44.36340140994987]","[0.003560843440204468, 0.001102607938979116, 44.36314684162405]","[0.00382672172773958, 0.001218711742866196, 44.36246844387823]","[0.003927494198376087, 0.0013062056792833379, 44.362138942836836]"
28,28,28,0.2072911324808519,0.1273269574628527,0.1126241581713685,0.0506179188244612,45.96322104202815,"[0.01660610798213097, 0.010354894447665018, 45.990984286688985]","[0.017224467607660575, 0.010369820283968614, 45.99061909250982]","[0.018362714205942, 0.010069445275366877, 45.988684439606494]","[0.02034120442067767, 0.009532956098251357, 45.983635634494604]","[0.02147540625432357, 0.009091939838797015, 45.97366072427417]","[0.020771826857645097, 0.009236240928136442, 45.93958254872807]","[0.020403730056422504, 0.009910499080050286, 45.91324330848777]","[0.020312334693755332, 0.010889675312059062, 45.93248908683453]","[0.01666660158577173, 0.010678097985351773, 45.949519976154974]"
29,29,29,0.0293497623443755,0.0450428527121448,0.0123881183528659,0.0128550772831712,43.82515174263026,"[0.0025223297912337667, 0.0015821247395716956, 43.82515831102691]","[0.0024108114065843063, 0.0017743952559263576, 43.82515463760476]","[0.002329894107133083, 0.0020045866794330056, 43.82515031658109]","[0.002150397144132293, 0.0022294316934060054, 43.82515114267377]","[0.0020829272840173197, 0.0024401242478161744, 43.82514753868394]","[0.0020815792985130342, 0.0026627784792836707, 43.825148011341255]","[0.0019292399707237949, 0.0029052017596503284, 43.82515393623291]","[0.0018544427106208339, 0.003158757060498134, 43.825151760824184]","[0.0019893998208770753, 0.003381732255383816, 43.82514724034023]"
30,30,30,0.013581976060682,0.0375903029069865,0.0073863213538922,0.030539412785547,43.29950012050901,"[0.0008146365193854583, 0.005511838291565085, 43.299494151478996]","[0.0009319211733074842, 0.005686970281612647, 43.29950353449692]","[0.0010014296036652615, 0.005825935757470634, 43.29950519410936]","[0.0011980824505014253, 0.005920839309518124, 43.29949388983512]","[0.001346912817879205, 0.005999175754728278, 43.29950970961044]","[0.001385539411109294, 0.006094742012417882, 43.299501120053904]","[0.001562670363430416, 0.006190861792079664, 43.29949111603625]","[0.0017903950777294257, 0.0062486915201939225, 43.29951233161648]","[0.0018067710936643727, 0.006253145386120847, 43.29950110539741]"
31,31,31,0.1652702985949072,0.2158346283340899,0.0689969678094914,0.0577783810161816,47.734962945292914,"[0.013692806829665533, 0.009310123034780378, 47.73460654785163]","[0.013880095612181318, 0.009841075455587515, 47.737444807038514]","[0.013626152090537495, 0.010326838259556038, 47.73849551776165]","[0.013115473585589303, 0.010700389889145267, 47.736346207337775]","[0.012341866207904513, 0.01097608200321741, 47.731924946889805]","[0.01179041450975268, 0.01142314277150654, 47.728824777720035]","[0.011009340843040238, 0.011718161323215884, 47.732403469865574]","[0.009581162717627286, 0.011425733087192221, 47.73638363184659]","[0.008091144549189477, 0.01127404492654304, 47.73743636671957]"
32,32,32,0.0803078305592235,0.0198654944512133,0.0363682775666145,0.0089169665743476,45.249273526310574,"[0.006136501472677203, 0.001552770228569121, 45.24926435920747]","[0.006181627861068021, 0.0016292412470387458, 45.24926331847217]","[0.0062333016353243965, 0.0016948700294383183, 45.24928117711661]","[0.006340441721399178, 0.001755405847602936, 45.24926796886584]","[0.006325716283366944, 0.001802486328326472, 45.249284681474656]","[0.006317760444183915, 0.001853112062411708, 45.24927815388566]","[0.006465086248877033, 0.001885212079210707, 45.2492608523778]","[0.006481231841013777, 0.0018806772765105216, 45.24929187130299]","[0.006311638879503446, 0.001865713002167726, 45.2492755058038]"
33,33,33,0.0081611694483126,0.0206343608095114,0.0029185368347287,0.0110049798247789,45.577821014357006,"[0.00022778742792219485, 0.0017145425042440633, 45.57782211110897]","[0.0002990917939713426, 0.0018285096653064832, 45.577818856904685]","[0.00033615437207725607, 0.0019656426483228464, 45.5778215310173]","[0.0004605501323187615, 0.002058380383309661, 45.57782108141533]","[0.0005789230234839696, 0.0021401749590899, 45.577813792136354]","[0.0006339895604190491, 0.002323338312959575, 45.57781742384292]","[0.0007364909922400863, 0.002432970112649034, 45.57782317671906]","[0.000881327834743947, 0.002415370435762547, 45.577810332471]","[0.0009279638757979751, 0.0024291965139225063, 45.57782371583027]"
34,34,34,0.1663008380295508,0.2211109112848494,0.0614468537768122,0.0804798206269541,45.42435362123425,"[0.010675279266325345, 0.015251132489756895, 45.42969126948838]","[0.010505031488628344, 0.01497122985739513, 45.432646210033276]","[0.010274527784928851, 0.014924048117608873, 45.43357141864404]","[0.010123482412606556, 0.015007665872973638, 45.42939754656653]","[0.010163478337625079, 0.015156798486206092, 45.43286213846777]","[0.010951907627286856, 0.0153955917619602, 45.43157349063651]","[0.011339153136500805, 0.015767600026385643, 45.417605288994515]","[0.010351191015121216, 0.016112196211396018, 45.4057314386671]","[0.010761689370498416, 0.016583949455263227, 45.40801600619458]"
35,35,35,0.0088962465872341,0.1794945083515109,0.0077193629320549,0.133160655965448,38.93897138465444,"[0.0028340359782528593, 0.029900001721730518, 38.939292548034835]","[0.002822023625890795, 0.02957150499042664, 38.9390540999517]","[0.002674492691325538, 0.02936124180894205, 38.93871060507404]","[0.0025798805248322416, 0.028216178226666905, 38.93873474866135]","[0.0027490706764405942, 0.029051160992335685, 38.93900371703217]","[0.002893721554584599, 0.02881777555427386, 38.939060188486316]","[0.003273031239904539, 0.028571297889548142, 38.93883842523422]","[0.003939721120151467, 0.02740425347317295, 38.93904577356599]","[0.004760612963238445, 0.027128638757854182, 38.939008729347535]"
36,36,36,0.0560117221493838,0.0341889134979267,0.0245523336749746,0.0149236380503994,44.33509619880161,"[0.0047063052770059954, 0.0020882815252365452, 44.33511078026438]","[0.00457548941038533, 0.0023203841504491236, 44.33514513295988]","[0.004487767385916092, 0.00253733639252905, 44.33511452981914]","[0.004303663945741805, 0.002720714731208612, 44.33513354467799]","[0.004192826481747575, 0.002889527421893411, 44.3351344241395]","[0.00418587425499146, 0.003077772699156432, 44.335096977824286]","[0.004016935926716234, 0.0032734705780667933, 44.33506831336086]","[0.003865293358242743, 0.0034483528500900596, 44.3350085662802]","[0.003922132465397773, 0.0035853071721608783, 44.335053872902165]"
37,37,37,0.1372907976072551,0.4440295700617785,0.0120334069261337,0.1131743286862248,45.84624561735869,"[0.0026565471019866518, 0.02134192617239169, 45.84624341797186]","[0.0024875040486543806, 0.021374960662876568, 45.84624701587275]","[0.0023055596118786376, 0.021310931451934318, 45.84624851603947]","[0.0021950902690512503, 0.02128026256973823, 45.84624447026682]","[0.00202656098971162, 0.021349188391747063, 45.84623344539314]","[0.0018105634476554553, 0.021416204401066195, 45.84624371786288]","[0.001707824564828239, 0.021407418819465663, 45.846255182429]","[0.0017250541937919518, 0.02139713302725892, 45.84625197718892]","[0.0018521070970395424, 0.021418007490363315, 45.84624378788443]"
38,38,38,0.0141391128311112,0.0224807549255984,0.009035647244025,0.0120027670461175,42.95447101655044,"[0.002123951818583441, 0.0021199705288669486, 42.954487311988586]","[0.001949723306545577, 0.0022140987525232207, 42.954491622081854]","[0.0019019961898079144, 0.0022922128955296, 42.954446568710644]","[0.0017914073519106743, 0.0023647588457264587, 42.95448529894563]","[0.001590137085548664, 0.0024487456182572735, 42.95448912798239]","[0.0015343440433843553, 0.002555868639136563, 42.95444391175297]","[0.0015247747050160462, 0.0026619137112622107, 42.95448611183589]","[0.001303777541914665, 0.002744486425909921, 42.95448576631153]","[0.001047944518517007, 0.002808622592383184, 42.95444603156135]"
39,39,39,0.0691076791000905,0.0399707353225943,0.0325528796582936,0.0312451819132337,44.158921071787546,"[0.0051525204922524, 0.005737681740606957, 44.15893340578433]","[0.00526845773025042, 0.00592250810211315, 44.15896881731352]","[0.0053059970810460065, 0.006048732451072422, 44.15893968893391]","[0.00550420551852955, 0.006094326040796783, 44.158986738461145]","[0.0057103547848502655, 0.00608761782932806, 44.15898472673631]","[0.005772834636418909, 0.006107157022328992, 44.158893724535496]","[0.0059449368301189515, 0.006160556985344618, 44.158874720804114]","[0.006183869708398939, 0.00621598971571534, 44.15893484536063]","[0.006155249088003931, 0.006224052966100761, 44.15887352437456]"
40,40,40,0.0949445007345139,0.2027479599036659,0.0317573754455243,0.0658220115405535,45.59040202173416,"[0.005183315471780269, 0.012313845660966546, 45.59036748818806]","[0.005169910248171344, 0.012314169457826655, 45.59036959212659]","[0.005120882352550003, 0.012392234129920389, 45.59037070820029]","[0.005245265890699587, 0.012489102210174803, 45.590385867923835]","[0.005428040350131929, 0.012506384556854594, 45.5903714673673]","[0.0055325794603112936, 0.012478446382627878, 45.590360310866515]","[0.005717814903753567, 0.012521334100426627, 45.59047752246533]","[0.005987905697036636, 0.01261626596547755, 45.59054932710252]","[0.006012459023785653, 0.012738577503215723, 45.590424123503745]"
41,41,41,0.0733250704396767,0.0382067719292719,0.0436606128843926,0.0027558733965734,42.8755031393506,"[0.006980688436033772, 0.001061788584295458, 42.87551280223232]","[0.007225545580526666, 0.00075939123842192, 42.87542308254762]","[0.0073848474948496655, 0.0004503781808579351, 42.875559557955235]","[0.007654518306776618, 0.00018615558558849075, 42.8756066883438]","[0.007822572547083424, 0.00020193118722477158, 42.87545774225591]","[0.007850626069197349, 0.0004752846183507077, 42.875466133766224]","[0.008147610842074816, 0.0007947324079290816, 42.87557001592395]","[0.008614566159930255, 0.0011014366112099537, 42.87555934618806]","[0.008683284199532314, 0.0013843856953303897, 42.87541174147306]"
42,42,42,0.5869415975276653,0.4056399404094131,0.0197409373126414,0.0232446416918197,89.9782720104449,"[0.003568269098976306, 0.00427830112492531, 89.97996178727242]","[0.0035455470215591586, 0.004306962733169174, 89.9803277234181]","[0.0034875315169739917, 0.004329115268945122, 89.98007600049765]","[0.0034690445245270114, 0.004376972140620979, 89.97799616374236]","[0.0034103298971871233, 0.004404493287405755, 89.97587298938598]","[0.00332161416387924, 0.004403243828569996, 89.97516322426227]","[0.003228445122856392, 0.004417210196797447, 89.9757137053765]","[0.0031176999497665118, 0.004437443614758077, 89.97747272707502]","[0.00303759362460739, 0.004417818180893689, 89.97974970171656]"
43,43,43,0.1768213576139862,0.3937495693408491,0.1094516214403624,0.1727473842808145,42.32950414137912,"[0.02758494998091799, 0.032909092546321, 42.31147072191196]","[0.02292686167864477, 0.03301620248216955, 42.37168261658585]","[0.01726635533944349, 0.032651850100373137, 42.41436689089169]","[0.015990977895618486, 0.03254304131011271, 42.41702125421047]","[0.019257842128794365, 0.03305920633136856, 42.407699594556554]","[0.026276502048775206, 0.03383072975762795, 42.320738744810846]","[0.02266509278056835, 0.03287378076576947, 42.26554494572652]","[0.0055707006210573475, 0.03252212684514802, 42.28281154238182]","[0.025285076377353752, 0.03407897453684036, 42.248514402215676]"
44,44,44,0.0707264530083321,0.0378116139058661,0.0338495910249699,0.0066762792208647,44.24272988537963,"[0.005306086445012445, 0.0021485187281662247, 44.24320914039554]","[0.005477353371250454, 0.001924324424328611, 44.242402467042275]","[0.005534233447816971, 0.0016884614205822115, 44.2421165598675]","[0.0057384930267076195, 0.0014802800052426384, 44.24185826521671]","[0.005955437539211256, 0.0012787503853037366, 44.24204848704158]","[0.005965948795432164, 0.0010566497113621272, 44.24342286090884]","[0.006139482799225089, 0.0008120432608547892, 44.24339173390782]","[0.006485988235902313, 0.0005758870989329679, 44.24237017888454]","[0.006536989820527591, 0.00039058606642038086, 44.24288194909134]"
45,45,45,0.0751898970436302,0.0378122918351974,0.0443663770357897,0.0023897651904204,43.42248270370067,"[0.007820007537457997, 0.001103428194812192, 43.42252685222043]","[0.0078370417935585, 0.0008414908214441926, 43.42249098722225]","[0.007881202136546554, 0.0005595933669880352, 43.42248001934959]","[0.007953253172048407, 0.00027253348772972606, 43.4224918789163]","[0.00786206558882695, 0.0001130026302477988, 43.42248101065946]","[0.007875581751409969, 0.0002897276673650104, 43.42243550001095]","[0.00812332403975651, 0.0005785273045782492, 43.4224509931509]","[0.008102852221390403, 0.000879126663720537, 43.4225542281005]","[0.007790215334924887, 0.0011642749908632774, 43.42247528674398]"
46,46,46,0.0102169572049965,0.0365344834918124,0.0030008422828024,0.0102896096434514,42.44858764458524,"[0.0008472218741065554, 0.003139811415491412, 42.44859143348417]","[0.0007023063488757215, 0.002862188873274273, 42.44858148269799]","[0.000603765829436415, 0.0025777172334736343, 42.448577418295535]","[0.0004250048540927831, 0.0023000418584420913, 42.44858913992002]","[0.0004298356866962291, 0.0020297253447371794, 42.44858903824851]","[0.0004581044874406446, 0.0017523365034256143, 42.448581888300325]","[0.00043078482143168995, 0.0014582345173173867, 42.44858362475413]","[0.0006796389415018569, 0.0011527531514402454, 42.44858814786958]","[0.0009051926522030498, 0.0008485923951176608, 42.44859869821886]"
47,47,47,0.0262643382279838,0.0430330460228626,0.0139817637334124,0.0123330706666123,42.93802030187,"[0.0018285287668700777, 0.0013286971752840056, 42.93799508791139]","[0.0020160562070422206, 0.0015620445642177466, 42.938009054286674]","[0.0021087521361335673, 0.0018270044328469223, 42.93803531552735]","[0.002318266511111461, 0.002091847107216509, 42.93805458584911]","[0.0025084392054863405, 0.0023514105608447434, 42.93804507072459]","[0.002546038131981547, 0.0026164365754031216, 42.93802020360035]","[0.0027115855703474406, 0.0029090272767105844, 42.93799788201994]","[0.0030522283217591876, 0.0032053742876055804, 42.93800057172388]","[0.0031818442384091723, 0.003459800023623914, 42.93803122936119]"
48,48,48,0.0446983493806877,0.0406877755907074,0.0218512971403634,0.0033715756872315,44.24838843946033,"[0.004283147589601771, 0.0009643138833088931, 44.24838971485343]","[0.004128574778504939, 0.0007201936413094237, 44.24841122559422]","[0.004085268626363914, 0.0005279737648567939, 44.24840812800441]","[0.0039629622931994166, 0.0004427323941154778, 44.24840183786391]","[0.003779170526555762, 0.00046153534857037667, 44.248388035052734]","[0.0037326609547198623, 0.0005715313371708408, 44.248360910362855]","[0.003656426442506176, 0.0007631719659840181, 44.248378046286355]","[0.0033951539226206575, 0.0010041130781343428, 44.24839498015591]","[0.0032242489984495018, 0.0012425518800149302, 44.24837885678708]"
49,49,49,0.0573056613363167,0.0510120256386331,0.0287500408892798,0.0374448490030894,43.97506356744493,"[0.004972152171363115, 0.007199430694269777, 43.975071106903286]","[0.00502489222899269, 0.007237439011698142, 43.97506225641152]","[0.005076108221316544, 0.0072533583061890755, 43.975064259601]","[0.005112741289249294, 0.007278766197120918, 43.97504897868965]","[0.0050042297308674835, 0.007308846359995961, 43.97503925140858]","[0.004955293738714602, 0.007356290306471451, 43.975052609952215]","[0.00510869110201103, 0.007350913826323849, 43.97508053551597]","[0.005155920714508173, 0.007188289869790802, 43.975089496068364]","[0.005023191648497414, 0.006994078798419866, 43.975059817757156]"
50,50,50,0.0290114983757753,0.0226402948673519,0.0133481248540787,0.0130967729078554,44.70048739755362,"[0.002724769397641909, 0.0029839415991339737, 44.70048566670094]","[0.002587371134905756, 0.0029214162695165653, 44.70048325580245]","[0.002556205161999575, 0.0028071348203678446, 44.70048932893306]","[0.002455213489393792, 0.0026778019977868927, 44.700490608835494]","[0.0022911507998733746, 0.0025692485804400594, 44.700489375737746]","[0.0022509810058403278, 0.0024671878281250508, 44.70048632978471]","[0.0021828408921421545, 0.002332829812143257, 44.70048427758351]","[0.0019498946414613471, 0.002151477252000704, 44.70048670468593]","[0.001812417750845658, 0.0019524904351448452, 44.70048727686024]"
51,51,51,0.1192640821104948,0.0448472575446425,0.0584128614305221,0.0068774098390003,45.092770251482136,"[0.009381211795086646, 0.0009381200750079652, 45.09311708393468]","[0.009641176492168781, 0.0008691829507797538, 45.092938109262015]","[0.009815181923633034, 0.0009072752770712018, 45.09285550565133]","[0.010074500239420026, 0.00102298413007268, 45.09286177406527]","[0.010184917615571219, 0.0011989565150505176, 45.09290733826904]","[0.01019200383523007, 0.0014136231409752548, 45.092865723741006]","[0.010570968461274302, 0.001675903185341046, 45.09259176820031]","[0.011086781450627732, 0.0019130683004458594, 45.092269040388956]","[0.010991729820696568, 0.0020922255377123404, 45.092375756781024]"
52,52,52,0.1336226034842474,0.3801590471845227,0.0375844169574486,0.1299929840249439,43.75766474209175,"[0.009804266316656061, 0.024126788301893534, 43.754428607174255]","[0.009134277947725467, 0.02421877916842463, 43.75455587125711]","[0.007644742457182023, 0.02440775665526567, 43.757422601339975]","[0.006276908485348533, 0.024678729881994793, 43.76090562662082]","[0.005274007821511553, 0.024801712193048726, 43.7620343365875]","[0.005055217940587898, 0.024751406748039443, 43.76232659298543]","[0.006078155000138977, 0.02471776440857829, 43.76065152450738]","[0.008031938879338195, 0.024732186293436494, 43.757145169758964]","[0.009471294213784932, 0.024611069591271382, 43.75379973999043]"
53,53,53,0.0416053748539898,0.0580596171608462,0.0205329397482613,0.0488162836462331,42.27233454983762,"[0.008721018195657581, 0.008706522931213012, 42.27072451611443]","[0.00921822701987608, 0.009272507018809854, 42.26397966229674]","[0.006497046245437238, 0.009882236828813082, 42.27047172570665]","[0.004218705870580214, 0.010016580281107548, 42.272146241244094]","[0.005481975977390279, 0.009082195798498475, 42.27211927589818]","[0.006131726555532528, 0.00917308593362865, 42.27050135286152]","[0.006973735267757451, 0.01006608864375365, 42.27476263685623]","[0.00758851392501021, 0.010106644457952563, 42.27257384050585]","[0.006158586666684913, 0.010056306626702103, 42.273586824550456]"
54,54,54,0.0945997755307595,0.0209505301022128,0.0442172616545919,0.0142134754674757,44.20472758356976,"[0.007541243765037633, 0.002286082208386619, 44.20471346665785]","[0.007593384336347809, 0.002432532902878189, 44.20472254586672]","[0.007576854249410122, 0.002569053223464759, 44.204730266480674]","[0.007558180783212106, 0.0027033000803001325, 44.204726017376395]","[0.0076741215662530764, 0.0028583809031835, 44.20471111931745]","[0.0076974003242475195, 0.002977899999388335, 44.20470576323334]","[0.007659516936464902, 0.0030728775029936193, 44.20474894398227]","[0.007885312192220295, 0.0031559519728162817, 44.20472975400197]","[0.008165168822958329, 0.0031920140253933736, 44.20472948851045]"
55,55,55,0.0854572396580217,0.0268848465497066,0.0335270362120283,0.004192278632754,45.58012443978762,"[0.005671047926618566, 0.0008456437131623875, 45.58011768102737]","[0.005708706487180985, 0.0008376509759364727, 45.58011462109476]","[0.005681510770393484, 0.000824745905497691, 45.58011786147458]","[0.005658008652945546, 0.0008214989117984173, 45.58012660838432]","[0.005759540859375912, 0.0008578114406675952, 45.580128486758184]","[0.0058026201242287025, 0.0009187845619127559, 45.580121277928235]","[0.005780208507420843, 0.0009902883374133375, 45.5801251050169]","[0.005947654667789486, 0.0010525313049939329, 45.580114188282515]","[0.006130851019793221, 0.001086990668111692, 45.58013040677796]"
56,56,56,0.2942252821649978,0.1948325028972159,0.0133551416935819,0.0619961718284326,50.34866753538356,"[0.002842448957707743, 0.011867153097049414, 50.347497000355176]","[0.002774054531630321, 0.011834324686061725, 50.3475663860546]","[0.0025776930000287646, 0.011725865002425145, 50.34916769530995]","[0.0024300727897165783, 0.011651500760891807, 50.350561434906254]","[0.0024148316985349904, 0.011720266143315826, 50.34854663694398]","[0.002272210921317756, 0.0118315921224735, 50.34913615235127]","[0.0018782487050540454, 0.011744979512200642, 50.350628684646175]","[0.0016766183337795812, 0.01176146674088001, 50.34850759812868]","[0.0017605047753640446, 0.011634624183632399, 50.34751917189095]"
57,57,57,0.2562331776833105,0.0278796397435054,0.1223777353964324,0.0169117689469357,50.91030487574462,"[0.01871750861888535, 0.002540999864826336, 50.959501569643294]","[0.019559177864389262, 0.0030066245037555905, 50.958540027208]","[0.019894654647958594, 0.003362168796477502, 50.957889086117106]","[0.020194868355087665, 0.00352028127935403, 50.95644532470907]","[0.01999329941572615, 0.0033525267034273565, 50.956743359263875]","[0.020731981636354858, 0.003119624926461211, 50.95203098367667]","[0.025527140268830437, 0.003105428791885107, 50.88400612420322]","[0.026624968123222636, 0.003496388278420696, 50.818065716646004]","[0.022373855126661468, 0.0038772819423580182, 50.793458016251314]"
58,58,58,0.3509187551107597,0.0501464726680738,0.1854623458818,0.0147692147720485,52.83192742845158,"[0.015462194790815575, 0.001344812842908574, 53.52533956605935]","[0.035387511634013935, 0.0023817151240175046, 53.466252637912795]","[0.041313912907639125, 0.0025703256103752595, 53.418110215341656]","[0.035293221222052557, 0.002230853535125382, 53.3414984853698]","[0.047001331171110605, 0.0026391053127758014, 52.776816141560225]","[0.026808415249909723, 0.0029546985071572758, 52.321097653644706]","[0.029844030157762106, 0.004311571332180879, 52.29611102426317]","[0.015421828925783239, 0.0032075073690687335, 52.22247597412098]","[0.03046202628363615, 0.0052357786840567635, 52.143586767295545]"
59,59,59,0.0911264966326305,0.3684289955714577,0.0350345670044703,0.1688616950529532,40.5798583228277,"[0.0039790893935076005, 0.03236820254181677, 40.5791212551036]","[0.004446953663608662, 0.03229880956663404, 40.57915756491953]","[0.00514812564734377, 0.03236965216306052, 40.579605816928236]","[0.0061181096981237125, 0.03252210779435204, 40.58021401142955]","[0.006951447778245187, 0.03256976191609212, 40.58067089574611]","[0.006898534997183978, 0.03248555188947367, 40.580587937309105]","[0.006477716543706174, 0.03249463805058306, 40.58035669387051]","[0.0056995256000123805, 0.032604555228809846, 40.580037195774686]","[0.004424931750847448, 0.03274626697941551, 40.57953437570323]"
60,60,60,0.0679045674743214,0.0274101334035912,0.0339719516135988,0.0257983090977284,43.300221638493454,"[0.005536106722390229, 0.004790530851105951, 43.300246985383815]","[0.005671224019318075, 0.0049057304951347904, 43.300227124247364]","[0.005710896651689659, 0.0049811519852146, 43.3002465225154]","[0.005795111658869097, 0.005031540386295699, 43.300240596406496]","[0.0059666931257283855, 0.005109653287710081, 43.30021400258649]","[0.005978569301318898, 0.0051975673683779975, 43.30022636135142]","[0.005989185181328071, 0.005273727553766492, 43.30021749519247]","[0.006291534957677612, 0.005335356862912148, 43.30018991359086]","[0.006589380727940235, 0.005307170262816164, 43.300185804558375]"
61,61,61,0.0846890500092256,0.4511005870909538,0.0243653128127075,0.2315457035054842,37.86310179437575,"[0.0040575480403426175, 0.04477885559901215, 37.8607340456977]","[0.0030041835241426313, 0.04466477482943373, 37.860376401435175]","[0.0021822829171344194, 0.044631115383079005, 37.86105069946872]","[0.0028003995581623235, 0.04482577419352674, 37.86191655628955]","[0.004274553530776597, 0.04502078010253217, 37.86283335135525]","[0.005379419197286683, 0.04499074247310691, 37.86382771910596]","[0.006337979033493691, 0.04502285132770432, 37.864818401961216]","[0.006941376777867842, 0.0451585680756295, 37.86543770722002]","[0.006020882667124015, 0.04512884674436671, 37.86607508794761]"
62,62,62,0.0588337869303062,0.0287446570800645,0.0326598379356316,0.0212087975074115,43.75349489250098,"[0.006052427585886741, 0.003430849828463847, 43.75355877176288]","[0.00599739767654087, 0.00362337037541286, 43.7535175092413]","[0.005978472705795794, 0.0038392384097572147, 43.753400770448486]","[0.005904751701290071, 0.004045395627386999, 43.75337660366878]","[0.0056965857577459976, 0.00421245352953865, 43.75346760395216]","[0.005687723318124188, 0.00437034640880821, 43.75356222488321]","[0.005875091068349228, 0.004479607250345502, 43.753564881066545]","[0.005733473657638058, 0.004549021408209299, 43.75350536093931]","[0.0053911887616383694, 0.00462570585843387, 43.75348450708627]"
63,63,63,0.1298414670074033,0.5354914822462599,0.018923586214537,0.1615122997454813,41.56136640579553,"[0.003562319965314917, 0.030495040129789302, 41.56105782489115]","[0.0033081848209329553, 0.030544915794450466, 41.560888197305424]","[0.003227800944301317, 0.03051564699228805, 41.56154410458893]","[0.0033259677443654174, 0.030455816723830877, 41.56147284431246]","[0.0033174540804900197, 0.03048040818294222, 41.56091917571421]","[0.003129122444746141, 0.030593980000757432, 41.56168371777686]","[0.0031376519228166924, 0.030625563817286854, 41.56164640213225]","[0.003320177526255574, 0.03058790004622102, 41.561288764991886]","[0.0031410901880604704, 0.030599050632344155, 41.56166199798542]"
64,64,64,0.0407405693241778,0.0630049070254383,0.0246935630100406,0.0197266585616909,42.45628752844485,"[0.003626321129320523, 0.0033346408178323577, 42.45635599811118]","[0.0038904327552024254, 0.0033387908208703763, 42.45634575221609]","[0.004062324125584319, 0.003422789338630422, 42.45633778076874]","[0.004341961637336725, 0.0035589654439631487, 42.456315433229186]","[0.004513134314380206, 0.00371455720809997, 42.45631141311883]","[0.00453764672633324, 0.0038824712688977883, 42.45630162733111]","[0.004864045636399672, 0.004095229638875719, 42.45626576591751]","[0.005474491004961605, 0.004326944138103712, 42.45622572781888]","[0.005578722629017987, 0.004629181352813011, 42.45616072955872]"
65,65,65,0.1184422105475229,0.1492779232720063,0.0557602008643602,0.0932697922037254,42.95704636162364,"[0.00899638107383283, 0.01780545391179186, 42.95690387468251]","[0.008671972739121165, 0.01819347535065153, 42.956905978104594]","[0.008520486509605525, 0.018375351661417114, 42.9569246271303]","[0.009035465168089977, 0.018301303642254033, 42.95693681830834]","[0.009925343445965911, 0.018075974467791182, 42.95694806295048]","[0.010443265398669748, 0.017948199180624708, 42.95700566002179]","[0.010728287153985886, 0.018078051398051607, 42.95713431600181]","[0.010563169672132191, 0.01841891684226351, 42.95729018007404]","[0.009735759473656432, 0.018655965738525234, 42.95731971253044]"
66,66,66,0.0662629973250092,0.1160401131268353,0.031526540201846,0.0401201804705189,44.2454125261445,"[0.005269034824850934, 0.007474842156869768, 44.24560785426024]","[0.00532430512805579, 0.007408622634163098, 44.24613262044013]","[0.005364355245395559, 0.007448262936338115, 44.24609687774122]","[0.005510365391088179, 0.007542995830302729, 44.24562339153016]","[0.005533061127373714, 0.007623986757243433, 44.2454493792539]","[0.005439858612386866, 0.007690180887511246, 44.245445553020126]","[0.0056399293352269045, 0.007819982048422141, 44.24517081972647]","[0.005805440072198646, 0.007920547244895233, 44.24487652197243]","[0.005809277864573683, 0.00803069019243893, 44.24473608893217]"
67,67,67,0.1135557887975267,0.035412742637987,0.0475567551925577,0.0259366593513309,45.6760559742415,"[0.0077226742710392055, 0.004623746822844336, 45.676038698829245]","[0.007838001087132557, 0.00484870557328049, 45.67605175812759]","[0.007889701447992696, 0.004995785279988896, 45.6760474687492]","[0.008066649429089218, 0.005037574733946964, 45.67602781305509]","[0.008254992384479859, 0.005007400909487855, 45.67606317495388]","[0.00831786390382679, 0.00501057106729893, 45.67603539717839]","[0.0085106698221121, 0.005074579173724401, 45.67607275516071]","[0.008716612574004625, 0.005164755704270227, 45.676057052509655]","[0.008632314905254212, 0.005218126793187157, 45.67605952171246]"
68,68,68,0.055242732311834,0.0274155238747279,0.0298977916430666,0.0239648083288357,42.865695975207935,"[0.004604085273573629, 0.004123388888719865, 42.865663694173435]","[0.004804087238911812, 0.004337565545068177, 42.86554837009675]","[0.004901521076658113, 0.004509199948230561, 42.86570992007357]","[0.0051169039602844465, 0.004633063892509032, 42.865831426996685]","[0.00533689126181927, 0.004757240877619374, 42.865666837103625]","[0.005358795792556788, 0.004911707404681763, 42.86553057066681]","[0.005489453676531642, 0.005097708599050585, 42.86567397788939]","[0.005871277862369389, 0.0052828657794601955, 42.86583491719133]","[0.00607494810418361, 0.005351345029587276, 42.86576768888678]"
69,69,69,0.1246664022771982,0.1083186605333803,0.0483104861478595,0.0583108656928543,45.27770509013422,"[0.007826491379465809, 0.01103373891131599, 45.27773103383853]","[0.007787791163672834, 0.011254663381548166, 45.27767124853973]","[0.0077161419301878505, 0.011364892871316444, 45.277630321485645]","[0.007896111319627754, 0.01134919988394284, 45.277689730943386]","[0.008278674579794355, 0.011229504102477236, 45.277697923122766]","[0.008565156593518385, 0.011109028963789538, 45.27777077666104]","[0.0088728857909589, 0.011031154967768882, 45.27762707632307]","[0.009161387778410121, 0.010967533095001598, 45.277749326406536]","[0.009009382539558214, 0.010964513353139648, 45.27783913688996]"
70,70,70,0.0214476828849105,0.0391874364497406,0.0094045337675585,0.0030706573286671,42.79784928822759,"[0.002030061848428395, 0.00109738120000479, 42.79781652931648]","[0.0019040440983270166, 0.0008011893989987441, 42.797795065643996]","[0.0018080333984666866, 0.000525765485696237, 42.79783611377377]","[0.0016214889074081462, 0.0003277928127212156, 42.79789217990441]","[0.0015763053397253265, 0.0003060733242939411, 42.79792371833038]","[0.0015786995723407868, 0.00047820717717043503, 42.79791877327207]","[0.0014019480625123172, 0.0007402592622964845, 42.797863370681746]","[0.001367609766698616, 0.00103445185114935, 42.79779498958228]","[0.0015677381344045916, 0.0013234426090494452, 42.79780507345314]"
71,71,71,0.0779369247391946,0.0273785318093289,0.0359229413128114,0.016336172450025,44.04467102392291,"[0.006560725375288051, 0.0024495853055952702, 44.04442761373306]","[0.006460215154292872, 0.0026908329178654444, 44.044688132847845]","[0.006364589101298224, 0.0029035087388762175, 44.044671437769765]","[0.0061990289188879385, 0.00307608136688138, 44.044519847932186]","[0.006194334338342011, 0.0032265807369548337, 44.044239883787945]","[0.006220360646286613, 0.0033633580418975743, 44.04430081276895]","[0.006051240977924069, 0.0035158744624140324, 44.04489599155237]","[0.006002529704797217, 0.003668656313775565, 44.04538214484941]","[0.0061721729569878805, 0.0038038906367329002, 44.045121782326]"
72,72,72,0.0353899214647872,0.0514227102801052,0.0354673993100343,0.0438627219609133,42.215974257809606,"[0.008083310336745095, 0.00916624168145573, 42.21351060710027]","[0.007929563416233111, 0.008957970723916383, 42.213454526025366]","[0.008200140176086088, 0.00845687807404224, 42.21431200971006]","[0.007778277438547031, 0.008731873155618672, 42.2136412680785]","[0.0068693740136016234, 0.008983230541350508, 42.21190145785635]","[0.007134796528116804, 0.008719466857948494, 42.21346672120261]","[0.00994801607894015, 0.008318242204083002, 42.21664055629811]","[0.014276502584940431, 0.008880260654487845, 42.22059749598924]","[0.017640119036985657, 0.009169954773117777, 42.22349019291677]"
73,73,73,0.020906114543421,0.0208081728035059,0.0129897112810219,0.0109412037163067,43.4348103699852,"[0.002437120477828542, 0.002142568160745399, 43.43481196497852]","[0.002366885418359146, 0.002177833962298594, 43.43481316572275]","[0.0023899711018635895, 0.0021909283865064067, 43.434810806614955]","[0.002420666681667786, 0.0022017857402869038, 43.434806713798764]","[0.002315393046980726, 0.002226631703249869, 43.43480880968786]","[0.002281332951753356, 0.002273872973471412, 43.43481200173587]","[0.0023931782328982347, 0.002314291209084286, 43.434814294530206]","[0.002341167306380391, 0.0023234149819290136, 43.434814650214086]","[0.002135923968918559, 0.0023168497521954753, 43.4348054119259]"
74,74,74,0.0086208051980493,0.0212995721194473,0.0053955639609977,0.0211997109140417,42.64160208636039,"[0.001580633925025793, 0.004430697316103419, 42.641856863308334]","[0.001355546984674047, 0.004407272249124328, 42.64158470680447]","[0.0012854708644103928, 0.00437193933321911, 42.64165735036193]","[0.0011325688336270734, 0.0043105005898449724, 42.64150274238453]","[0.0009775102238128996, 0.004251021761461031, 42.64132848502876]","[0.0008495164156915562, 0.004242831501273512, 42.64160965221445]","[0.0008664278462049867, 0.004234835670593947, 42.641859021391106]","[0.0005922606232971035, 0.0041226362282315914, 42.64159798274946]","[0.00037704784807430434, 0.003987654252248152, 42.641308635174546]"
75,75,75,0.518720222110903,0.3537937285882223,0.0257469247488898,0.0287098296049167,78.00306380622139,"[0.004636130802325674, 0.005479049867935508, 78.00263575632646]","[0.004557227434398081, 0.005444650905765716, 78.00284157655507]","[0.004518873631970763, 0.00545917425061081, 78.00284855084004]","[0.004453868678350842, 0.005455045948695035, 78.00274091199786]","[0.004371848752139611, 0.005411608025970587, 78.00274961395218]","[0.00430769445717395, 0.005377804126107574, 78.00319012733328]","[0.004257705771104087, 0.005357898100584119, 78.0035741572863]","[0.0041935717870802865, 0.005370737024292441, 78.0036030367506]","[0.0041477684096355005, 0.005367579290854303, 78.00350403464846]"
76,76,76,0.0241889623179426,0.0531609118042309,0.0113094570443623,0.0384885381201961,43.44394959780318,"[0.0014535467240892603, 0.007029920885102552, 43.44395083889729]","[0.0015923173755274017, 0.007214407639563313, 43.44395326487663]","[0.0016393148851707978, 0.007353186521140441, 43.44394477209485]","[0.0018162640140296723, 0.0074364515069774055, 43.443953064792666]","[0.002018822750724779, 0.00750443027998681, 43.443952446047646]","[0.002067688487905401, 0.007595247804946132, 43.44394423092269]","[0.0021844852947634093, 0.007694172702475767, 43.443954652806774]","[0.0024193564554335347, 0.007757254205823749, 43.443949613388874]","[0.0024984256236519654, 0.007749951491117981, 43.44394837166675]"
77,77,77,0.5122290602101912,0.4831151347218617,0.0204247914122241,0.0264762648690832,81.19213951270686,"[0.0034779864279274346, 0.004966486716931313, 81.19241804210999]","[0.0035256338196711897, 0.004969853560578036, 81.20090430632193]","[0.003558831557130005, 0.004983366673098629, 81.20270765188307]","[0.0035599995361642474, 0.004998405373792884, 81.19947762547824]","[0.0035230858909524637, 0.0049950843966111, 81.19122295013547]","[0.0035156776279614927, 0.004989999158587474, 81.18626049090946]","[0.0034989573396481833, 0.004999164470925448, 81.18636463781479]","[0.0033707181043237896, 0.00500396579827594, 81.18830829903658]","[0.0032700759070327314, 0.004984580907654157, 81.18801100012494]"
78,78,78,0.1311916683674652,0.1746253800646605,0.0478392577010978,0.1473043822486717,39.40523529917279,"[0.009652651915368833, 0.030409030861838018, 39.40046588989557]","[0.007425435662407842, 0.030300565880042173, 39.40845744201008]","[0.007369134585479998, 0.030140157455627398, 39.406429410768936]","[0.007301988257649811, 0.030334596587556904, 39.40710909223316]","[0.007253918305434084, 0.030726223233724134, 39.40442098562133]","[0.007003560604768596, 0.03140254770003919, 39.40345104862901]","[0.010348161728140527, 0.03140563947689067, 39.40732867084166]","[0.01068464251518104, 0.030652203941853196, 39.40423612154134]","[0.013425414197449165, 0.03263954459757973, 39.40766947849487]"
79,79,79,0.041113798465626,0.0200834801227232,0.018390882016681,0.0103456969536209,43.95366630941856,"[0.0036678167001929947, 0.0021960403035664335, 43.95371233366054]","[0.0035216443462932775, 0.002195197911404372, 43.953435937647285]","[0.0034285838275377695, 0.002166809001418012, 43.95356193943381]","[0.003232359095763191, 0.0021209763961088104, 43.95372981310313]","[0.0031029664447660404, 0.00208904183271773, 43.95372935374976]","[0.0031566964713164464, 0.002073149014834422, 43.95344808096022]","[0.002961392362149953, 0.002052784124336293, 43.95375380314117]","[0.002767429660058581, 0.002003356860514071, 43.95401695130806]","[0.0028996272210432316, 0.0019302192005081814, 43.95357263689502]"
80,80,80,0.0800327830254282,0.0586162643581442,0.0463705017562005,0.0442535109303813,43.54665563472732,"[0.008231316359238964, 0.008564496529186442, 43.54670613855975]","[0.008453038899670834, 0.008485671406715996, 43.546834349469414]","[0.008531116008121913, 0.008468811295991398, 43.546814320756425]","[0.008393076527725307, 0.00859126836236855, 43.54664821581429]","[0.008026175839033192, 0.008742034610418703, 43.54647205603792]","[0.007987424630314757, 0.008872552598852092, 43.546455106904396]","[0.008440032268303166, 0.008858798914048688, 43.54661507221155]","[0.008591621642845907, 0.008568461179432454, 43.54670139147733]","[0.008226700841906303, 0.008327339929040722, 43.54666682636918]"
81,81,81,0.0561648250369577,0.0259340521979293,0.0293241492189698,0.0242335389268915,43.73169654580915,"[0.0044561822701479235, 0.004739411019682711, 43.731892103982986]","[0.004637006179152185, 0.004812439849751846, 43.731813525033246]","[0.00471560936683334, 0.004858367664756306, 43.73175172666057]","[0.004907391088341811, 0.004857734529241291, 43.73185979234039]","[0.005144341695354549, 0.004801171592142096, 43.73164451799326]","[0.00522710745174444, 0.004742414766235059, 43.7316965457953]","[0.005525564410849364, 0.004686442906395498, 43.731744164856806]","[0.006006374007216659, 0.004631224860243194, 43.731282714848625]","[0.005953293625349204, 0.004589777107784466, 43.73144870753806]"
82,82,82,0.0616689861918877,0.0870227235654844,0.0290528007314623,0.0540958697473232,43.949633726969125,"[0.0051957239248169905, 0.01051816891592155, 43.95414919904615]","[0.00513233810754647, 0.010519129543419969, 43.95461307734146]","[0.005248693446025074, 0.010456599147428997, 43.95510969750417]","[0.005277824013334024, 0.010398671916672698, 43.95370357261299]","[0.005202238196813042, 0.01040040477951041, 43.950845498937575]","[0.00508551822008673, 0.010518284070512944, 43.947668204943156]","[0.004747850306900313, 0.010581767387744587, 43.94415514060197]","[0.004631526721739747, 0.010438896989920858, 43.94359852955442]","[0.004530419663635387, 0.01021293219563983, 43.94391325790716]"
83,83,83,0.0427423425908548,0.0317365747311107,0.027060965562404,0.0042271103914437,42.739427741801,"[0.004927014257968662, 0.0016858416637807352, 42.73941239259309]","[0.004879639355941963, 0.0014836388477907317, 42.73941746855422]","[0.004907354446071695, 0.0012616285950779742, 42.739429514092826]","[0.004954775444725138, 0.0010589654327664642, 42.73942940898513]","[0.004849756157216252, 0.0009168288324297455, 42.73943708558754]","[0.0048424147721117675, 0.0008377996091683165, 42.73944191640308]","[0.005029217912574955, 0.0008062249443487842, 42.73944019590712]","[0.004998104674528284, 0.0008416070063756073, 42.73943721953151]","[0.00472145423597327, 0.0009526530711515341, 42.73942012750163]"
84,84,84,0.0969123671539559,0.0561724880446716,0.038866102528802,0.0109352504046765,45.83729448725401,"[0.006277890066902805, 0.001787728707402095, 45.83729627226927]","[0.006405288311977442, 0.0017556707329774736, 45.83729756387031]","[0.006446664265003454, 0.0018059924392103404, 45.8372940493135]","[0.0065702810891782966, 0.0019052873018509011, 45.83729699868213]","[0.006729510499962874, 0.0020140976579337442, 45.837295256951485]","[0.006762172370656435, 0.0021280558153922934, 45.837289414929224]","[0.006867486843088238, 0.0022953820518838686, 45.83730031078001]","[0.007129305213916197, 0.0025025442225813394, 45.83730097669938]","[0.007227614486655437, 0.002700275389801516, 45.83728853442012]"
85,85,85,0.0648833520904267,0.0240567566698409,0.0311304369568422,0.0121162139522158,43.99268155908118,"[0.004881660898805182, 0.0017777648252371816, 43.99266637105099]","[0.0050444763718229925, 0.001974738394099239, 43.99267526356924]","[0.005107298205700211, 0.002138710891953224, 43.99267873382921]","[0.005271670437408684, 0.002265779010935616, 43.99268078466709]","[0.005462544209203484, 0.002393188346913541, 43.992689126284596]","[0.005498104399882727, 0.002544885089691244, 43.99269375272312]","[0.00562175169336783, 0.0027213308408126197, 43.99269193112766]","[0.005935524284333245, 0.002885396191529962, 43.99266860358145]","[0.006073075039839698, 0.0029681217224615084, 43.99268149838796]"
86,86,86,0.0360626537763554,0.0439171117411596,0.0172692503320536,0.0082266624410182,43.00263064174316,"[0.0027507262483598117, 0.0009317072983607918, 43.00254724339044]","[0.0028278021325062737, 0.0009423098081125618, 43.00255958342897]","[0.0028240305090914968, 0.001072826478429484, 43.002550995408946]","[0.0028472321819915103, 0.0012690289700230113, 43.0025398114723]","[0.0030088515341525905, 0.0014873691223992146, 43.00255082550475]","[0.003062260060359937, 0.0017239578447524684, 43.00262106969981]","[0.003043341883815038, 0.0019933396335175117, 43.00259042458037]","[0.0032844673481061343, 0.00228843033258324, 43.0026780605294]","[0.0035784194432963794, 0.0025766944378096592, 43.002913713805576]"
87,87,87,0.0770183535802445,0.0699257797767554,0.0354290240600757,0.0182606874596504,44.064912524788845,"[0.005935827385964888, 0.0036209457451407234, 44.06491700381527]","[0.006008048855589052, 0.0034621135026851406, 44.06491266719896]","[0.00600536635055983, 0.003376937672686628, 44.06490389384553]","[0.006018420828688042, 0.003358360058701958, 44.06490775065865]","[0.006164707933407188, 0.0033746279091809712, 44.064926547005044]","[0.006190182843012524, 0.0034186782850209392, 44.06491613781196]","[0.006155756000712, 0.0035081162121289125, 44.06488879392724]","[0.0063588334473632865, 0.0036913166834252947, 44.06491119625399]","[0.006600332532660644, 0.003914889030396416, 44.06492767673481]"
88,88,88,0.0592587275033064,0.0281403621654405,0.0295065005321147,0.026746349847119,43.16756302094626,"[0.005669253554745048, 0.005324078329880063, 43.167572843317544]","[0.005517688685724597, 0.005357587589377406, 43.167571744210896]","[0.005386425628270574, 0.005370270560556468, 43.167556535900594]","[0.005154733259444358, 0.005357780348233006, 43.167551745475166]","[0.005072618443580746, 0.005346369907043327, 43.16756016430398]","[0.0051031034730308475, 0.005304655337729004, 43.1675645388745]","[0.004925312953550299, 0.0052314228139102, 43.16756706127542]","[0.004774248702871959, 0.005142193863386206, 43.16757129017943]","[0.004886137965633825, 0.005051142591856668, 43.16756186284937]"
89,89,89,0.053307816434826,0.0395379465634709,0.0524798383897793,0.0091800838397479,38.580036744771725,"[0.01310659018301821, 0.001635107359996987, 38.58002575117517]","[0.013462107417923818, 0.001172561999374997, 38.5800923984142]","[0.013609562129099625, 0.0010492427554335112, 38.5801380317523]","[0.013637851894862258, 0.0015059866868815312, 38.580133602559584]","[0.013915597384937034, 0.002220638495159507, 38.580106477395326]","[0.013853844186304613, 0.003032811008028891, 38.580051519744565]","[0.01270252402616941, 0.00364362290652494, 38.5799794275967]","[0.011061274799173978, 0.0040957168957783344, 38.5799324766632]","[0.010307200373388585, 0.004687077655152827, 38.579934750040856]"
90,90,90,0.0732917737080252,0.0395412896706935,0.0372586728665835,0.0096460905625021,43.85464105997461,"[0.005879584898296507, 0.0008569881711389505, 43.85466784897594]","[0.006078755487845447, 0.0010812103528525388, 43.85467210121098]","[0.00617896330699693, 0.0013320126463476556, 43.854652641512295]","[0.00639475619103772, 0.0015768099424998488, 43.854673437978036]","[0.0065666035679100305, 0.0018262578158411494, 43.85464871690926]","[0.006588503151067916, 0.00208258702655567, 43.854651053569015]","[0.006775005297596161, 0.0023671801836683114, 43.85462864096025]","[0.0071665552574526736, 0.002635046205161099, 43.85462964202228]","[0.00726941400994385, 0.002828287714829008, 43.8546102943006]"
91,91,91,0.0682167199351811,0.0205943390411274,0.032113601871172,0.0170689408631994,45.037205682097095,"[0.005183738735791867, 0.0035269443598275343, 45.03334235512287]","[0.005345178127025859, 0.0034936796344526757, 45.033834746263665]","[0.005444939449143561, 0.003437892375319934, 45.034070589574824]","[0.005548500447676487, 0.003399725630421331, 45.03400330544317]","[0.005483787731878728, 0.0033608079850984767, 45.03380329451307]","[0.0054815359889925815, 0.003310250531036574, 45.03396736182479]","[0.005828482610611387, 0.003219190061809129, 45.03467378810866]","[0.006194276969115258, 0.003053845602163423, 45.042684056510915]","[0.006066119770034179, 0.002789817818102998, 45.05013156096624]"
92,92,92,0.0583447934521795,0.0216424139968424,0.0336781591297636,0.0193051634011359,43.31118701208977,"[0.0059825399336027076, 0.004277430754765336, 43.31116886397135]","[0.005962126767029028, 0.0041950336862549295, 43.31117708588355]","[0.006016245331339323, 0.004048392903631508, 43.31118573463037]","[0.006073229540095021, 0.003919788566486062, 43.311174179597394]","[0.005960178110311798, 0.0038437575451238317, 43.31117187281081]","[0.005937460667881621, 0.0037991923690965696, 43.31119385928598]","[0.006096097407164461, 0.0037180711806108634, 43.31121070113837]","[0.006040897866533257, 0.0035284047782671536, 43.31121640717277]","[0.005798016078093291, 0.0033033403035086957, 43.31119676455189]"
93,93,93,0.0783364759311542,0.0325936063894113,0.031443752248936,0.0032848076679355,42.27172733934819,"[0.008575884280667679, 0.0010329778925031897, 42.273316887366775]","[0.007515540794767519, 0.0008314586526229068, 42.272418389406695]","[0.0061625638659380064, 0.0006639753863988498, 42.26791067272419]","[0.0049813923974966375, 0.0005843364586768259, 42.27247351646341]","[0.005616188178186018, 0.0006826528427448342, 42.27610881586596]","[0.005206516798776944, 0.0009166615633329546, 42.27563401307852]","[0.003269970851170493, 0.0011647719105796282, 42.272967156293504]","[0.005257039070395434, 0.0014213801334753632, 42.271521487327]","[0.007446747419023602, 0.001708639097546039, 42.26833681659993]"
94,94,94,0.0424096424228626,0.0619638813978831,0.0257978328047641,0.0185126825611259,42.73438415900358,"[0.0051772729379197585, 0.003179792819195388, 42.73435773761324]","[0.004981741958038383, 0.0031742697510293632, 42.73438767297422]","[0.004917761092040219, 0.0032162791920727143, 42.734416735001915]","[0.004791709753708674, 0.003308948011853884, 42.73435405383169]","[0.004581846703746425, 0.003439785072689575, 42.73439631453565]","[0.0045438138742490575, 0.003612995215240227, 42.73440128580697]","[0.004525109237669277, 0.003848833210758058, 42.73437048586415]","[0.004214174131842785, 0.004109290035160334, 42.734405074597994]","[0.003903877589399901, 0.004366709202237879, 42.73438750689123]"
95,95,95,0.0471913043088387,0.0395558480320227,0.0244112243018318,0.0276786147403004,43.472680240459376,"[0.00490501445302525, 0.004736746799321991, 43.47267275037219]","[0.0047213672150244485, 0.004925390152795508, 43.472696734712954]","[0.0046520293011180075, 0.005095272706001223, 43.47269170977005]","[0.0044686214062863655, 0.005249274013932321, 43.47267304608505]","[0.004243152736429338, 0.005411014159813547, 43.47268442090758]","[0.004161638838620599, 0.005610445822855363, 43.47268093257508]","[0.00401792676650716, 0.005779811562336544, 43.472672460883416]","[0.00371237912295662, 0.005868730867668329, 43.47268584655397]","[0.0035697784777003615, 0.005925812258970017, 43.472682796836715]"
96,96,96,0.0651282491918566,0.0633059186860726,0.0250348077030531,0.0137136467712144,45.61953793183504,"[0.004709537542518888, 0.0023559548558935817, 45.61953794921831]","[0.00459264815790263, 0.002317125609619836, 45.61953952415901]","[0.004530170907510555, 0.002359198756379093, 45.6195353927315]","[0.004369244807552747, 0.002446031938986736, 45.61953145057783]","[0.004264763739606179, 0.0025393856653993354, 45.61954596546042]","[0.00424829082388627, 0.002650646833891424, 45.61953509966927]","[0.004119825894487759, 0.0027914844925418813, 45.619525935478535]","[0.003997552359071612, 0.0029874250474314096, 45.61953862027878]","[0.004048115147612455, 0.0031881238150854143, 45.61954357565765]"
97,97,97,0.0981156025474561,0.1101213211029333,0.0324272414436752,0.0501835281270125,46.36122118715261,"[0.00583374641697232, 0.0097200202676187, 46.361215747621934]","[0.0056597485255010455, 0.009787830552289257, 46.361211790955956]","[0.005617351933068396, 0.009744667475965812, 46.36121019770221]","[0.005535335497595474, 0.00963490149516651, 46.361234236588516]","[0.0054934724816331805, 0.009560527536788556, 46.36125600933089]","[0.005591443563879523, 0.009512984220572406, 46.3612396375714]","[0.005582436101074314, 0.009411883899833568, 46.36120492605571]","[0.005461387861731073, 0.009258185509768844, 46.361205057320895]","[0.0054526840580754075, 0.009131619257246443, 46.361219749017195]"
98,98,98,0.5469004137286997,0.2302747300828727,0.0501618606576185,0.0251398535779209,81.26464665298907,"[0.008895019382529758, 0.004314695890541591, 81.2275754540575]","[0.009085552784861953, 0.004458572940847363, 81.30164554181304]","[0.008936679148614096, 0.00456151160859233, 81.3481909683668]","[0.008761898845889116, 0.0046543811003181565, 81.35628787438219]","[0.008585996227319669, 0.00474578272522076, 81.3469797409552]","[0.008404809894285952, 0.00483903938795775, 81.31509092679485]","[0.008078923316763399, 0.00491485862116129, 81.2177576783041]","[0.00822801539705939, 0.005042860449333166, 81.16100361049399]","[0.008110236375721485, 0.005004681204778132, 81.18278302609009]"
99,99,99,0.1046292684859848,0.0225446572509848,0.0449463094652164,0.0144767888450367,45.08186263818177,"[0.007724497535329748, 0.0032992908719861884, 45.08176937585256]","[0.007723884275159371, 0.0031914892743470638, 45.08198883296987]","[0.007702320861340455, 0.0030541119337809644, 45.08201017286988]","[0.007675966167670609, 0.0029196823368435303, 45.0817871440608]","[0.007777699421079398, 0.002831544542019793, 45.081754746396996]","[0.0077802464456976144, 0.0027526497474255666, 45.08199318705543]","[0.007685540067873268, 0.0026261236156955407, 45.08197049141805]","[0.007846236225175031, 0.002473270098888789, 45.08173558158936]","[0.008136955829286358, 0.0023031962040153476, 45.08181254010109]"
100,100,100,0.0427801349320019,0.0601058404841406,0.0270087002608086,0.0482794446372572,42.46961070845705,"[0.004732724432658522, 0.009365103229769071, 42.46960132671303]","[0.00492361949865725, 0.00937428191582281, 42.4696422511277]","[0.004975491314707706, 0.009434039956159325, 42.46965289900599]","[0.004914573305866755, 0.009555522606886495, 42.46962526088493]","[0.004728300662365439, 0.009631324497739034, 42.46962836978569]","[0.004792207029950797, 0.009673893706156428, 42.46958187802612]","[0.0052865260428058445, 0.009642667567368942, 42.46951950911955]","[0.00554526059922003, 0.009513720641146552, 42.46959460591462]","[0.005174522780022958, 0.00947520855871088, 42.46965041854973]"
101,101,101,0.0737848195880499,0.0395595656564374,0.0443367324577298,0.0309962476139069,43.72340278912272,"[0.006727570033363028, 0.005432093854287025, 43.724689538068304]","[0.0069957109515451955, 0.0057535224646091225, 43.724255932299464]","[0.0072018673986286525, 0.005999981427633538, 43.72364386792247]","[0.007591018757126955, 0.006063916400024947, 43.72369366897739]","[0.007887846541638542, 0.0060018469985728806, 43.72387950592418]","[0.008016762360750326, 0.006033910261740728, 43.72295007184886]","[0.008593002418492528, 0.006231426475556096, 43.722745646807354]","[0.00934098255006302, 0.00659160751820711, 43.72237347127765]","[0.009134473971022967, 0.006745994239365677, 43.7220634874526]"
102,102,102,0.0599701448601635,0.0205881498477231,0.0367063338214421,0.0160213167582177,42.82302487764839,"[0.007011144447534932, 0.0035544776035104056, 42.82288537085575]","[0.006844304645521167, 0.0035174546235117107, 42.82288248628692]","[0.006808280419016597, 0.00340656135183265, 42.822879121089485]","[0.006733407067947112, 0.003292381695211967, 42.822928479262764]","[0.006534872937903003, 0.0032426539294460347, 42.82302899440866]","[0.006503818716433863, 0.0032557309296535122, 42.82311221668948]","[0.006568203783302216, 0.003243074722188646, 42.823143324753616]","[0.006311044410941483, 0.003131637954262314, 42.823156397725135]","[0.005981604381833758, 0.0030042880228831176, 42.82318486014709]"
103,103,103,0.0945508409195019,0.2371836353966218,0.0287176774949087,0.1112357507874637,43.66831412693939,"[0.004219518890843445, 0.021256587822779196, 43.66734983562879]","[0.004023442671576367, 0.0213299990603839, 43.66826456186407]","[0.004298876557187052, 0.021293298278786798, 43.669960038174644]","[0.0048704177102693235, 0.021200924119593244, 43.669800540732886]","[0.005167872501186256, 0.021192859295043477, 43.66670938321421]","[0.004926747049700875, 0.0212909696687763, 43.66877477142298]","[0.002372835283781972, 0.021797293247505373, 43.66877796619403]","[0.0025145158871100587, 0.021662365471742794, 43.66873707776297]","[0.002398817436662507, 0.02156831144581684, 43.66879214983429]"
104,104,104,0.0464420307801364,0.2951310543016439,0.0132087185716637,0.1432087718666574,41.61891513118014,"[0.0020759791972336863, 0.027524188306275264, 41.61891492049124]","[0.001861189350091732, 0.027577925146247302, 41.618893877516435]","[0.002018712601929976, 0.027518872950571895, 41.618899501322]","[0.0021914230311114555, 0.027386693562520808, 41.61892525368451]","[0.002292025460051474, 0.02735245367873849, 41.618902061909594]","[0.002509849336465204, 0.027463028597564665, 41.61887194175151]","[0.002570181701321883, 0.027523947841998738, 41.618933919078394]","[0.002427808708645843, 0.027413719615542873, 41.618973507181494]","[0.00237850267257876, 0.027309459490849022, 41.61891958170714]"
105,105,105,0.0866901218995652,0.0814009299745655,0.0463024668994631,0.0257176802575657,43.9570466804812,"[0.008443850409821284, 0.004962934817022365, 43.957554388076026]","[0.00827849631877684, 0.004805913374962376, 43.958143701074384]","[0.008292995824319192, 0.004712123944374599, 43.95809933636206]","[0.008285786898055054, 0.0047006721407707105, 43.95765640013445]","[0.008092667437302435, 0.004762745421083045, 43.9571064487389]","[0.008203695308485116, 0.004892409827950381, 43.9577188747193]","[0.008127284702066518, 0.005140465258034878, 43.95566168874722]","[0.00801533586945375, 0.005335980773429012, 43.955812980419275]","[0.007509358541085404, 0.00546465304540037, 43.95681255372432]"
106,106,106,0.0440447866529757,0.0257461678939916,0.027792267791213,0.0236884328659303,42.58793554852781,"[0.0047156807265347905, 0.004176419286866992, 42.58794344130329]","[0.00480668902559308, 0.004336291481725324, 42.58791296930928]","[0.0048654973336582355, 0.004520378125776761, 42.58794452062363]","[0.0049836744109184004, 0.004688484278254764, 42.587896914050525]","[0.004980563508011973, 0.00479330751944355, 42.58792545333605]","[0.005027272661627199, 0.004887375457238966, 42.58797267070379]","[0.005352558086358744, 0.004994500549411762, 42.58787423939138]","[0.0055265602202921775, 0.005132162074652698, 42.58790160398257]","[0.005284740559403202, 0.00525393496430131, 42.58799184766004]"
107,107,107,0.019080660893681,0.0411349251123995,0.0078443960885204,0.0101899864123822,44.06493877352002,"[0.0009402582994751036, 0.002820821167970049, 44.06493968001129]","[0.0010574065037727946, 0.002598859947056149, 44.06494093926064]","[0.0011208030763923188, 0.0024491880941784174, 44.0649390055239]","[0.0012294503992963095, 0.0022243827153000228, 44.06493823085091]","[0.0013715125433077357, 0.0019481733676225321, 44.064939720694795]","[0.0014210962342777807, 0.0017372826780737126, 44.064938374537235]","[0.0015162436004411933, 0.0015013492971217878, 44.06493889011187]","[0.0017832600080668498, 0.0012720605529378069, 44.06493857438055]","[0.0019262120177406025, 0.0010893091913738132, 44.06493736824514]"
108,108,108,0.0852219727970497,0.3488086618352223,0.0151355027334966,0.1313145060207408,43.21190033845077,"[0.0025888950040934234, 0.024877037486947907, 43.21190446112391]","[0.0023948374982274466, 0.02493575403968822, 43.211903977732085]","[0.0021591817800637268, 0.024870749852325326, 43.211904970311906]","[0.0021611626291629994, 0.024818175304339374, 43.21191212988951]","[0.002409904075048044, 0.02488691673295278, 43.211903361495686]","[0.0026587301579160958, 0.02499762155798462, 43.21187576834061]","[0.003071518660612122, 0.025917384248831752, 43.21197501521658]","[0.0034077188667976242, 0.024979959471735605, 43.21194493458775]","[0.0038130439287324906, 0.025789680720279762, 43.2118201136877]"
109,109,109,0.0628592001112028,0.0343541748294705,0.0299449685090056,0.0278967307645972,44.16686341344194,"[0.005681379104970537, 0.00563096027770092, 44.1668538485255]","[0.005496681197291414, 0.00566726400177506, 44.166987932490926]","[0.005450295663307991, 0.0056078138818231775, 44.16707457374978]","[0.005344365745737103, 0.005501289645411628, 44.16709004318051]","[0.005195520366129189, 0.005422405212285197, 44.16700338785221]","[0.005174847015338534, 0.0053854348786932125, 44.166868622648806]","[0.005070846070137556, 0.005339925283924135, 44.166763487060685]","[0.004776216805159886, 0.005213568801108819, 44.166643194044035]","[0.004621867083005878, 0.005050409125550701, 44.166623202382546]"
