Name,mag.,a,(AU),e,sinI,n(deg/yr),g("/y),s("/yr),LCEx1E6,My
15760,7.10,43.9801085,0.0703557,0.0439968,1.237778,0.417884,-0.420035,0.03,100
15789,6.95,39.4583336,0.1841545,0.1019159,1.456473,-0.916329,-0.390075,0.08,100
15807,7.35,43.7982074,0.0729767,0.0330139,1.245505,0.501449,-0.436492,0.35,100
15809,7.64,42.3286792,0.2202312,0.2244278,1.310848,-0.486295,-0.316855,0.50,100
15810,7.71,39.4609541,0.1247105,0.0599178,1.456372,-2.008044,-0.485656,0.01,100
15836,7.59,36.4850721,0.0712616,0.0857137,1.638183,-6.400105,-0.869331,0.03,100
15883,7.14,47.1023382,0.2123627,0.3064037,1.116726,0.207115,-0.271751,1.93,100
16684,6.86,44.1295347,0.0403445,0.0556696,1.231492,0.393850,-0.397124,0.03,100
19255,6.94,42.8468011,0.0332889,0.0133359,1.287220,0.477728,-0.477039,0.04,100
19299,8.28,39.4576822,0.2293789,0.1308766,1.456514,-0.479404,-0.384722,0.28,100
19308,4.66,43.3470702,0.1164404,0.4685573,1.264898,0.084361,-0.249015,0.81,100
19521,4.85,45.7846448,0.1035607,0.1897161,1.165285,0.268287,-0.308323,1.58,100
20000,3.67,43.0090479,0.0525251,0.2670400,1.279897,0.258822,-0.359674,-0.01,100
20108,7.69,39.4582429,0.1381907,0.3387908,1.456420,-1.493971,-0.313865,0.19,100
24835,4.65,41.8466857,0.1006012,0.4506077,1.333545,0.131441,-0.293936,1.46,100
24952,7.59,39.4566387,0.2458104,0.2747398,1.456526,-0.345267,-0.345313,0.09,100
24978,7.28,43.3707421,0.0496143,0.0248050,1.263961,0.451568,-0.448752,0.03,100
28978,3.72,39.4562475,0.2493457,0.3062277,1.456528,-0.327086,-0.327220,0.37,100
32929,7.34,39.4583436,0.2573961,0.0979190,1.456544,-0.149577,-0.463025,1.18,100
33001,6.33,43.5040880,0.0298546,0.0421068,1.258150,0.431678,-0.431348,0.03,100
33340,6.38,39.4576060,0.2501451,0.0351244,1.456531,-0.297505,-0.394088,0.48,100
35671,5.65,37.9355266,0.0276019,0.0588806,1.545216,1.175579,-1.125613,0.08,100
38083,6.76,39.3586969,0.1565601,0.2801698,1.460163,0.277872,-0.566016,7.75,100
38628,4.75,39.4562342,0.2550674,0.2685770,1.456528,-0.323585,-0.323448,0.07,100
42301,4.13,51.7033437,0.2763928,0.0416874,0.971042,0.017765,-0.234504,0.06,100
45802,7.99,43.4992545,0.0000032,0.0379380,1.258360,18.744343,-0.429054,0.00,100
47171,4.92,39.4572797,0.2371771,0.0862406,1.456521,-0.403464,-0.393334,0.12,100
47932,6.20,39.4563455,0.2899287,0.1764128,1.456546,-0.132776,-0.334554,0.32,100
48639,5.05,52.5816992,0.2360735,0.0302344,0.946818,0.223720,-0.224836,2.48,100
49673,7.40,43.2074538,0.1004504,0.3623249,1.271065,0.178942,-0.305973,0.14,100
50000,2.49,43.3916403,0.0409982,0.1489571,1.263032,0.366460,-0.405364,0.06,100
52747,7.78,44.4548439,0.0561354,0.0204046,1.217999,0.392030,-0.390205,0.07,100
53311,6.65,44.1364792,0.0567946,0.0256262,1.231204,0.406918,-0.406754,0.05,100
55565,3.33,47.2751677,0.1243061,0.4384393,1.110571,0.104640,-0.187897,0.14,100
55636,3.25,43.2875328,0.1282216,0.4533243,1.267550,0.110712,-0.259899,1.69,100
55637,3.83,42.7220752,0.1405991,0.3441531,1.292805,0.235002,-0.348446,1.64,100
55638,5.53,39.4561496,0.2948009,0.2720707,1.456546,-0.126559,-0.315831,0.60,100
58534,6.55,45.2779115,0.1238086,0.0275175,1.184940,0.385599,-0.389439,-0.01,100
60454,6.24,44.3690664,0.0797897,0.0479904,1.221534,0.399764,-0.402989,0.01,100
60620,6.59,43.7275824,0.2108601,0.3445741,1.248441,-0.206112,-0.282633,1.09,100
66452,6.89,45.0159354,0.0604717,0.0328333,1.195295,0.363755,-0.363654,0.21,100
66652,5.85,43.7326657,0.0861244,0.0241240,1.248390,0.655219,-0.460384,1.18,100
69986,8.37,39.4566878,0.2370924,0.2392627,1.456518,-0.430946,-0.319261,0.21,100
69987,7.22,42.5571733,0.0263249,0.0293147,1.300385,0.491773,-0.492891,0.03,100
69990,7.91,39.4585807,0.1874453,0.1384480,1.456481,-0.833774,-0.409934,0.55,100
76803,7.29,38.8304200,0.1195675,0.5347973,1.491618,0.136586,-0.331933,16.67,100
79360,5.21,43.9162934,0.0186994,0.0674597,1.240472,0.394061,-0.401853,0.03,100
79969,7.49,34.9466369,0.0800975,0.0905364,1.747538,-5.971976,-1.058550,0.02,100
79978,5.70,53.9757653,0.2750546,0.3375106,0.910348,0.097138,-0.155529,1.87,100
79983,6.05,46.4514613,0.1427446,0.1832800,1.140297,0.267793,-0.307176,0.63,100
80806,6.35,42.1965693,0.0547005,0.0238529,1.317098,0.673150,-0.539258,0.03,100
82075,4.74,57.9030422,0.2972381,0.3022468,0.819303,-0.065888,-0.108999,0.04,100
82157,6.87,38.5772589,0.0706427,0.0593613,1.506864,1.222809,-1.089007,5.34,100
84522,3.85,55.4636260,0.3159349,0.5580476,0.873924,-0.066692,-0.094426,0.38,100
84719,5.30,39.4562542,0.2495740,0.2551093,1.456526,-0.341888,-0.341903,0.01,100
84922,4.11,39.4628292,0.0793608,0.2775789,1.456206,-3.804209,-0.400865,0.32,100
85627,7.31,44.0468828,0.0825499,0.0100919,1.234969,0.428566,-0.429278,1.20,100
85633,6.78,43.5660151,0.0407941,0.0118664,1.255470,0.441238,-0.433671,0.03,100
86047,6.74,43.9159467,0.1668459,0.4351649,1.240413,0.143609,-0.263567,1.76,100
86177,7.06,45.3179070,0.2403303,0.3941950,1.183512,0.154810,-0.278549,12.66,100
88267,6.70,43.0276571,0.0317826,0.0269877,1.279111,0.463443,-0.463534,0.03,100
88268,6.30,42.5345428,0.0212684,0.0100944,1.301424,0.492724,-0.494835,0.03,100
88611,5.61,44.0838054,0.0350634,0.0752400,1.233407,0.384859,-0.394665,0.04,100
90482,2.21,39.4560379,0.2529573,0.3621977,1.456529,-0.309329,-0.309342,0.52,100
90568,3.84,41.9964007,0.0731236,0.3984321,1.326400,0.176313,-0.317043,2.38,100
91133,7.62,39.4571068,0.2330123,0.0920233,1.456516,-0.455231,-0.361903,0.24,100
91205,8.15,39.4599883,0.1286048,0.2114913,1.456412,-1.582909,-0.442857,0.58,100
118228,7.12,39.4603259,0.1090213,0.2553659,1.456334,-2.420931,-0.372524,0.03,100
118378,7.07,43.7279176,0.1072883,0.0581738,1.248508,0.244790,-0.450207,0.53,100
118698,8.21,43.7280586,0.2238723,0.2235163,1.248447,-0.263652,-0.318616,0.81,100
119066,6.55,43.7284326,0.0807571,0.0875027,1.248473,-0.045869,-0.427870,0.57,100
119067,6.33,43.7247477,0.1570544,0.0542265,1.248442,0.557599,-0.550907,3.60,100
119069,7.07,39.4588814,0.2447353,0.0228824,1.456538,-0.213244,-0.501979,2.49,100
119070,6.93,43.7290405,0.1784819,0.0481297,1.248453,-0.214113,-0.441472,0.25,100
119473,6.74,39.4571270,0.2783641,0.0613945,1.456546,-0.135190,-0.385829,0.71,100
119951,4.70,38.8425451,0.0461335,0.0435373,1.491393,1.258279,-0.982488,0.03,100
119956,6.23,43.7288946,0.1755609,0.0406855,1.248470,-0.069338,-0.474387,0.52,100
119979,4.91,47.7999255,0.2204738,0.1614408,1.092356,-0.450745,-0.206960,0.33,100
120132,4.65,49.3803238,0.2509957,0.2121434,1.040382,0.215315,-0.276987,9.81,100
120178,3.91,43.2565614,0.1020666,0.4544260,1.268871,0.107449,-0.255660,0.74,100
120347,4.07,42.0975257,0.1051622,0.4315248,1.321645,0.185137,-0.300032,0.93,100
120348,4.37,38.8680489,0.0679534,0.4030097,1.489776,0.277955,-0.437760,9.10,100
123509,6.56,44.4358125,0.0481372,0.0467375,1.218771,0.384033,-0.385617,0.45,100
126154,5.45,42.3303327,0.1475651,0.1499327,1.310813,-0.806551,-0.403345,0.26,100
126155,7.27,39.4567307,0.2874204,0.1302155,1.456548,-0.113568,-0.363658,0.34,100
126719,6.55,47.0826388,0.1895627,0.0509376,1.117471,0.405949,-0.382443,0.46,100
127871,7.01,34.9471841,0.0811766,0.0357971,1.747533,-6.068375,-1.192648,0.01,100
129746,8.50,39.4572105,0.2730036,0.0314875,1.456543,-0.163339,-0.388391,0.65,100
129772,7.04,43.7282063,0.0355750,0.0299395,1.248479,0.314890,-0.421276,1.10,100
130391,7.96,47.5538851,0.2498581,0.3839961,1.101180,0.141941,-0.246671,3.73,100
131318,7.76,39.4581974,0.1690756,0.2461807,1.456464,-1.015927,-0.358343,0.84,100
131695,7.61,37.2357454,0.0431200,0.0605990,1.589011,0.566193,-1.373573,5.50,100
131697,8.19,34.9469265,0.0794640,0.0818665,1.747533,-6.053375,-1.116602,0.05,100
133067,6.73,39.4574481,0.2353247,0.1866476,1.456520,-0.408722,-0.371718,0.38,100
134340,-0.43,39.4566975,0.2434529,0.2745174,1.456526,-0.350363,-0.350321,0.04,100
134568,8.02,43.7288290,0.1487388,0.2092837,1.248423,-0.336121,-0.336291,1.33,100
134860,5.99,42.9002718,0.0000075,0.0182068,1.284816,18.588566,-0.468869,0.29,100
135024,6.79,43.7286834,0.1103027,0.0263143,1.248470,-0.066338,-0.437074,0.10,100
135182,6.00,37.1160256,0.0314577,0.0415451,1.596732,1.878887,-1.411199,2.78,100
135742,6.92,43.7291475,0.0787883,0.1387618,1.248437,-0.048819,-0.390078,1.46,100
136108,0.12,43.1280530,0.1857857,0.4469326,1.274566,0.052358,-0.283067,3.84,100
136472,-0.27,45.5569455,0.1584051,0.4626566,1.173987,0.093816,-0.213625,0.03,100
137294,6.48,45.0251908,0.1016049,0.0331696,1.194929,0.383727,-0.385193,0.02,100
138537,6.09,46.5696644,0.1396571,0.0870830,1.135996,0.325013,-0.333045,3.90,100
139775,6.98,39.4586778,0.1903730,0.1077217,1.456483,-0.809406,-0.421346,0.49,100
143685,8.06,36.4775011,0.2271579,0.1456141,1.638630,0.033011,-0.600108,6.43,100
143751,8.35,42.3286057,0.2487262,0.1320350,1.310864,-0.345476,-0.345509,0.42,100
143991,5.87,44.6487852,0.1347617,0.3104990,1.210029,0.220039,-0.300265,0.38,100
144897,4.42,39.0796010,0.0561004,0.1213963,1.477807,1.364466,-0.838005,1.15,100
145452,3.81,41.5764931,0.0243695,0.3333242,1.346600,0.235017,-0.370168,0.01,100
145453,4.05,43.2744374,0.1327718,0.4543993,1.268086,0.112054,-0.260484,1.07,100
148112,7.08,43.9961610,0.0351246,0.0381678,1.237098,0.405205,-0.405637,0.03,100
148780,5.57,44.3015919,0.0487365,0.0884042,1.224333,0.371140,-0.384102,1.03,100
149348,6.34,45.1030494,0.1239519,0.0858223,1.191875,0.400385,-0.389437,1.51,100
149349,6.73,42.3285629,0.2358531,0.1440071,1.310852,-0.453785,-0.311404,-0.01,100
150642,5.79,45.2483376,0.1199353,0.1591651,1.186083,0.309780,-0.349568,0.60,100
160091,6.79,45.1693530,0.1037192,0.0559831,1.189210,0.371353,-0.375619,0.08,100
160147,6.41,43.7296838,0.0844850,0.0639918,1.248469,0.195695,-0.434513,0.68,100
160256,6.14,43.0226837,0.0634624,0.0520332,1.279333,0.472015,-0.473378,0.02,100
168700,8.23,39.4571371,0.2309984,0.0788224,1.456516,-0.451592,-0.363554,0.14,100
168703,6.09,39.7998387,0.0865191,0.1808538,1.437907,1.155892,-0.678645,2.05,100
169071,7.99,39.4583042,0.2026390,0.1285303,1.456495,-0.679188,-0.404333,0.67,100
174567,3.41,45.7867538,0.1488366,0.3622905,1.165104,0.159952,-0.248699,2.85,100
175113,4.52,39.0536978,0.0734528,0.1387097,1.479225,0.847553,-0.675280,0.88,100
181708,6.96,43.7758120,0.0473872,0.1436865,1.246443,0.383944,-0.388706,0.01,100
181855,7.58,46.0125927,0.1790298,0.4690441,1.156778,0.092569,-0.207207,4.29,100
181867,7.41,52.9721792,0.2873268,0.1305941,0.936345,-0.085062,-0.173794,0.32,100
181868,7.53,49.2929359,0.2841847,0.3133537,1.045356,0.154030,-0.251117,18.49,100
181871,7.31,43.7282969,0.0837790,0.0456707,1.248485,0.052162,-0.432650,0.30,100
181874,6.50,52.8236650,0.2593099,0.2989395,0.940345,0.195044,-0.182762,1.97,100
182222,6.98,43.7320883,0.0993164,0.1305394,1.248245,0.491292,-0.425172,1.49,100
182294,6.56,45.1041213,0.1545266,0.1617398,1.191796,0.356085,-0.384274,2.50,100
182397,6.04,51.7027704,0.2531165,0.2541090,0.971030,-0.054977,-0.180550,0.13,100
182926,7.31,45.8153276,0.1402895,0.0175603,1.164151,0.380712,-0.380387,0.18,100
182933,6.45,50.5228273,0.2379890,0.0175325,1.005284,0.291397,-0.290489,0.23,100
182934,5.54,44.3101859,0.1089954,0.2271800,1.223799,0.276449,-0.348565,5.42,100
183595,6.58,44.5663251,0.1076863,0.0623661,1.213364,0.496896,-0.416201,1.18,100
183963,7.18,44.4281924,0.0952634,0.0182349,1.219099,0.419166,-0.414288,0.36,100
184314,6.24,45.1931309,0.1457923,0.1214542,1.188268,0.370626,-0.390180,0.42,100
202421,3.52,43.4044794,0.1486185,0.4561735,1.262390,0.113951,-0.259837,1.69,100
208996,3.77,39.4577931,0.1683095,0.2686852,1.456461,-1.048160,-0.329690,0.06,100
230965,4.22,47.1625612,0.2424106,0.6326030,1.114564,0.020640,-0.147159,5.68,100
275809,5.58,43.9074703,0.0759719,0.0194145,1.240853,0.436750,-0.431224,0.03,100
278361,4.49,47.7936137,0.1120349,0.2499227,1.091339,0.469077,-0.251949,1.65,100
303712,6.18,44.2210601,0.0965160,0.0410262,1.227678,0.420848,-0.423538,0.54,100
306792,7.02,39.4579837,0.1625535,0.2901625,1.456457,-1.088253,-0.334675,0.16,100
307251,5.49,46.7644398,0.2046360,0.1515367,1.128893,0.330296,-0.367116,1.48,100
307261,3.70,41.8169709,0.1532558,0.3246587,1.334983,0.252441,-0.407750,9.32,100
307463,5.85,39.4589671,0.2155614,0.0568142,1.456511,-0.510308,-0.474310,0.11,100
307616,5.15,43.8300263,0.0719539,0.1703374,1.244123,0.350670,-0.382782,0.07,100
308193,4.72,43.4129400,0.1347531,0.4566461,1.262025,0.110811,-0.256487,0.15,100
308379,5.21,47.8005299,0.1967732,0.1665685,1.092334,-0.605774,-0.206069,0.02,100
308460,7.36,34.9501366,0.0628008,0.0474791,1.747363,-9.113713,-1.457329,0.21,100
308634,6.30,43.4720358,0.1133888,0.1602034,1.259538,0.403919,-0.434302,0.74,100
315530,4.85,41.8246384,0.1360204,0.4587876,1.334643,0.133140,-0.296865,4.92,100
341520,6.84,39.4575533,0.2653148,0.1975135,1.456544,-0.151629,-0.403036,2.71,100
363330,5.73,43.8635879,0.0505028,0.0542297,1.242712,0.412683,-0.415234,0.03,100
363401,6.53,45.6242076,0.1274453,0.0256726,1.171472,0.370913,-0.376421,0.05,100
364171,6.81,44.7575817,0.0748070,0.0484378,1.205660,0.376678,-0.379934,0.03,100
385185,8.30,39.4589622,0.1994418,0.0634884,1.456494,-0.689731,-0.457346,2.93,100
385191,6.99,41.3698991,0.0272442,0.2196597,1.356739,0.389795,-0.470743,0.04,100
385194,6.58,43.4584662,0.0610083,0.0391988,1.260136,0.452050,-0.446788,0.26,100
385199,6.35,45.4203422,0.0472474,0.0235326,1.179361,0.344743,-0.342409,0.03,100
385201,6.58,43.2297612,0.0665828,0.1981454,1.270125,0.329433,-0.395437,0.04,100
385266,6.72,42.6919977,0.0828084,0.0628550,1.294299,0.546554,-0.511949,2.18,100
385362,6.44,46.3173864,0.1531349,0.0910216,1.145267,0.339105,-0.353526,0.52,100
385363,6.24,44.9264897,0.0843305,0.0956513,1.198862,0.350997,-0.366916,0.18,100
385437,6.00,44.2102269,0.0759175,0.0221788,1.228126,0.412276,-0.412884,-0.02,100
385445,6.70,39.4599856,0.1528688,0.0942272,1.456438,-1.295405,-0.481559,0.19,100
385446,6.50,43.7288070,0.1096580,0.0176446,1.248465,-0.116112,-0.434134,0.11,100
385447,6.53,43.8859089,0.0311687,0.0544326,1.241762,0.403981,-0.408258,0.02,100
385458,6.78,46.0112685,0.1723637,0.0981569,1.156719,0.311002,-0.382906,0.61,100
385533,6.94,43.1298416,0.1161766,0.3835025,1.274504,0.100946,-0.299714,1.50,100
385571,8.78,30.1120059,0.0308753,0.0119494,2.184837,2.107083,-0.683700,0.23,100
385695,8.49,30.1119890,0.0509543,0.0061758,2.184837,2.098440,-0.682238,0.40,100
386723,4.40,44.4026693,0.1360442,0.4686762,1.220052,0.096575,-0.229235,1.09,100
408832,6.09,44.1565495,0.0448281,0.0393996,1.230363,0.398855,-0.399802,0.00,100
415720,7.29,43.1024421,0.0809506,0.1324190,1.275849,0.424495,-0.447432,0.44,100
416400,5.27,44.3082417,0.1362433,0.4667378,1.223894,0.094532,-0.232571,9.25,100
420356,5.60,42.7626881,0.0000028,0.0473330,1.291019,18.782337,-0.473850,0.01,100
427581,7.39,34.9450937,0.0978586,0.0355940,1.747637,-4.187327,-0.973969,0.03,100
427614,7.06,40.1625219,0.0530139,0.3783340,1.418328,0.266694,-0.395988,0.12,100
432949,6.28,34.9396112,0.1598154,0.4587810,1.747846,-0.436296,-0.436300,0.54,100
434194,7.24,42.6155940,0.0436127,0.0080889,1.297714,0.512778,-0.533483,0.03,100
434709,7.60,42.3282034,0.2307474,0.2863904,1.310856,-0.420787,-0.294812,0.72,100
437871,7.31,42.5863793,0.0779965,0.3771834,1.298969,0.180694,-0.311631,0.03,100
437915,6.05,44.5571858,0.1080125,0.1066134,1.213798,-0.006347,-0.395346,0.27,100
438028,8.18,39.4571101,0.2794382,0.0799464,1.456546,-0.128120,-0.385521,0.59,100
439858,7.45,42.7080936,0.0469536,0.0527823,1.293496,0.488344,-0.486091,0.10,100
443843,7.26,46.5155993,0.1167592,0.1937245,1.137935,0.250904,-0.288555,0.05,100
444018,6.99,44.2148280,0.0419980,0.0236103,1.227929,0.398738,-0.397501,0.09,100
444025,6.99,44.0258545,0.0446896,0.0394998,1.235847,0.405482,-0.406807,0.03,100
444030,4.84,43.5107552,0.1561500,0.5347432,1.257751,0.070637,-0.221177,0.92,100
444745,5.41,39.4571516,0.2027689,0.2555894,1.456495,-0.680168,-0.319494,0.13,100
450265,6.50,39.4580154,0.2537549,0.0840828,1.456538,-0.222380,-0.433220,1.71,100
455171,6.95,46.0525596,0.1155564,0.0169485,1.155161,0.346501,-0.347768,0.02,100
455206,7.18,46.7339014,0.1260590,0.0406375,1.129988,0.329597,-0.325242,0.00,100
455209,6.91,45.1560540,0.0873294,0.0449714,1.189735,0.365769,-0.368480,0.03,100
455502,4.35,39.4575336,0.2355776,0.1825658,1.456522,-0.391351,-0.391447,0.36,100
456826,7.56,39.4553430,0.2699260,0.4547630,1.456533,-0.267123,-0.267126,0.09,100
468422,7.49,43.9927929,0.0265545,0.0412588,1.237239,0.402732,-0.403474,0.03,100
469306,5.09,43.7302151,0.1461772,0.4060087,1.248373,0.251880,-0.281257,4.22,100
469361,6.45,43.2242661,0.1207418,0.2981789,1.270340,0.243991,-0.352118,0.52,100
469362,7.50,39.4566031,0.2502063,0.3369501,1.456528,-0.322278,-0.318716,0.53,100
469372,5.20,39.4588977,0.1170628,0.3692614,1.456380,-1.920263,-0.313108,0.02,100
469420,7.64,42.3295871,0.1584099,0.1578740,1.310881,-0.190784,-0.482155,2.06,100
469421,5.76,39.4592182,0.1288015,0.2797538,1.456402,-1.685532,-0.360775,0.17,100
469438,6.41,44.0784838,0.0890845,0.0197077,1.233639,0.429872,-0.429601,0.07,100
469505,6.37,47.7982792,0.2638212,0.0603874,1.092417,-0.008045,-0.221628,11.57,100
469506,6.86,39.4575582,0.2167132,0.0174097,1.456504,-0.587445,-0.373984,0.02,100
469509,5.96,44.0882943,0.0622307,0.0490859,1.233222,0.405101,-0.408845,0.00,100
469514,5.79,44.4507464,0.0763487,0.0152264,1.218169,0.403623,-0.400801,0.02,100
469584,6.88,42.3302947,0.1378033,0.0679988,1.310852,-0.456788,-0.468743,1.26,100
469610,6.42,43.3316229,0.0200111,0.0072244,1.265672,0.445654,-0.443147,0.03,100
469615,6.07,40.6064349,0.0615513,0.4586297,1.395101,0.145989,-0.319903,0.03,100
469704,6.84,39.4600453,0.1546869,0.0302728,1.456437,-1.312637,-0.485511,0.01,100
469705,6.06,44.0768004,0.0855269,0.0274072,1.233708,0.425582,-0.426568,0.18,100
469707,7.11,39.4565155,0.2422582,0.2522668,1.456521,-0.399802,-0.309356,0.19,100
470027,6.22,41.9581298,0.1375230,0.3202844,1.328526,0.293590,-0.398868,10.15,100
470308,4.68,39.4626484,0.1586164,0.2489981,1.456443,-0.315617,-0.474958,4.27,100
470316,5.20,49.7621546,0.2868855,0.3924649,1.028242,0.121137,-0.205468,16.29,100
470443,4.54,46.0161615,0.0646040,0.3721821,1.156474,0.134813,-0.224898,0.40,100
470523,6.22,42.3291844,0.1644674,0.2882322,1.310818,-0.756583,-0.309709,0.06,100
470596,5.56,45.1015392,0.1988168,0.4148315,1.191936,0.162005,-0.256454,5.42,100
471150,5.81,38.9955175,0.0505414,0.6437452,1.482468,0.065708,-0.247442,5.84,100
471196,5.55,40.7714096,0.0063559,0.2464634,1.386696,0.587570,-0.481091,1.29,100
471210,5.36,50.6498971,0.2749171,0.4529421,1.001460,0.073808,-0.165654,8.45,100
471288,5.26,43.7291196,0.0449053,0.2529820,1.248401,0.319068,-0.334755,1.71,100
471318,5.38,41.4636855,0.1305567,0.4842385,1.352163,0.108645,-0.289382,10.76,100
471921,5.41,45.9799617,0.0769985,0.2840403,1.157860,0.191140,-0.259398,0.03,100
471954,5.68,43.3835999,0.1249603,0.4806967,1.263299,0.093180,-0.243600,0.15,100
472231,5.70,43.6171839,0.0774184,0.0852332,1.253260,0.465624,-0.436482,0.02,100
472232,6.06,43.0530975,0.0577894,0.2658709,1.277934,0.260696,-0.359765,0.03,100
472271,4.82,43.1507840,0.1490344,0.3240449,1.273794,0.276681,-0.349958,4.95,100
483002,5.49,47.0758809,0.0770850,0.6110340,1.117594,0.019008,-0.137329,0.19,100
486958,11.04,44.2881264,0.0392222,0.0438023,1.224882,0.389800,-0.390644,0.14,100
487581,5.50,47.7990619,0.1816898,0.3591947,1.092366,-0.189710,-0.178623,1.78,100
488644,7.93,42.6579964,0.0242364,0.0250046,1.295778,0.482542,-0.485815,0.29,100
491767,7.80,39.4609927,0.0715950,0.4808093,1.456254,-3.284671,-0.293584,3.36,100
491768,7.45,46.1383751,0.1157349,0.2443721,1.151910,0.221016,-0.280073,0.12,100
493480,5.30,40.2589283,0.0214873,0.2757784,1.413271,0.400039,-0.483594,0.44,100
1994 ES2,7.58,45.8797982,0.1111864,0.0306783,1.161691,0.348642,-0.351397,1.32,100
1994 EV3,7.14,42.9372583,0.0534501,0.0294122,1.283155,0.480501,-0.477942,0.03,100
1995 DB2,7.59,46.5219652,0.1366960,0.0461544,1.137721,0.339283,-0.340823,0.00,100
1995 DC2,7.18,44.1577876,0.0582752,0.0443996,1.230312,0.401342,-0.404268,0.05,100
1995 HM5,7.84,39.4571920,0.2338468,0.1245041,1.456517,-0.446559,-0.364434,0.23,100
1995 WY2,7.17,46.5164546,0.1258463,0.0096506,1.137923,0.338147,-0.336199,0.07,100
1996 KV1,7.26,45.2515423,0.0950675,0.0971970,1.185966,0.342056,-0.356729,0.05,100
1996 RQ20,6.95,43.9309033,0.1052820,0.5256388,1.239751,0.065316,-0.210350,0.02,100
1996 RR20,6.81,39.4585513,0.1767323,0.0870916,1.456464,-1.020305,-0.396884,0.06,100
1996 TK66,6.30,42.6927869,0.0000099,0.0409406,1.294184,18.658076,-0.482615,1.43,100
1996 TS66,6.26,43.9494522,0.1277687,0.1513816,1.239061,0.398133,-0.423069,0.10,100
1997 CT29,6.53,43.7918010,0.0245333,0.0139062,1.245770,0.419337,-0.416631,0.03,100
1997 CV29,7.26,42.3312268,0.1088795,0.0916072,1.310833,-0.341026,-0.483527,1.20,100
1997 QH4,7.10,42.7491000,0.0828990,0.2314245,1.291607,0.323055,-0.403780,1.35,100
1997 RX9,8.24,41.6400221,0.0510031,0.4896995,1.343470,0.113281,-0.271039,0.11,100
1998 FS144,6.70,41.8261462,0.0334727,0.2002001,1.334602,0.398959,-0.460321,0.03,100
1998 HH151,8.35,39.4577825,0.1911023,0.1634385,1.456482,-0.819036,-0.357669,0.19,100
1998 HL151,8.05,40.7828219,0.0901604,0.4663598,1.386057,0.142941,-0.313176,0.11,100
1998 HN151,8.25,37.9919322,0.0493221,0.4009899,1.541300,0.244962,-0.477003,4.45,100
1998 HO151,7.99,41.4549706,0.0929585,0.2633626,1.352515,0.335785,-0.449923,5.86,100
1998 HQ151,8.77,39.4561790,0.2929087,0.2164643,1.456545,-0.136727,-0.320834,0.25,100
1998 KS65,7.66,43.8372689,0.0300754,0.0134378,1.243832,0.417391,-0.415392,0.06,100
1998 KY61,7.30,44.4010361,0.0506236,0.0177248,1.220213,0.392795,-0.390986,0.06,100
1998 UR43,8.34,39.4573597,0.2095151,0.1415197,1.456498,-0.644894,-0.348194,0.10,100
1998 UU43,6.79,36.4789772,0.1350845,0.1942754,1.638505,-1.773505,-0.558181,0.44,100
1998 WG24,6.55,45.6338757,0.1315327,0.0132096,1.171101,0.375578,-0.393082,0.12,100
1998 WS31,8.26,39.4576410,0.1945012,0.1197440,1.456484,-0.797777,-0.356558,0.03,100
1998 WV24,7.14,39.0301191,0.0439021,0.0188515,1.480656,1.564795,-0.969416,0.03,100
1998 WV31,8.11,39.4571482,0.2706337,0.0881699,1.456541,-0.182784,-0.378376,0.50,100
1998 WW31,6.16,44.7095792,0.0814544,0.1422244,1.207592,0.328369,-0.359601,0.05,100
1998 WX24,6.57,43.3631715,0.0349591,0.0207855,1.264291,0.446333,-0.443984,0.03,100
1998 WX31,6.62,45.4943229,0.1104761,0.0404463,1.176489,0.301875,-0.364795,0.09,100
1998 WY24,6.58,43.2491265,0.0483593,0.0089236,1.269297,0.460445,-0.466386,0.00,100
1998 WY31,6.85,45.2515662,0.1183697,0.0193036,1.185973,0.384099,-0.388348,0.12,100
1998 WZ31,8.11,39.4586684,0.1544862,0.2353930,1.456443,-1.239403,-0.371601,0.60,100
1999 CB119,7.00,46.9764977,0.1253928,0.1404644,1.121236,0.286253,-0.295390,0.08,100
1999 CC119,7.17,44.8314280,0.0698067,0.0348097,1.202681,0.374764,-0.375929,0.09,100
1999 CG154,7.38,43.1010877,0.0812707,0.0297040,1.275845,0.508518,-0.487231,0.19,100
1999 CH119,7.24,43.3628930,0.0852927,0.3158937,1.264249,0.212527,-0.324509,0.16,100
1999 CH154,7.68,43.0728850,0.0203527,0.0329614,1.277096,0.455705,-0.457032,0.08,100
1999 CJ119,7.43,45.3910269,0.0746858,0.0852864,1.180502,0.334376,-0.344527,0.01,100
1999 CK158,8.19,40.8831748,0.0783020,0.2721946,1.381032,0.346377,-0.466763,0.76,100
1999 CL119,5.91,46.9306545,0.0064794,0.3715829,1.122835,0.127518,-0.204271,0.03,100
1999 CM119,7.71,44.0324226,0.1053224,0.0277356,1.235578,0.450104,-0.446544,0.84,100
1999 CM153,7.41,45.7480497,0.1457410,0.0258132,1.166714,0.388557,-0.389194,1.44,100
1999 CM158,7.68,39.4574187,0.2778347,0.1756567,1.456550,-0.089472,-0.405209,3.38,100
1999 CN119,7.73,43.7960362,0.0338455,0.0385301,1.245589,0.417782,-0.416153,0.03,100
1999 CP153,7.72,44.2677714,0.0821930,0.0390663,1.225732,0.408612,-0.411729,0.14,100
1999 CQ133,6.90,41.3465525,0.0818075,0.2038918,1.357898,0.445156,-0.509168,0.08,100
1999 CS153,8.14,43.8768283,0.0365664,0.0381005,1.242149,0.411852,-0.412637,0.37,100
1999 CU153,7.21,44.2445498,0.0713093,0.0341462,1.226695,0.405508,-0.406818,0.03,100
1999 CW131,7.87,43.7077201,0.0975806,0.1406751,1.249479,0.565812,-0.428946,2.00,100
1999 CX131,7.10,42.3289249,0.2227873,0.1620246,1.310848,-0.486166,-0.333830,0.34,100
1999 DA,7.81,43.3160747,0.0652720,0.0206844,1.266356,0.465261,-0.460260,0.03,100
1999 DH8,8.66,44.1532864,0.0657616,0.0478843,1.230500,0.403480,-0.407123,0.03,100
1999 GS46,6.68,44.6440634,0.0977075,0.0925630,1.210262,0.380807,-0.390162,0.03,100
1999 HG12,7.18,43.7291248,0.1243168,0.0993737,1.248438,-0.301276,-0.416170,1.08,100
1999 HH12,6.95,43.6038907,0.0189438,0.0528142,1.253831,0.420544,-0.421604,0.03,100
1999 HJ12,7.39,43.1381710,0.0596794,0.0646692,1.274077,0.460136,-0.460044,0.88,100
1999 HS11,6.72,44.1687038,0.0149828,0.0193321,1.229854,0.397339,-0.394646,0.02,100
1999 HV11,7.61,42.9847607,0.0287771,0.0552983,1.281024,0.455032,-0.460063,0.03,100
1999 JD132,7.65,43.3133448,0.0664289,0.1665780,1.266457,0.360054,-0.408992,0.05,100
1999 KR18,7.90,43.7289546,0.1867628,0.0841946,1.248433,-0.385010,-0.389387,0.55,100
1999 OA4,7.90,44.4514038,0.0635253,0.0405893,1.218140,0.391034,-0.391649,0.01,100
1999 OC4,8.26,45.4946171,0.1635028,0.0171157,1.176486,0.276872,-0.410359,0.30,100
1999 OD4,7.20,41.4583394,0.0976303,0.2723195,1.352413,0.323546,-0.443973,5.72,100
1999 OG4,7.75,47.0610792,0.1313448,0.0110199,1.118225,0.339795,-0.320209,0.02,100
1999 OH4,8.23,40.5218010,0.0415187,0.4492253,1.399476,0.150646,-0.326976,0.17,100
1999 OJ4,7.06,38.0928014,0.0177006,0.0416872,1.535652,0.673120,-1.096421,0.01,100
1999 OK4,7.54,43.3024663,0.1520817,0.4786139,1.266845,0.099597,-0.251322,0.76,100
1999 OZ3,7.26,44.0352559,0.0878056,0.0331021,1.235455,0.429649,-0.429632,0.08,100
1999 RC215,6.85,44.1191401,0.0633781,0.0400919,1.231930,0.406868,-0.409166,-0.01,100
1999 RG215,7.20,46.4901990,0.0738659,0.0318647,1.138881,0.312732,-0.308355,0.04,100
1999 RK215,7.58,39.4588178,0.1529893,0.1689237,1.456432,-1.364277,-0.377516,0.12,100
1999 RR215,8.09,44.1687979,0.1016231,0.0421450,1.229857,0.429324,-0.430986,0.19,100
1999 RT214,7.80,42.6053299,0.0559882,0.0446232,1.298182,0.525269,-0.500631,-0.02,100
1999 RV214,7.84,46.8877892,0.0332094,0.0209344,1.124421,0.295627,-0.286034,0.03,100
1999 RV215,8.39,44.7006772,0.1893774,0.3807008,1.207913,0.176013,-0.280853,1.13,100
1999 RW214,7.27,42.9542330,0.0232874,0.0368652,1.282392,0.461816,-0.464443,0.03,100
1999 RW215,7.93,36.4786080,0.1465258,0.2166263,1.638532,-1.377348,-0.548418,1.75,100
1999 RX214,6.78,46.1894143,0.1628987,0.0796448,1.150043,0.364350,-0.375375,5.12,100
1999 RX215,7.44,47.0061679,0.1370672,0.0138006,1.120186,0.342598,-0.326191,0.02,100
1999 RY214,7.37,45.1885469,0.1766889,0.2571763,1.188439,0.278867,-0.336198,1.92,100
1999 TR11,8.42,39.4564767,0.2498541,0.2709339,1.456523,-0.382350,-0.307029,0.27,100
1999 XY143,6.10,43.0561094,0.0844790,0.1589648,1.277826,0.391597,-0.437038,0.35,100
2000 AF255,5.88,48.6328486,0.2595442,0.5046976,1.064380,0.068548,-0.172453,5.48,100
2000 CE105,6.86,43.9175857,0.0643930,0.0220161,1.240423,0.425482,-0.422829,0.01,100
2000 CF105,6.89,43.9064143,0.0438221,0.0238866,1.240895,0.415662,-0.414553,0.00,100
2000 CG105,6.48,46.3831758,0.0412720,0.4906035,1.142749,0.069268,-0.178307,0.00,100
2000 CJ105,5.83,44.2071285,0.1100494,0.1893567,1.228234,0.31999 3,-0.374459,0.20,100
2000 CK105,6.25,39.4567677,0.2375762,0.1606781,1.456519,-0.426487,-0.335438,0.23,100
2000 CL104,6.17,44.4686242,0.0835877,0.0215581,1.217435,0.409925,-0.403259,0.04,100
2000 CL105,6.39,43.0744490,0.0517413,0.0563835,1.277029,0.457950,-0.463895,0.21,100
2000 CN105,4.94,44.5615079,0.1098524,0.0520829,1.213745,0.489587,-0.419191,0.91,100
2000 CN114,7.19,43.9759655,0.0497900,0.0047310,1.237952,0.415758,-0.489950,0.02,100
2000 CO105,5.75,47.1252587,0.1471143,0.3544248,1.115894,0.152554,-0.223441,0.11,100
2000 CP104,6.59,44.3266521,0.0915629,0.1404434,1.223312,0.348778,-0.382922,2.79,100
2000 CQ114,6.62,46.1490148,0.1195948,0.0425849,1.151540,0.340718,-0.344529,0.02,100
2000 FB8,8.16,39.4568563,0.2920878,0.0952681,1.456551,-0.077906,-0.378330,0.57,100
2000 FC8,7.99,43.9994809,0.0653874,0.0333124,1.236961,0.417938,-0.417656,0.09,100
2000 FF8,7.60,45.1709883,0.1075733,0.0978282,1.189142,0.353193,-0.368404,0.01,100
2000 FG8,7.73,43.9809822,0.0642738,0.0359556,1.237741,0.416974,-0.417745,0.00,100
2000 FH8,7.33,43.5403297,0.0401459,0.0409219,1.256580,0.435019,-0.432388,0.02,100
2000 FR53,7.47,44.5564318,0.0892000,0.0313686,1.213837,0.315954,-0.398547,0.61,100
2000 FS53,7.51,43.1136700,0.0435036,0.0365129,1.275285,0.461381,-0.460753,0.03,100
2000 FT53,8.01,45.1886192,0.1512638,0.1976784,1.188426,0.307961,-0.354311,0.92,100
2000 FX53,8.03,43.7280983,0.1124393,0.0970825,1.248446,0.481358,-0.451836,1.28,100
2000 GV146,7.53,44.1040107,0.0671165,0.0312186,1.232550,0.411915,-0.412869,0.87,100
2000 GX146,7.72,44.1480755,0.0178471,0.0343230,1.230716,0.395918,-0.394815,0.03,100
2000 GY146,7.83,44.0217801,0.0265532,0.0487400,1.236017,0.398841,-0.401007,0.02,100
2000 JF81,7.17,46.1775088,0.0999530,0.0421097,1.150473,0.330155,-0.330732,0.13,100
2000 KK4,6.08,41.3265250,0.0863170,0.3132012,1.358845,0.285252,-0.408285,0.16,100
2000 KL4,7.65,38.6537750,0.0706362,0.3514999,1.502255,0.331810,-0.506649,10.68,100
2000 OB51,8.01,37.8740572,0.0395804,0.0510047,1.549162,1.327510,-1.177746,1.33,100
2000 OH67,6.47,44.2338842,0.0149658,0.0691394,1.227134,0.378961,-0.384809,0.03,100
2000 ON67,6.03,43.0420090,0.0342599,0.0290456,1.278471,0.462909,-0.462992,0.03,100
2000 OP67,7.23,43.7291600,0.1921399,0.0310771,1.248422,-0.470602,-0.401535,0.04,100
2000 OU69,6.27,43.2398013,0.0469680,0.0469613,1.269707,0.450101,-0.452751,-0.01,100
2000 PA30,7.91,47.0989647,0.1317967,0.0344248,1.116875,0.339062,-0.317865,0.02,100
2000 PC30,7.45,43.1292726,0.0287462,0.0141606,1.274593,0.457140,-0.457348,1.23,100
2000 PD30,6.98,46.5978040,0.0182337,0.0995689,1.134931,0.280502,-0.285128,0.10,100
2000 PG30,7.66,45.1900914,0.1095784,0.0591672,1.188392,0.371737,-0.378657,-0.01,100
2000 PL30,7.43,42.3295196,0.1924200,0.1895123,1.310881,-0.192433,-0.457728,2.24,100
2000 PM30,7.91,44.0696436,0.0546194,0.0272506,1.234006,0.409404,-0.409474,0.02,100
2000 PN30,8.03,44.8996566,0.0982076,0.0297755,1.1999 44,0.386355,-0.388862,-0.01,100
2000 PU29,8.09,42.5292353,0.0000074,0.0434535,1.301666,18.711900,-0.490694,0.03,100
2000 PW29,8.19,44.2485862,0.0554111,0.0338175,1.226526,0.398768,-0.399458,0.03,100
2000 PX29,7.57,42.6564228,0.0680363,0.0982832,1.295844,0.486070,-0.485322,0.09,100
2000 PY29,7.15,44.2961691,0.0582753,0.0255154,1.224580,0.399078,-0.398953,1.62,100
2000 QC226,6.55,44.1726155,0.0494422,0.0204022,1.229688,0.403464,-0.402419,0.23,100
2000 QE226,6.06,44.0647063,0.0890754,0.0155658,1.234220,0.431661,-0.430461,0.70,100
2000 QL251,6.68,47.7999642,0.1975183,0.1101816,1.092358,-0.439323,-0.214138,0.36,100
2000 QN251,7.25,42.3310602,0.1259964,0.0303922,1.310806,-0.871075,-0.467906,0.12,100
2000 ST331,8.67,42.1163054,0.0809923,0.0478162,1.320870,0.673017,-0.546382,0.05,100
2000 SY370,7.91,43.7661169,0.0459801,0.0638399,1.246866,0.452336,-0.416813,0.04,100
2000 WL183,7.56,43.6024353,0.0623516,0.0456732,1.253897,0.455237,-0.437986,0.02,100
2000 WM183,7.18,44.9902024,0.0991757,0.0863288,1.196319,0.360637,-0.374878,-0.01,100
2000 WN183,7.01,44.7843107,0.1161792,0.0348931,1.204569,0.407839,-0.409604,1.01,100
2000 WO183,7.53,43.8511280,0.0675408,0.0252562,1.243245,0.438812,-0.428390,0.03,100
2000 WT169,6.15,44.9279635,0.0123697,0.0098622,1.198805,0.362180,-0.358377,0.03,100
2000 WV12,6.88,43.5407437,0.0345833,0.0235764,1.256563,0.436897,-0.432846,0.03,100
2000 YA2,6.97,44.1403865,0.0593776,0.0345472,1.231040,0.405683,-0.406674,0.03,100
2000 YB2,7.21,38.7810051,0.0370670,0.0358859,1.494948,1.216444,-0.981431,1.88,100
2000 YE2,8.27,47.7996551,0.1953528,0.0875681,1.092401,-0.126232,-0.239606,0.72,100
2000 YF2,6.91,45.6254886,0.0735076,0.0086063,1.171416,0.344977,-0.343409,0.01,100
2000 YV1,7.20,43.9234668,0.0315668,0.0384756,1.240171,0.407997,-0.408729,0.03,100
2000 YX1,7.21,45.6171503,0.0784144,0.0579811,1.171736,0.337647,-0.341557,0.05,100
2000 YZ1,7.47,44.2904624,0.1634236,0.1252855,1.225013,0.441231,-0.467809,14.46,100
2001 DB106,6.50,43.1838030,0.0455818,0.0535237,1.272177,0.449964,-0.453895,0.02,100
2001 DC106,6.45,42.2252011,0.0382428,0.0249874,1.315756,0.700591,-0.513146,0.00,100
2001 DD106,7.21,44.0732956,0.0997459,0.0159326,1.233858,0.440615,-0.438667,0.49,100
2001 ES24,7.37,44.3539757,0.0642521,0.0473199,1.222156,0.392964,-0.395880,0.03,100
2001 FK185,7.32,43.2951359,0.0331333,0.0188830,1.267273,0.449751,-0.447695,0.03,100
2001 FK193,6.82,44.0088353,0.0593180,0.0288825,1.236565,0.412884,-0.414366,1.15,100
2001 FL185,7.13,44.1745345,0.0783768,0.0329918,1.229614,0.413594,-0.414894,0.15,100
2001 FL193,8.70,49.9885982,0.1925925,0.0190624,1.021442,0.254121,-0.261306,1.86,100
2001 FQ185,6.82,47.7996289,0.2365276,0.0309676,1.092373,-0.331263,-0.218726,0.15,100
2001 FT185,7.86,47.2998436,0.1119332,0.3321728,1.109724,0.166802,-0.219971,0.09,100
2001 FU172,8.26,39.4555977,0.2695101,0.4074164,1.456532,-0.281565,-0.281590,0.04,100
2001 HA59,6.46,43.7223620,0.0650174,0.0287182,1.248833,0.476955,-0.434568,1.24,100
2001 HZ58,6.27,42.7706393,0.0510928,0.0186304,1.290662,0.496137,-0.489824,0.03,100
2001 KA77,5.12,47.4793377,0.0923041,0.2279139,1.103456,0.261899,-0.246262,0.01,100
2001 KD77,5.62,39.4616170,0.1152809,0.0430958,1.456354,-2.201123,-0.525946,0.07,100
2001 KE77,7.19,45.4942004,0.1854746,0.3767958,1.176280,0.179653,-0.260675,5.44,100
2001 KF76,7.11,44.4413781,0.0259036,0.0377670,1.218551,0.381709,-0.380894,0.10,100
2001 KH76,6.47,46.2209388,0.1206563,0.0822475,1.148850,0.324971,-0.335161,0.08,100
2001 KL76,6.47,44.5570704,0.0974986,0.0526399,1.213808,0.074651,-0.392154,0.12,100
2001 KO77,7.55,43.9497530,0.1528636,0.3730115,1.238997,0.178884,-0.292636,0.19,100
2001 KW76,7.47,46.0220823,0.1997717,0.1430246,1.156462,0.366744,-0.403375,15.10,100
2001 KY76,6.08,39.4572850,0.2350886,0.0310300,1.456518,-0.434080,-0.382453,0.15,100
2001 OG109,8.15,43.5617149,0.0153073,0.0349889,1.255654,0.427872,-0.426333,0.02,100
2001 OK108,7.54,42.9904345,0.0274984,0.0240119,1.280773,0.464557,-0.465067,0.03,100
2001 OQ108,6.53,45.5887587,0.0137319,0.0243185,1.172830,0.333726,-0.329993,0.03,100
2001 OZ108,8.32,43.3657623,0.0505905,0.0300762,1.264178,0.451175,-0.448538,0.02,100
2001 PK47,7.10,39.8107398,0.0610482,0.1713399,1.437252,1.133671,-0.674793,0.21,100
2001 QA298,6.68,46.2350277,0.1864807,0.3759452,1.148247,0.139643,-0.243694,1.21,100
2001 QC298,6.26,46.3167032,0.1288166,0.5227015,1.145204,0.055440,-0.175796,0.13,100
2001 QD298,5.64,42.7097582,0.0429856,0.0495452,1.293421,0.486460,-0.485064,0.04,100
2001 QE298,6.80,43.7292297,0.1411330,0.0758160,1.248434,-0.372459,-0.372610,0.49,100
2001 QF331,7.78,42.3288025,0.2497083,0.0342787,1.310862,-0.358867,-0.348260,0.41,100
2001 QH298,7.67,39.4613709,0.1121664,0.0975946,1.456327,-2.492818,-0.458258,0.26,100
2001 QO297,5.81,42.9799541,0.0462696,0.0267130,1.281242,0.473555,-0.472086,0.03,100
2001 QP297,6.42,45.2965412,0.1160160,0.0194860,1.184189,0.379799,-0.384456,1.56,100
2001 QQ297,6.79,44.4159079,0.0770997,0.0469137,1.219607,0.396956,-0.399579,0.13,100
2001 QQ322,6.23,44.0520568,0.0624459,0.0431162,1.234745,0.409284,-0.412046,0.00,100
2001 QR297,6.28,44.4550986,0.0309437,0.0784484,1.217983,0.366147,-0.374585,0.03,100
2001 QS322,6.09,44.0764637,0.0383809,0.0294865,1.233718,0.403811,-0.403175,0.03,100
2001 QW322,7.85,44.0629984,0.0209206,0.0615569,1.234282,0.391299,-0.395586,0.06,100
2001 QX297,6.28,44.1963837,0.0310757,0.0445454,1.228698,0.392387,-0.393355,0.02,100
2001 QZ297,6.77,44.3582455,0.0570649,0.0352727,1.221980,0.393663,-0.394077,0.02,100
2001 RU143,5.96,39.4591704,0.1486580,0.1379923,1.456422,-1.467614,-0.397084,0.28,100
2001 RW143,7.18,43.0730580,0.0413607,0.0424225,1.277083,0.459627,-0.461182,0.14,100
2001 RX143,6.11,39.4559262,0.2573648,0.3641331,1.456530,-0.303372,-0.303259,0.26,100
2001 RZ143,6.49,44.1094803,0.0701323,0.0435701,1.232335,0.409267,-0.412984,0.01,100
2001 SE291,7.51,45.4329981,0.1370681,0.0113871,1.178880,0.398105,-0.416845,0.04,100
2001 UN18,6.54,44.2989129,0.0662601,0.0542895,1.224377,0.394043,-0.398035,1.83,100
2001 UP18,5.76,47.7996213,0.1009289,0.0089034,1.092377,-0.300150,-0.218561,1.30,100
2001 VN71,8.87,39.4562953,0.2568978,0.2912356,1.456529,-0.317250,-0.316011,0.27,100
2001 XR254,5.80,43.0051949,0.0291084,0.0465841,1.280112,0.456376,-0.461596,0.03,100
2001 XU254,6.66,43.4879690,0.0670011,0.0821655,1.258849,0.431926,-0.437030,0.06,100
2001 XX254,7.31,43.8214631,0.0257324,0.0032729,1.244505,0.418048,-0.524440,0.03,100
2002 CB225,7.19,44.1034007,0.0727238,0.0336845,1.232571,0.413958,-0.415925,1.10,100
2002 CD251,7.15,42.6229079,0.0267913,0.0169597,1.297378,0.489345,-0.490371,0.01,100
2002 CE251,8.33,39.4574252,0.2749297,0.1684890,1.456549,-0.103026,-0.403304,3.03,100
2002 CP154,6.64,52.0088435,0.1904283,0.0183030,0.962495,0.202934,-0.207993,0.31,100
2002 CS154,7.19,43.1948215,0.0422656,0.0179819,1.271691,0.459495,-0.457343,0.16,100
2002 CT154,7.14,46.8524810,0.1134548,0.0539676,1.125698,0.317663,-0.311550,0.00,100
2002 CU154,6.91,43.8167678,0.0624266,0.0298459,1.244708,0.444809,-0.427416,0.07,100
2002 CW224,6.93,39.4570000,0.2360760,0.1234750,1.456518,-0.429916,-0.352952,0.24,100
2002 CX224,5.98,46.2248791,0.1343559,0.2755520,1.148673,0.200579,-0.271179,0.09,100
2002 CY154,6.62,44.3283067,0.0803924,0.0175905,1.223223,0.408660,-0.409133,2.31,100
2002 CY248,5.27,46.2548809,0.1456633,0.1491960,1.147581,0.297441,-0.330024,0.00,100
2002 CZ154,7.49,43.4901816,0.0619514,0.1652879,1.258739,0.355549,-0.399024,0.02,100
2002 CZ224,6.95,45.0362446,0.0618404,0.0110692,1.194485,0.366295,-0.364242,0.04,100
2002 FV6,6.79,46.9930902,0.1571191,0.0767172,1.120664,0.343438,-0.335717,1.51,100
2002 FW36,6.76,42.9499453,0.0204329,0.0172162,1.282584,0.466062,-0.466512,0.03,100
2002 FW6,7.85,36.4799731,0.1259694,0.1200458,1.638478,-2.156866,-0.634979,0.40,100
2002 FX36,6.31,44.2034817,0.0512009,0.0457298,1.228403,0.396341,-0.398580,0.03,100
2002 GE32,7.13,39.4568351,0.2426568,0.2680474,1.456525,-0.355483,-0.355515,0.05,100
2002 GF32,5.83,39.4591613,0.1741010,0.0335572,1.456461,-1.045894,-0.439536,0.41,100
2002 GH166,7.19,39.4582272,0.2038933,0.1495550,1.456497,-0.661780,-0.398567,0.65,100
2002 GH32,5.37,42.0363152,0.0862157,0.4630303,1.324524,0.128113,-0.279463,0.03,100
2002 GL32,7.84,39.4602892,0.1261088,0.1238899,1.456370,-2.031455,-0.421651,0.08,100
2002 GR32,8.69,39.4571637,0.2761867,0.0720106,1.456545,-0.144978,-0.386209,0.63,100
2002 GS32,7.33,42.3296719,0.0776344,0.1349335,1.310885,-0.212275,-0.452654,2.31,100
2002 GV32,7.40,39.4578355,0.1925180,0.0741525,1.456481,-0.830695,-0.369224,0.12,100
2002 GW31,7.03,39.4575305,0.2288553,0.0845837,1.456515,-0.467021,-0.384584,0.16,100
2002 GW32,7.18,34.9482192,0.0652160,0.1310797,1.747449,-7.574492,-1.179865,0.88,100
2002 GY32,7.06,39.4631394,0.0932865,0.0598618,1.456225,-3.593797,-0.471395,0.03,100
2002 PA171,6.75,44.4051924,0.0801902,0.0149533,1.220045,0.406795,-0.405192,0.02,100
2002 PC171,7.68,44.7669906,0.0505845,0.0767133,1.205274,0.357662,-0.364979,0.30,100
2002 PD155,6.79,43.2941245,0.0227466,0.1220402,1.267307,0.410716,-0.418990,0.03,100
2002 PO149,6.55,44.0829601,0.0602822,0.0240310,1.233447,0.411533,-0.411449,0.00,100
2002 PP149,6.88,40.9828379,0.0887078,0.5575478,1.375905,0.060940,-0.253233,7.97,100
2002 PU170,7.06,47.7997910,0.2183624,0.0546199,1.092403,-0.112658,-0.245382,1.50,100
2002 PV170,6.19,42.7322440,0.0226565,0.0115260,1.292401,0.480007,-0.481780,0.03,100
2002 PX170,7.28,42.7154101,0.0353168,0.0292712,1.293165,0.486030,-0.485317,0.04,100
2002 PY170,7.95,43.0774391,0.0239990,0.0302009,1.276893,0.457040,-0.458009,0.07,100
2002 VB131,6.28,43.1817195,0.0337899,0.0112010,1.272270,0.457777,-0.455625,0.05,100
2002 VD131,6.57,45.1582670,0.0627801,0.0132919,1.189646,0.360943,-0.359251,0.02,100
2002 VD138,8.44,39.4595277,0.1435490,0.0707481,1.456407,-1.631185,-0.409769,0.12,100
2002 VE130,6.27,44.6046997,0.0615640,0.0657313,1.211862,0.375193,-0.378596,-0.01,100
2002 VF130,7.15,45.8692274,0.1144114,0.3594966,1.162040,0.145324,-0.240056,0.10,100
2002 VF131,6.53,44.2043869,0.0595710,0.0360495,1.228367,0.401913,-0.403486,0.03,100
2002 VT130,5.81,42.4880850,0.0320853,0.0414440,1.303559,0.526637,-0.497815,0.03,100
2002 VV130,7.56,42.3304687,0.1628035,0.0455877,1.310794,-0.971258,-0.373799,0.04,100
2002 VX130,8.35,39.4573640,0.2198932,0.0454724,1.456506,-0.562697,-0.362979,0.15,100
2002 WL21,7.65,43.1661455,0.0547893,0.0204724,1.272960,0.468014,-0.464765,0.04,100
2002 XH91,5.52,43.9736966,0.0800529,0.0534056,1.238049,0.421457,-0.424816,0.00,100
2002 XV93,4.92,39.4597679,0.1238609,0.2279037,1.456379,-1.935170,-0.382486,0.09,100
2003 FA130,7.57,42.6660580,0.0309390,0.0432764,1.295407,0.481326,-0.485380,0.19,100
2003 FD128,7.30,38.3142650,0.0000364,0.0566410,1.522347,19.912448,-1.032138,0.03,100
2003 FL127,6.22,39.4572962,0.2381364,0.0763993,1.456520,-0.407635,-0.407690,0.10,100
2003 FM127,6.77,43.8100205,0.0687426,0.0531183,1.244994,0.453985,-0.427745,0.04,100
2003 FM129,6.38,50.6519294,0.2768429,0.3157960,1.001384,0.145410,-0.215468,12.26,100
2003 GF55,6.59,45.5653474,0.0517377,0.0942167,1.173731,0.318941,-0.327891,0.03,100
2003 HA57,8.06,39.4571659,0.1442328,0.4756748,1.456448,-1.194427,-0.260431,0.05,100
2003 HD57,7.89,39.4582983,0.1762197,0.0933987,1.456462,-1.034013,-0.379041,0.19,100
2003 HE57,7.29,44.2737110,0.1025233,0.1501175,1.225470,0.348696,-0.387391,0.84,100
2003 HF57,8.67,39.4579452,0.1952377,0.0260617,1.456484,-0.804723,-0.379433,0.05,100
2003 HG57,6.49,43.6772622,0.0239457,0.0276604,1.250674,0.433102,-0.421839,0.01,100
2003 HH57,7.38,44.0706708,0.0854805,0.0289611,1.233965,0.425692,-0.426405,0.13,100
2003 HX56,7.10,47.2927155,0.2129290,0.4999357,1.109943,0.091941,-0.184292,0.21,100
2003 HZ56,7.52,43.6673018,0.0125062,0.0231352,1.251102,0.426486,-0.421257,0.03,100
2003 KO20,6.42,43.9862979,0.0439503,0.0558237,1.237514,0.401964,-0.405618,0.29,100
2003 LD9,6.57,47.3120040,0.1709969,0.1469990,1.109324,0.364232,-0.323242,1.62,100
2003 QA112,5.95,42.7341287,0.1230663,0.2745889,1.292273,0.302173,-0.392404,0.91,100
2003 QA92,6.65,38.2850669,0.0478099,0.0417302,1.524099,1.233377,-1.105978,0.11,100
2003 QB112,7.53,44.1084099,0.1088684,0.1926276,1.232350,0.317663,-0.376691,0.19,100
2003 QB91,6.10,39.4581221,0.2047589,0.0886842,1.456494,-0.693568,-0.395463,0.11,100
2003 QD91,7.05,43.3095424,0.0298542,0.0086222,1.266641,0.449185,-0.446249,0.01,100
2003 QE112,6.47,43.0885834,0.0487088,0.0410177,1.276398,0.463176,-0.463648,0.03,100
2003 QE91,7.24,43.0365249,0.0364932,0.0515844,1.278714,0.456018,-0.459887,0.08,100
2003 QF91,7.30,43.0065439,0.0277303,0.0103039,1.280053,0.466033,-0.464765,0.02,100
2003 QG91,7.28,42.6085102,0.0297589,0.0281225,1.298036,0.491389,-0.490925,-0.01,100
2003 QJ91,6.72,44.3266952,0.0489739,0.0159155,1.223284,0.395976,-0.394492,1.40,100
2003 QL91,6.66,43.0920986,0.0000073,0.0391580,1.276241,18.919294,-0.454018,0.01,100
2003 QN91,7.31,42.5873074,0.1291247,0.0837813,1.299028,0.699669,-0.574139,1.15,100
2003 QO91,6.71,45.3798944,0.1304773,0.1052447,1.180941,0.351630,-0.372816,0.04,100
2003 QQ91,7.47,38.7807886,0.0490556,0.1112246,1.494927,0.987158,-0.889283,2.89,100
2003 QR91,6.46,46.6150298,0.1922873,0.1139983,1.134330,0.351263,-0.378746,2.82,100
2003 QS91,7.41,46.2166782,0.1502903,0.0917138,1.149013,0.338643,-0.356458,0.17,100
2003 QT91,6.77,44.2322997,0.0795186,0.0284257,1.227206,0.411871,-0.412837,0.01,100
2003 QV90,6.99,43.9048439,0.0610872,0.0300695,1.240962,0.422844,-0.421330,0.01,100
2003 QX111,6.59,39.4593967,0.1457091,0.1503222,1.456421,-1.485129,-0.406442,0.25,100
2003 QX113,4.70,49.6583762,0.2426651,0.0775769,1.031659,0.300538,-0.319734,4.38,100
2003 QX90,6.66,43.8038442,0.0266919,0.0316000,1.245256,0.415756,-0.414919,0.03,100
2003 QX91,8.35,43.7263022,0.2142023,0.4851527,1.248452,-0.224577,-0.224505,0.32,100
2003 QY111,6.75,43.3608800,0.0359510,0.0248599,1.264391,0.445977,-0.443891,0.03,100
2003 QY90,6.48,42.8111271,0.0555180,0.0322600,1.288831,0.492341,-0.487473,0.03,100
2003 QZ111,7.02,43.0678545,0.0545101,0.0595223,1.277325,0.458943,-0.462959,0.74,100
2003 SN317,6.46,42.5440634,0.0350006,0.0576130,1.300985,0.496178,-0.491011,0.03,100
2003 SO317,8.14,39.4571192,0.2753037,0.1240714,1.456544,-0.148124,-0.380320,0.63,100
2003 SQ317,6.39,42.6925898,0.0874391,0.4712231,1.294050,0.098108,-0.258538,3.53,100
2003 SR317,7.49,39.4586648,0.1709493,0.1397271,1.456459,-1.070238,-0.395341,0.06,100
2003 TH58,7.21,39.4604689,0.0755058,0.4912667,1.456297,-2.812686,-0.288492,2.45,100
2003 TJ58,7.62,44.4526121,0.0944441,0.0231396,1.218099,0.419526,-0.411939,0.17,100
2003 TK58,7.04,43.1306418,0.0647095,0.0387480,1.274533,0.441699,-0.468930,1.16,100
2003 TL58,6.96,43.5962041,0.0480039,0.1634452,1.254148,0.353018,-0.390196,0.01,100
2003 UB292,5.89,47.1515011,0.0566841,0.3236021,1.114965,0.156784,-0.216910,0.02,100
2003 UN284,7.42,42.6737900,0.0236588,0.0392084,1.295057,0.476943,-0.483813,0.06,100
2003 UN292,7.43,44.9836488,0.1165273,0.0318948,1.196586,0.396398,-0.400498,0.04,100
2003 UT291,6.45,42.8381992,0.0503216,0.0166705,1.287609,0.488928,-0.485389,0.03,100
2003 UT292,6.89,39.4563913,0.2526236,0.3394929,1.456529,-0.316296,-0.316233,0.62,100
2003 UV292,7.28,39.4568837,0.2421314,0.1741692,1.456522,-0.391388,-0.353903,0.33,100
2003 UY291,7.27,49.2837680,0.1625804,0.0708149,1.043424,0.247756,-0.256005,0.00,100
2003 UY413,5.50,47.3572695,0.2234020,0.3662080,1.107682,0.218832,-0.249190,0.76,100
2003 UZ291,7.16,45.1817538,0.1235553,0.1090102,1.188717,0.359224,-0.375041,0.00,100
2003 WA191,8.28,39.4571998,0.2274822,0.0840356,1.456512,-0.503329,-0.357876,0.24,100
2003 WU188,5.77,44.1920827,0.0480329,0.0382911,1.228879,0.398271,-0.399134,0.06,100
2003 YJ179,7.02,43.7248289,0.0881953,0.0238962,1.248516,0.499748,-0.449094,0.86,100
2003 YK179,6.86,41.7196334,0.1353610,0.3638087,1.339668,0.222760,-0.367709,3.83,100
2003 YL179,7.43,38.8733445,0.0174323,0.0659809,1.489606,0.673179,-0.908089,0.41,100
2003 YM179,8.01,41.0131334,0.0535678,0.3722861,1.374431,0.216725,-0.366722,0.02,100
2003 YN179,6.83,44.3156925,0.0077160,0.0239182,1.223739,0.673012,-0.386316,0.03,100
2003 YP179,7.40,44.1028216,0.0897592,0.0157482,1.232616,0.428967,-0.428783,1.20,100
2003 YR179,7.17,43.4828034,0.0626707,0.1446118,1.259063,0.376764,-0.410323,0.03,100
2003 YS179,6.94,43.6409155,0.0173073,0.0326692,1.252237,0.426011,-0.422318,0.03,100
2003 YT179,7.18,43.6037020,0.0204990,0.0603301,1.253839,0.417760,-0.420405,0.03,100
2003 YU179,7.12,46.7960195,0.1635470,0.0595409,1.127740,0.352968,-0.352929,1.13,100
2003 YV179,7.05,47.1027126,0.2162183,0.2473015,1.116724,0.264865,-0.310556,1.62,100
2003 YX179,6.90,43.6408116,0.0409042,0.0564756,1.252241,0.431944,-0.423966,0.03,100
2004 DH64,6.08,46.5083288,0.0907895,0.0451996,1.138216,0.315656,-0.313379,0.00,100
2004 DM71,7.32,43.1478448,0.0453820,0.0175519,1.273770,0.464764,-0.461805,0.12,100
2004 EJ96,7.97,39.4575007,0.2359360,0.1661452,1.456521,-0.396826,-0.396763,0.42,100
2004 EP95,6.95,43.5953902,0.0163739,0.1754161,1.254180,0.332305,-0.378875,0.03,100
2004 ES95,6.80,45.3419281,0.1302881,0.0383691,1.182421,0.384462,-0.391488,0.63,100
2004 EV95,7.44,39.4576009,0.1881277,0.2070526,1.456481,-0.838322,-0.341092,0.09,100
2004 FU148,6.67,39.4566877,0.2423873,0.2772665,1.456526,-0.348869,-0.348804,0.06,100
2004 FW164,8.05,39.4591765,0.1560728,0.1710293,1.456443,-1.240491,-0.414718,0.11,100
2004 HA79,7.11,39.4557344,0.2566659,0.3797805,1.456531,-0.297642,-0.297628,0.10,100
2004 HB79,8.76,39.4577011,0.2263783,0.0551461,1.456512,-0.498001,-0.390594,0.10,100
2004 HC79,7.13,46.4580576,0.1558756,0.0153981,1.140053,0.362710,-0.365084,4.33,100
2004 HD79,5.78,45.9998621,0.0349149,0.0270483,1.157140,0.320374,-0.316579,0.02,100
2004 HE79,7.42,44.3647348,0.0901995,0.0228293,1.221716,0.413804,-0.413541,0.04,100
2004 HG79,6.93,44.2623039,0.0158433,0.0400638,1.225954,0.388508,-0.388119,0.03,100
2004 HH79,7.00,43.3116216,0.0578286,0.1728665,1.266530,0.350503,-0.402508,0.08,100
2004 HK79,6.89,43.9557092,0.0704490,0.0070932,1.238810,0.427708,-0.470345,0.05,100
2004 HL79,7.59,42.1592238,0.0746583,0.2994899,1.318772,0.362475,-0.379897,0.63,100
2004 HM79,7.71,36.4851589,0.0734680,0.0280910,1.638179,-6.457096,-0.881827,0.03,100
2004 HN79,6.87,45.9619608,0.2142645,0.1904603,1.157896,0.314576,-0.385536,15.35,100
2004 HP79,6.71,47.7981063,0.2060155,0.0418796,1.092413,-0.036861,-0.208929,9.64,100
2004 HX78,7.89,39.4580519,0.1499688,0.2982327,1.456436,-1.316386,-0.321979,0.02,100
2004 HY78,8.40,39.4576481,0.1917238,0.2202385,1.456485,-0.785768,-0.344591,0.28,100
2004 HZ78,7.34,39.4592580,0.1505596,0.2200732,1.456447,-1.196609,-0.423821,0.35,100
2004 KB19,7.44,39.4564832,0.2497928,0.2466221,1.456527,-0.341034,-0.341143,0.28,100
2004 KC19,8.27,39.4574117,0.2330659,0.1354632,1.456517,-0.439759,-0.370699,0.15,100
2004 KD19,7.39,38.2999930,0.0175806,0.0717380,1.523194,0.673133,-1.008764,0.00,100
2004 KE19,6.57,44.4199391,0.0499540,0.0523015,1.219433,0.383321,-0.386247,0.05,100
2004 KF19,6.92,44.1780797,0.0578858,0.0344540,1.229454,0.403209,-0.404087,0.56,100
2004 KG19,7.37,43.3197248,0.0222121,0.0484976,1.266192,0.436567,-0.439764,0.05,100
2004 KH19,6.44,40.8205326,0.1186463,0.5915570,1.383996,0.045242,-0.241875,4.55,100
2004 KJ19,6.83,47.0574120,0.2373289,0.4302594,1.118293,0.118939,-0.221228,1.75,100
2004 KK19,7.22,42.3291805,0.1349001,0.1189174,1.310888,0.958416,-0.598288,11.79,100
2004 KM19,8.17,47.8000788,0.2934556,0.0565963,1.092356,-0.449876,-0.208030,0.01,100
2004 LW31,6.90,46.3060396,0.0295356,0.0316005,1.145680,0.308895,-0.304471,0.03,100
2004 MS8,8.29,39.4569620,0.3020854,0.2332294,1.456562,0.043661,-0.395888,3.75,100
2004 MT8,6.41,43.1664822,0.0525604,0.0082304,1.272946,0.468312,-0.488407,0.08,100
2004 MU8,5.92,44.9255349,0.0869687,0.0351070,1.198905,0.377703,-0.379977,0.00,100
2004 MV8,6.97,47.2604061,0.1806815,0.4292955,1.111102,0.122120,-0.202447,0.84,100
2004 OJ14,6.37,55.3668006,0.2871873,0.3564092,0.876134,0.243621,-0.156803,6.66,100
2004 OP15,6.91,38.6317213,0.0535433,0.4156138,1.503526,0.243861,-0.431865,1.50,100
2004 OQ15,6.92,43.7286152,0.0483083,0.1823368,1.248450,0.043735,-0.388915,0.48,100
2004 PA112,7.06,38.9629206,0.1090278,0.5318239,1.484219,0.157797,-0.329157,13.18,100
2004 PB108,6.45,45.1496034,0.1073275,0.3289343,1.189942,0.183110,-0.268846,0.06,100
2004 PS107,7.62,48.2104318,0.2425730,0.3838752,1.078371,0.208229,-0.230522,3.33,100
2004 PT117,6.80,43.0487710,0.0430265,0.0412455,1.278169,0.462356,-0.464135,0.03,100
2004 PU117,7.03,42.8812837,0.0211276,0.0302575,1.285667,0.466914,-0.470142,0.07,100
2004 PV117,6.58,46.1421533,0.1622688,0.1133794,1.151796,0.337200,-0.363520,1.63,100
2004 PW107,6.55,43.7263444,0.1193310,0.0747052,1.248594,0.481691,-0.467620,1.60,100
2004 PW117,6.34,43.7269722,0.0939571,0.0054249,1.248537,0.663861,-0.497358,1.30,100
2004 PX107,7.04,43.6457348,0.0442323,0.0236089,1.252031,0.448245,-0.429784,0.04,100
2004 PX117,6.53,44.3250625,0.0946426,0.0420627,1.223319,0.412351,-0.416936,2.94,100
2004 PY107,6.24,44.2351569,0.0891079,0.0112290,1.227089,0.420699,-0.421047,0.03,100
2004 PZ107,7.47,45.7853838,0.1863009,0.2153239,1.165268,0.166349,-0.339550,0.68,100
2004 QE29,7.51,40.9432511,0.0895484,0.4274744,1.377932,0.162765,-0.334710,0.13,100
2004 QG29,7.88,48.6283877,0.2400576,0.4752584,1.064513,0.079711,-0.177473,2.39,100
2004 QH29,7.29,50.8405504,0.2310677,0.2267461,0.995851,0.198042,-0.221308,0.47,100
2004 SC60,7.18,43.7280992,0.2626342,0.0282527,1.248445,-0.280512,-0.325157,0.08,100
2004 TV357,6.66,47.7998699,0.2881816,0.1817598,1.092357,-0.444155,-0.196549,0.06,100
2004 TX357,8.68,36.4774490,0.1969786,0.2833583,1.638598,-0.424688,-0.525510,1.89,100
2004 UD10,6.64,42.8979905,0.0235941,0.0302605,1.284914,0.466872,-0.469299,0.65,100
2004 US10,9.36,39.4578983,0.2046245,0.1861912,1.456498,-0.647627,-0.374737,0.14,100
2004 VA131,7.34,45.5952633,0.0990042,0.0337425,1.172584,0.353496,-0.355741,0.03,100
2004 VB131,6.55,44.2329474,0.0643768,0.0175515,1.227178,0.406149,-0.405679,0.03,100
2004 VC131,6.02,44.0081995,0.0813290,0.0181099,1.236602,0.431201,-0.427718,1.01,100
2004 VD131,6.58,46.4340467,0.1306489,0.0543753,1.140953,0.335011,-0.338918,0.03,100
2004 VE131,7.55,42.3284354,0.2539514,0.1128317,1.310863,-0.354432,-0.319389,0.09,100
2004 VF131,6.85,43.7289691,0.2129457,0.0528114,1.248441,-0.316218,-0.393042,0.50,100
2004 VS75,7.00,44.5566895,0.1034737,0.1189534,1.213818,0.158309,-0.385298,0.34,100
2004 VT75,6.33,39.4569251,0.2420056,0.1753713,1.456522,-0.392539,-0.355501,0.38,100
2004 VU75,6.64,43.7236277,0.1067337,0.0275035,1.248713,0.639562,-0.480093,1.79,100
2004 VV130,7.40,39.4568184,0.1797482,0.3923902,1.456479,-0.855840,-0.276210,0.00,100
2004 VX130,7.75,39.4575248,0.2037197,0.0844627,1.456494,-0.691589,-0.361650,0.04,100
2004 VY130,8.04,39.4563793,0.2814099,0.1754192,1.456542,-0.177503,-0.323964,0.16,100
2004 VZ130,8.73,39.4569191,0.2807608,0.1812947,1.456546,-0.127515,-0.367460,0.63,100
2004 VZ75,7.03,39.4579754,0.1931702,0.0774076,1.456482,-0.821081,-0.377756,0.16,100
2004 XX190,7.09,45.2691117,0.1110203,0.0125950,1.185284,0.378285,-0.382464,0.05,100
2005 BV49,6.96,43.7284454,0.0550014,0.1105494,1.248490,0.069544,-0.419093,2.02,100
2005 BW49,6.68,44.1403396,0.0775073,0.0197196,1.231044,0.417648,-0.417869,-0.01,100
2005 CA79,5.26,47.7980930,0.1747695,0.1762211,1.092412,-0.042595,-0.203618,5.43,100
2005 CD81,7.12,39.4578983,0.1469650,0.3888527,1.456453,-1.138846,-0.313491,0.28,100
2005 CE81,7.40,42.7751291,0.0510917,0.0226235,1.290459,0.494921,-0.488511,0.04,100
2005 CF81,8.38,36.4885039,0.0581644,0.0339804,1.637964,-9.554125,-0.950020,0.03,100
2005 CG81,6.18,53.9188282,0.2350506,0.4202244,0.911770,0.078837,-0.128310,0.15,100
2005 EB318,6.70,45.1062472,0.1567690,0.0794025,1.191762,0.383893,-0.423753,2.05,100
2005 EC318,6.24,43.7978828,0.0427338,0.0202149,1.245511,0.428586,-0.420616,0.02,100
2005 EE296,6.69,44.2082112,0.0598060,0.0694871,1.228205,0.389058,-0.397428,0.01,100
2005 EM303,7.50,43.6096805,0.0000019,0.0714516,1.253580,25.623069,-0.416682,0.03,100
2005 EN302,7.00,45.0376473,0.0901981,0.0410942,1.194431,0.373933,-0.376328,0.03,100
2005 EO304,6.13,45.6871812,0.0631843,0.0291816,1.169043,0.337280,-0.335691,0.02,100
2005 ER318,7.72,36.4783085,0.1612743,0.1886034,1.638550,-1.118654,-0.534249,1.35,100
2005 EW318,6.38,44.5480372,0.0736681,0.0188325,1.214146,0.453299,-0.395630,1.48,100
2005 EX297,6.12,44.0851554,0.0970673,0.0600810,1.233357,0.422261,-0.427768,0.02,100
2005 EX318,7.05,39.4586866,0.2112202,0.0959338,1.456506,-0.566857,-0.445830,2.67,100
2005 EZ300,7.29,39.4582589,0.2221220,0.2048647,1.456520,-0.415580,-0.421514,2.54,100
2005 GA187,7.29,39.4563280,0.2506358,0.2859134,1.456527,-0.331633,-0.331608,0.40,100
2005 GC187,7.07,44.1874068,0.1261000,0.0643483,1.229110,0.446539,-0.450477,2.44,100
2005 GD187,7.21,43.0852378,0.0192256,0.0323791,1.276546,0.454940,-0.456079,0.00,100
2005 GF187,7.84,39.4568531,0.2416677,0.0958378,1.456521,-0.396726,-0.355613,0.16,100
2005 GV210,6.75,39.4585527,0.1731994,0.2017643,1.456469,-0.967274,-0.390779,0.10,100
2005 GX186,6.79,44.0205005,0.0172315,0.0637702,1.236069,0.391080,-0.396968,0.03,100
2005 JA175,5.79,42.5509999,0.1131938,0.2636995,1.300625,0.386595,-0.405968,0.05,100
2005 JB186,7.78,41.5119573,0.1070196,0.3672008,1.349729,0.209495,-0.363119,0.48,100
2005 JH177,6.86,44.5545095,0.0982812,0.0333684,1.214070,0.521507,-0.415346,1.37,100
2005 JJ186,6.45,44.6975599,0.0898125,0.0457520,1.208091,0.388752,-0.392564,0.04,100
2005 JK186,6.59,47.3948204,0.2447528,0.4390234,1.106432,0.184339,-0.224267,2.85,100
2005 JP179,6.10,42.9937148,0.0291896,0.0327687,1.280626,0.462726,-0.464375,0.03,100
2005 JR179,5.93,46.9522453,0.1178052,0.0416054,1.122113,0.323171,-0.312151,0.02,100
2005 JY185,6.84,44.1644823,0.0734262,0.0368797,1.230034,0.410103,-0.412560,0.01,100
2005 JZ174,6.56,42.6822082,0.0686319,0.0804607,1.294699,0.506537,-0.493191,0.97,100
2005 LA54,6.45,44.3792572,0.0463521,0.1018178,1.221106,0.359645,-0.375875,0.04,100
2005 LB54,5.70,43.7226593,0.0547768,0.0230843,1.248871,0.525005,-0.432821,0.91,100
2005 PL21,6.58,46.6039003,0.1428766,0.0647911,1.134728,0.335630,-0.338951,1.76,100
2005 PS21,6.57,44.5603117,0.0971223,0.0575257,1.213544,0.496070,-0.407481,1.10,100
2005 RQ43,6.46,41.4193135,0.0892631,0.3201632,1.354279,0.261740,-0.399287,0.20,100
2005 SD278,6.45,55.4651161,0.2809230,0.2846933,0.873909,-0.158110,-0.115190,0.05,100
2005 SE278,7.10,42.3321012,0.0997444,0.0967585,1.310740,-1.459009,-0.432386,0.05,100
2005 SF278,6.83,43.7283887,0.1944415,0.1847262,1.248448,-0.258694,-0.379454,1.00,100
2005 TN53,8.98,30.1107688,0.0575823,0.4283161,2.184837,1.435973,-0.489239,0.13,100
2005 TN74,7.23,42.3297040,0.2210415,0.1050987,1.310865,-0.339419,-0.425675,2.81,100
2005 TV189,7.63,39.4563116,0.1459570,0.5895463,1.456457,-1.094401,-0.213644,0.10,100
2005 VA123,7.14,39.4572936,0.2368176,0.0706154,1.456519,-0.417521,-0.368363,0.14,100
2006 AO98,7.52,37.9695613,0.0852952,0.3820967,1.542302,0.306506,-0.511515,14.76,100
2006 BR284,6.63,43.8694444,0.0477580,0.0329594,1.242464,0.417959,-0.417181,0.18,100
2006 CH69,6.59,45.8110999,0.0412642,0.0283146,1.164301,0.327903,-0.324897,0.03,100
2006 HA123,7.00,42.8309551,0.0363383,0.0286221,1.287935,0.476973,-0.477534,0.03,100
2006 HB123,7.04,44.1437065,0.0835996,0.0230763,1.230904,0.420627,-0.421644,0.00,100
2006 HN122,7.65,45.9551252,0.1853885,0.1461629,1.158858,0.344641,-0.383319,1.88,100
2006 HP122,7.21,46.3103627,0.1674794,0.1436410,1.145535,0.313321,-0.347936,1.88,100
2006 HW122,6.37,45.5142491,0.0663552,0.0243119,1.175714,0.345823,-0.344432,0.03,100
2006 JU58,6.68,46.2902755,0.1207836,0.1420307,1.146263,0.290310,-0.315409,0.02,100
2006 JV58,6.65,45.0133766,0.0564244,0.0287253,1.195395,0.363479,-0.362622,0.02,100
2006 QF181,7.03,44.8775200,0.0796584,0.0305909,1.200830,0.377470,-0.378935,0.04,100
2006 QQ180,6.99,42.3297866,0.1799391,0.1437475,1.310820,-0.740908,-0.360470,0.29,100
2006 QR181,7.18,46.6856591,0.2046151,0.1980253,1.131732,0.284462,-0.340058,0.72,100
2006 SE415,7.68,42.6636677,0.0249267,0.3294967,1.295452,0.194815,-0.331064,0.55,100
2006 SF415,7.94,43.2661689,0.0770982,0.2988906,1.268496,0.227563,-0.336135,0.02,100
2006 SH415,7.99,49.8274672,0.2459953,0.4500361,1.026343,0.081630,-0.169616,0.46,100
2006 TO130,7.71,36.4789673,0.1459960,0.0618985,1.638515,-1.628062,-0.586666,0.04,100
2006 TP130,6.60,39.4577341,0.2711089,0.0915445,1.456548,-0.112632,-0.426132,2.45,100
2006 UO321,6.65,43.7496374,0.0840217,0.0092426,1.247543,0.588027,-0.453523,0.70,100
2006 UZ184,7.33,39.4567329,0.2478353,0.2569745,1.456526,-0.344504,-0.344523,0.16,100
2006 WF206,6.63,43.5664392,0.0395788,0.0137217,1.255451,0.440245,-0.433279,0.01,100
2006 WG206,6.87,50.4172765,0.2883806,0.2689404,1.008405,0.132741,-0.244421,3.00,100
2006 WS195,7.54,39.4550261,0.2810489,0.5017387,1.456535,-0.249041,-0.249131,0.07,100
2007 CQ79,6.79,45.5094408,0.0727707,0.0388419,1.175899,0.345733,-0.345875,0.10,100
2007 CR79,7.41,47.2061952,0.2278562,0.3461982,1.113063,0.195060,-0.258754,3.23,100
2007 CS79,6.75,44.2347340,0.0429984,0.0501943,1.227101,0.390875,-0.393804,0.04,100
2007 DS101,6.75,44.0690110,0.0791343,0.0299176,1.234035,0.421139,-0.421842,0.04,100
2007 FM51,6.63,45.6184392,0.1664812,0.4619343,1.171611,0.090246,-0.214272,0.59,100
2007 FO51,7.04,50.5157216,0.2901983,0.4568149,1.005419,0.089060,-0.171020,2.04,100
2007 FP51,8.14,44.8500389,0.1980453,0.4113427,1.201904,0.120786,-0.262123,7.75,100
2007 HV90,6.03,43.9865429,0.0600199,0.0165896,1.237508,0.418409,-0.417248,0.27,100
2007 JF45,5.86,39.4623726,0.0894411,0.1951381,1.456275,-3.058989,-0.464418,0.08,100
2007 LE38,7.11,54.1246548,0.2220803,0.5867790,0.906549,0.021637,-0.095633,0.13,100
2007 PS45,5.51,47.7978587,0.2106467,0.3048763,1.092416,-0.015881,-0.194488,6.16,100
2007 RL314,6.99,40.4271585,0.0380984,0.3734913,1.404512,0.230557,-0.387279,2.23,100
2007 RT15,6.75,39.4568401,0.2426177,0.1752250,1.456523,-0.377057,-0.377126,0.25,100
2007 RW326,8.73,45.9665652,0.2365385,0.3746982,1.158496,0.151112,-0.270857,14.76,100
2007 RX326,7.62,46.2027898,0.1566071,0.4469466,1.149336,0.096769,-0.207661,0.78,100
2007 RY326,7.80,38.8658232,0.0647638,0.4508916,1.489905,0.215883,-0.390420,8.55,100
2007 TD418,7.95,48.2973368,0.1898136,0.2399116,1.075542,0.253004,-0.260313,2.27,100
2007 TZ417,7.43,41.5637759,0.1364230,0.3517275,1.347244,0.262222,-0.384609,2.90,100
2007 VJ302,6.77,43.2080789,0.0473746,0.1100892,1.271098,0.413618,-0.435742,0.02,100
2008 AQ118,6.01,41.5603018,0.0645139,0.4371975,1.347353,0.140566,-0.305113,0.07,100
2008 LC18,8.28,30.1107892,0.0814907,0.4382791,2.184837,1.420375,-0.505286,0.09,100
2008 QB43,5.29,41.8126501,0.0919415,0.4638228,1.335165,0.089006,-0.285860,0.29,100
2008 SO266,6.38,39.4566975,0.2426028,0.3051175,1.456524,-0.372968,-0.314845,0.76,100
2008 SP266,5.86,41.0557741,0.1211833,0.3173471,1.372325,0.340100,-0.434603,1.29,100
2009 DL143,7.54,43.5985195,0.0544861,0.1645840,1.254049,0.355146,-0.391076,0.08,100
2009 DN143,8.83,39.4583019,0.2024330,0.1535019,1.456498,-0.654030,-0.405120,0.39,100
2009 DR143,7.56,46.9634522,0.1562111,0.1353691,1.121709,0.307989,-0.317550,0.05,100
2009 DS143,8.48,49.2980600,0.2420942,0.1701590,1.042953,0.252607,-0.293601,3.47,100
2009 JZ18,7.75,39.4477030,0.2643948,0.3862760,1.456556,-0.122390,-0.366065,1.84,100
2009 KL30,7.49,45.7530910,0.2129203,0.4119336,1.166889,0.137495,-0.246661,8.19,100
2009 KO30,8.60,44.3362647,0.0674854,0.1352061,1.222879,0.343634,-0.373135,0.18,100
2009 UF156,6.49,42.9407281,0.0316031,0.0112785,1.282998,0.471407,-0.470124,0.03,100
2010 AH2,5.83,40.5833336,0.0443468,0.2879796,1.396355,0.335343,-0.457380,0.08,100
2010 EL139,5.09,39.4607539,0.0758963,0.4060096,1.456302,-2.765168,-0.343991,0.95,100
2010 FX86,4.18,46.8426812,0.0597339,0.4475912,1.125984,0.089426,-0.185173,0.03,100
2010 JK124,5.27,39.7149158,0.0433475,0.2954954,1.442427,1.023172,-0.499267,3.02,100
2010 KZ39,3.94,45.2623899,0.0572937,0.4236982,1.185473,0.109432,-0.220879,0.03,100
2010 LB136,6.45,39.4570304,0.2707440,0.2129232,1.456543,-0.161114,-0.368109,0.66,100
2010 LP68,9.05,36.4826899,0.0791796,0.1719431,1.638280,-5.003785,-0.690385,0.10,100
2010 MQ116,5.44,42.3260429,0.2150719,0.5022303,1.310841,-0.068371,-0.261797,4.22,100
2010 OO127,4.67,42.3283049,0.1953911,0.4352489,1.310842,-0.243732,-0.270588,2.55,100
2010 PP81,6.81,51.7359068,0.2779292,0.5001961,0.969044,0.090482,-0.142458,2.06,100
2010 RD188,5.75,40.4649934,0.0634567,0.4467646,1.402428,0.162928,-0.332710,0.24,100
2010 RE188,6.63,46.0544488,0.1568772,0.1308697,1.155088,0.324745,-0.355547,0.61,100
2010 RF43,3.91,49.3816591,0.2591579,0.4993343,1.040443,0.061667,-0.163974,7.77,100
2010 RF64,4.95,43.0262199,0.1803504,0.4561417,1.279076,0.132879,-0.277528,4.71,100
2010 RN64,5.47,40.9544672,0.0862849,0.3118297,1.377407,0.290262,-0.427818,1.31,100
2010 RO64,5.22,46.9189825,0.1212791,0.2722409,1.123276,0.196652,-0.250672,0.06,100
2010 SS43,5.74,45.3577617,0.2103524,0.5800401,1.181702,0.035323,-0.180948,1.26,100
2010 TA192,6.49,42.0252629,0.1096152,0.3279841,1.325084,0.281230,-0.376035,0.70,100
2010 TD192,6.79,43.2120543,0.0391908,0.0472646,1.270929,0.448266,-0.451235,0.03,100
2010 TE192,6.64,41.2973787,0.0524350,0.3516423,1.360272,0.251366,-0.370646,1.44,100
2010 TF192,6.44,43.4133530,0.0260854,0.0097234,1.262099,0.442334,-0.439428,0.02,100
2010 TG192,6.86,44.0507640,0.0600976,0.0415256,1.234799,0.408855,-0.411061,0.03,100
2010 TJ182,8.17,39.4578361,0.2697092,0.1878117,1.456551,-0.078640,-0.432786,0.79,100
2010 TK192,6.68,46.4176467,0.1180055,0.5923170,1.141454,0.024968,-0.152160,0.04,100
2010 TL182,6.58,43.8567921,0.0656831,0.0132676,1.243004,0.437138,-0.427575,0.02,100
2010 TM182,7.12,39.4591931,0.1610437,0.0805830,1.456442,-1.253300,-0.420399,0.07,100
2010 TN182,7.19,39.4596556,0.1398406,0.2162456,1.456435,-1.333399,-0.443119,0.29,100
2010 TP182,6.62,45.1029907,0.1888098,0.1894235,1.191770,0.367370,-0.407363,5.18,100
2010 TT191,8.05,30.1120809,0.0681444,0.0909811,2.184837,2.151594,-0.726584,0.42,100
2010 VK201,4.52,43.2309547,0.1043504,0.4698976,1.269998,0.098520,-0.249017,0.08,100
2010 VL201,5.91,36.4958231,0.0396257,0.0782167,1.637488,-16.418532,-1.058384,0.38,100
2010 VQ11,5.60,45.2486781,0.1436863,0.2262494,1.186065,0.262954,-0.330285,0.76,100
2010 VR11,5.57,41.4533663,0.1460191,0.4892642,1.352631,0.107059,-0.289846,15.30,100
2010 VV224,6.10,44.1906995,0.1642473,0.4374882,1.228777,0.109000,-0.254650,9.13,100
2010 VX11,6.31,39.4556480,0.2600220,0.3816673,1.456531,-0.293933,-0.293875,0.02,100
2010 VX224,6.42,39.3820599,0.1229325,0.2496409,1.459667,1.069364,-0.655504,11.14,100
2011 BS163,6.44,43.7852590,0.0588686,0.0808402,1.246046,0.442068,-0.416624,0.04,100
2011 BV163,6.71,44.2081541,0.1019172,0.0444925,1.228217,0.426077,-0.428277,0.34,100
2011 CX119,6.64,41.8083619,0.1362916,0.4791954,1.335327,0.102398,-0.284450,5.70,100
2011 HE103,9.51,43.8767071,0.0825923,0.1434755,1.242140,0.370973,-0.398488,0.65,100
2011 HF103,8.45,43.0998586,0.0543561,0.0552163,1.275897,0.460122,-0.463668,0.01,100
2011 HM102,8.20,30.1105951,0.0883492,0.4669929,2.184837,1.342784,-0.474682,0.05,100
2011 HZ102,9.22,43.2531770,0.0000087,0.0444282,1.269116,18.604560,-0.442741,0.03,100
2011 JW31,9.28,46.0809982,0.1477801,0.0544578,1.154103,0.358360,-0.370579,1.49,100
2011 JX31,8.22,45.0110505,0.1108711,0.0412151,1.195492,0.389033,-0.392135,0.35,100
2011 JY31,8.82,44.0487871,0.0543130,0.0702736,1.234880,0.394660,-0.403423,0.02,100
2011 OA60,5.18,40.8884576,0.1407789,0.3708010,1.380364,0.229646,-0.398398,12.66,100
2011 SO277,7.77,30.1120222,0.0149603,0.0425054,2.184837,2.124853,-0.682536,0.11,100
2011 UA411,9.33,39.4581241,0.2323148,0.1907863,1.456525,-0.352778,-0.424020,1.07,100
2011 UA412,8.75,46.3098251,0.1451530,0.0658799,1.145549,0.344516,-0.352981,1.33,100
2011 UA413,8.69,36.4795586,0.1310454,0.1378478,1.638491,-1.976419,-0.609915,0.67,100
2011 UB412,8.02,43.5644454,0.0567033,0.2611952,1.255498,0.260500,-0.341855,0.04,100
2011 UC411,8.00,39.4572330,0.2662185,0.1196853,1.456539,-0.201736,-0.378612,0.49,100
2011 UC412,7.82,43.4498606,0.0724181,0.0661128,1.260525,0.445690,-0.448324,1.95,100
2011 UD411,7.12,39.4568977,0.2727586,0.2571653,1.456558,0.001264,-0.379972,2.66,100
2011 UD412,7.03,45.4851825,0.0626558,0.1069284,1.176818,0.317620,-0.331210,2.30,100
2011 UE412,6.75,43.5277939,0.1178800,0.3985485,1.257049,0.156874,-0.280482,0.02,100
2011 UF412,8.28,45.1302382,0.0099268,0.0628224,1.190750,0.342634,-0.344651,0.03,100
2011 UG411,8.72,47.7998895,0.1054986,0.2218853,1.092349,-0.193807,-0.208245,1.44,100
2011 UG412,7.79,46.5240951,0.1515653,0.0620049,1.137644,0.345170,-0.350698,0.02,100
2011 UH411,8.64,46.1906518,0.2422515,0.4619200,1.149906,0.035737,-0.220241,1.55,100
2011 UH412,8.31,42.6530666,0.1119205,0.2508130,1.295965,0.344711,-0.409436,0.07,100
2011 UJ411,8.47,42.3318662,0.1130593,0.0837450,1.310745,-1.413361,-0.415939,0.02,100
2011 UJ412,8.11,42.1022787,0.0331812,0.4898836,1.321404,0.086370,-0.258349,0.05,100
2011 UK411,6.96,42.3282807,0.2337089,0.2416656,1.310854,-0.435070,-0.294932,0.22,100
2011 UK412,7.94,40.7939528,0.0948607,0.4576363,1.385494,0.147391,-0.319497,1.57,100
2011 UK413,6.36,41.6200617,0.0893770,0.2651433,1.344508,0.187412,-0.441254,0.34,100
2011 UL411,8.73,42.3320095,0.0672482,0.0671456,1.310765,-1.231410,-0.489636,0.16,100
2011 UL412,7.72,43.0968899,0.0807268,0.2068517,1.276003,0.337667,-0.401910,0.07,100
2011 UM411,7.38,42.3302152,0.1570331,0.1579764,1.310798,-0.936684,-0.360290,0.00,100
2011 UM412,8.57,45.4477331,0.1329640,0.2096812,1.178280,0.272250,-0.325396,0.06,100
2011 UN411,9.29,42.3294210,0.2047689,0.0809506,1.310832,-0.636826,-0.346455,0.03,100
2011 UN412,8.52,38.9967143,0.0541075,0.3692877,1.482461,0.406665,-0.466783,5.33,100
2011 UO411,8.75,42.3293815,0.1976055,0.1208386,1.310825,-0.691904,-0.333062,0.02,100
2011 UP410,8.43,39.4596719,0.1648996,0.0777257,1.456454,-1.126840,-0.471199,0.19,100
2011 UQ410,9.56,39.4569242,0.2648760,0.0526382,1.456536,-0.238678,-0.355952,0.19,100
2011 UR410,9.68,39.4561489,0.2519699,0.3051833,1.456528,-0.325599,-0.325666,0.20,100
2011 US410,8.64,39.4570297,0.2414403,0.2186777,1.456524,-0.369887,-0.369903,0.08,100
2011 US412,7.81,47.8352915,0.1741945,0.0602059,1.090440,0.565507,-0.358207,4.16,100
2011 UT410,5.83,39.4586401,0.1761982,0.2259404,1.456478,-0.860214,-0.406697,0.44,100
2011 UT412,7.89,48.1106242,0.1736855,0.3247227,1.081776,0.247501,-0.228515,2.17,100
2011 UU410,9.91,39.4571276,0.2378520,0.2388087,1.456520,-0.406919,-0.344120,0.30,100
2011 UU411,7.98,43.9970609,0.0390056,0.0437893,1.237060,0.404187,-0.406040,0.07,100
2011 UV410,7.95,39.4571806,0.2369670,0.1365177,1.456519,-0.423118,-0.360808,0.24,100
2011 UV411,8.25,43.4153053,0.0667981,0.0668127,1.262013,0.442808,-0.447060,0.05,100
2011 UW410,8.31,39.4579206,0.2207232,0.1697703,1.456510,-0.516261,-0.389061,0.38,100
2011 UW411,8.50,43.7392804,0.1534352,0.0621339,1.248123,0.265241,-0.498160,2.05,100
2011 UX411,8.57,42.2870576,0.1135491,0.1319033,1.312627,1.089286,-0.587362,9.53,100
2011 UY410,9.31,39.4597280,0.1389136,0.1441949,1.456407,-1.629227,-0.417165,0.26,100
2011 UY411,7.87,44.2731271,0.0740534,0.0637671,1.225508,0.394315,-0.402233,0.36,100
2011 UZ410,8.38,39.4607432,0.1218558,0.0958076,1.456358,-2.165579,-0.445040,0.20,100
2011 UZ411,7.87,45.5998792,0.0506498,0.0461812,1.172401,0.334179,-0.333929,0.03,100
2011 UZ412,9.36,36.4797370,0.1259118,0.0870427,1.638469,-2.282971,-0.610381,0.01,100
2011 VJ24,5.92,39.4593972,0.1838519,0.1516964,1.456486,-0.780019,-0.484158,2.58,100
2011 XJ4,7.14,45.6423717,0.1942949,0.2030290,1.170711,0.305105,-0.369202,10.17,100
2012 BV154,7.20,46.9214963,0.2004020,0.2087414,1.123207,0.276723,-0.322718,1.17,100
2012 BY154,6.95,42.3299293,0.1742801,0.1254987,1.310807,-0.855130,-0.349333,0.02,100
2012 CS57,6.32,43.3632772,0.0302881,0.2780487,1.264241,0.239303,-0.336381,0.03,100
2012 DA99,6.63,42.9127445,0.0307548,0.0278744,1.284253,0.469419,-0.470382,0.03,100
2012 DB99,6.28,39.4580427,0.1858999,0.1492737,1.456477,-0.881022,-0.370231,0.19,100
2012 DW98,5.97,41.1430418,0.0323805,0.3397698,1.367936,0.406645,-0.382820,0.05,100
2012 DX98,7.19,47.7824858,0.2371343,0.2449929,1.093270,0.123409,-0.282238,3.71,100
2012 DZ98,6.60,42.8114385,0.0194155,0.0150972,1.288815,0.473298,-0.476015,0.05,100
2012 FH84,7.34,56.6732717,0.2674801,0.0661393,0.846143,0.154458,-0.161745,0.15,100
2012 FK84,6.44,46.5517522,0.1587156,0.2643632,1.136610,0.210495,-0.276954,0.83,100
2012 HE85,10.05,44.6102403,0.0958877,0.0805397,1.211638,0.405532,-0.393666,0.07,100
2012 HG84,5.52,43.0924814,0.0875701,0.2174507,1.276196,0.329961,-0.398360,0.07,100
2012 HL85,6.57,40.5753310,0.0192330,0.2570073,1.396779,0.381185,-0.483725,0.06,100
2012 HZ84,10.09,46.1527296,0.2004354,0.1322527,1.151727,0.363619,-0.401523,7.49,100
2012 JH67,5.43,47.8000436,0.2833285,0.1300484,1.092355,-0.460672,-0.1999 78,0.06,100
2012 KW51,6.38,47.7981060,0.1687971,0.2261546,1.092405,-0.059283,-0.201021,5.72,100
2012 OL6,7.27,53.8148782,0.2871525,0.1410439,0.914453,0.209232,-0.221874,0.57,100
2012 SB67,6.38,47.0952306,0.1423453,0.3192899,1.116968,0.173381,-0.235812,0.03,100
2012 TC324,6.58,42.3294473,0.1908745,0.1492176,1.310822,-0.718607,-0.333940,0.05,100
2012 TD324,6.88,39.4598103,0.1420059,0.1348535,1.456415,-1.543245,-0.435841,0.05,100
2012 TE324,6.33,46.1667482,0.1184482,0.0785502,1.150874,0.327493,-0.336286,0.05,100
2012 TF324,6.56,43.4174991,0.1145885,0.1582016,1.261908,0.403391,-0.440609,0.02,100
2012 UB178,5.91,42.7442321,0.0909519,0.1603174,1.291840,0.423445,-0.458663,0.21,100
2012 UC178,6.72,42.3302780,0.1581143,0.0743432,1.310862,-0.366364,-0.498262,1.29,100
2012 UE178,6.16,43.8034991,0.0418922,0.0394718,1.245271,0.421799,-0.417895,0.04,100
2012 UG177,9.67,39.4562255,0.2319550,0.3776197,1.456530,-0.305136,-0.305621,0.46,100
2012 UH177,7.94,39.4567766,0.1781887,0.4316895,1.456482,-0.825586,-0.271150,0.17,100
2012 UL177,7.48,40.6993620,0.1362938,0.3522213,1.390392,0.111160,-0.419262,3.88,100
2012 UM177,8.63,43.6058755,0.0583818,0.3056139,1.253698,0.227797,-0.316174,0.02,100
2012 UN177,7.54,43.2166646,0.1537269,0.3575076,1.270663,0.204647,-0.325335,0.63,100
2012 UO177,8.31,41.6199235,0.0381044,0.3091480,1.344496,0.245421,-0.387918,1.69,100
2012 UP177,8.11,42.8986775,0.0970195,0.3139820,1.284687,0.231902,-0.345244,1.33,100
2012 UT177,7.66,47.5726381,0.1155905,0.3049384,1.100202,0.299595,-0.230602,0.28,100
2012 VR113,6.64,47.8002488,0.1641976,0.3107810,1.092329,-0.641849,-0.189269,0.07,100
2012 XR157,5.67,47.7990146,0.1912673,0.5196385,1.092341,-0.557584,-0.144608,0.04,100
2012 YO9,7.76,43.7281263,0.2200449,0.1883081,1.248437,-0.347528,-0.347694,0.17,100
2013 AQ183,6.71,46.5358710,0.1653106,0.0600442,1.137216,0.357222,-0.365349,0.07,100
2013 BN82,6.73,43.7287045,0.1888375,0.1393216,1.248438,-0.341032,-0.357645,0.62,100
2013 CD223,5.80,39.4571592,0.2235389,0.0638189,1.456509,-0.529763,-0.367792,0.07,100
2013 EC138,5.98,47.8523267,0.1850499,0.1706665,1.089806,0.529006,-0.340150,5.55,100
2013 EJ154,6.00,44.0768535,0.1175449,0.1998373,1.233682,0.316844,-0.379096,0.20,100
2013 EM149,6.81,45.3220466,0.0561465,0.0486182,1.183200,0.345721,-0.346925,0.02,100
2013 FA28,5.92,44.2593984,0.0380919,0.0531364,1.226075,0.387941,-0.390323,0.03,100
2013 FB28,6.01,45.8894586,0.0649323,0.2903353,1.161285,0.187384,-0.257486,0.02,100
2013 FD28,6.32,39.4595695,0.1724122,0.1398512,1.456470,-0.951407,-0.478664,1.14,100
2013 FH28,6.15,43.3486234,0.1359124,0.2470058,1.264912,0.273648,-0.393294,1.14,100
2013 FQ28,6.03,62.8911818,0.2776838,0.4430806,0.723784,0.050289,-0.072952,0.01,100
2013 FR28,7.40,43.7283379,0.2438237,0.0212091,1.248435,-0.363177,-0.362617,0.03,100
2013 FZ27,4.20,47.8097907,0.1960171,0.2658345,1.091612,0.475783,-0.303226,6.57,100
2013 GA138,7.80,43.8590229,0.0358564,0.0388613,1.242906,0.412432,-0.413189,0.03,100
2013 GB138,7.31,43.0358549,0.0529891,0.0617627,1.278744,0.458525,-0.464507,0.25,100
2013 GC137,8.09,43.2846891,0.0412853,0.0303093,1.267732,0.451168,-0.449858,0.07,100
2013 GC138,7.32,42.9547353,0.0568270,0.0273144,1.282372,0.481906,-0.479262,0.02,100
2013 GD137,8.39,39.4613896,0.1084511,0.1385125,1.456318,-2.595482,-0.443518,0.19,100
2013 GD138,8.15,44.0096262,0.1000814,0.0488533,1.236533,0.429195,-0.438199,1.27,100
2013 GE137,8.95,39.4571530,0.2601417,0.0589502,1.456534,-0.255836,-0.366769,0.14,100
2013 GE138,7.72,44.2232522,0.0631249,0.0487082,1.227580,0.398249,-0.402510,0.21,100
2013 GF137,8.12,39.4587926,0.1552290,0.2390584,1.456449,-1.182418,-0.385454,0.62,100
2013 GF138,7.35,44.1049391,0.0238941,0.0312622,1.232523,0.399543,-0.398266,0.08,100
2013 GG137,8.86,39.4598654,0.1403053,0.0108819,1.456399,-1.718730,-0.427992,0.03,100
2013 GG138,6.62,47.5399466,0.0290646,0.4264450,1.101307,0.107518,-0.178606,0.03,100
2013 GH137,8.56,39.4568024,0.2409589,0.2146099,1.456522,-0.392234,-0.336382,0.44,100
2013 GJ137,8.61,39.4562755,0.2401112,0.2942162,1.456528,-0.330228,-0.329967,0.28,100
2013 GK137,7.31,39.4596647,0.1997285,0.0812211,1.456513,-0.485985,-0.535035,1.53,100
2013 GL137,8.59,39.4575889,0.2343022,0.1333558,1.456520,-0.409866,-0.391479,0.26,100
2013 GM137,7.36,44.1709601,0.0750312,0.3728708,1.229697,0.153352,-0.268597,0.14,100
2013 GN137,7.11,44.1566825,0.0643295,0.0192160,1.230359,0.410010,-0.409721,0.06,100
2013 GO136,8.31,38.8415392,0.0646170,0.3907714,1.491301,0.292915,-0.451155,1.31,100
2013 GO137,7.34,41.4860378,0.0871698,0.4790629,1.350956,0.107120,-0.284747,2.14,100
2013 GP137,7.38,43.7713848,0.0271556,0.0287270,1.246642,0.421953,-0.417091,0.02,100
2013 GQ136,6.55,48.7789480,0.1731567,0.0497162,1.059670,0.281934,-0.282511,0.03,100
2013 GQ137,7.47,45.7505617,0.1314916,0.0165772,1.166616,0.372588,-0.373991,0.52,100
2013 GR136,7.89,43.7289034,0.0773567,0.0565829,1.248455,-0.197682,-0.426224,0.51,100
2013 GR137,8.23,42.6944850,0.0000037,0.0348161,1.294126,25.175548,-0.481494,1.19,100
2013 GS137,7.81,43.9236182,0.0919764,0.0148463,1.240171,0.453792,-0.442636,0.08,100
2013 GT136,7.45,42.4926275,0.1300628,0.1667955,1.302724,0.728618,-0.522467,2.21,100
2013 GT137,7.49,44.6645067,0.1138756,0.0429524,1.209437,0.421681,-0.414472,0.03,100
2013 GU136,8.02,44.1992066,0.1626536,0.1120596,1.228611,0.398455,-0.472639,8.08,100
2013 GU137,7.68,44.9035280,0.0652244,0.0700746,1.199783,0.358723,-0.364875,0.02,100
2013 GV136,8.28,41.1910945,0.1000324,0.1647667,1.365519,-0.158699,-0.538911,2.47,100
2013 GV137,6.82,43.8538665,0.0908889,0.0288043,1.243131,0.480745,-0.445847,0.05,100
2013 GW137,7.80,42.9240177,0.0457832,0.0546932,1.283746,0.465853,-0.469632,0.06,100
2013 GX136,8.35,47.8002999,0.2488971,0.0163384,1.092406,-0.090914,-0.259302,1.77,100
2013 GX137,7.46,43.3528779,0.0496092,0.0439825,1.264741,0.446526,-0.447025,0.08,100
2013 GY137,7.68,44.9483793,0.0890682,0.0685914,1.197990,0.366426,-0.374525,0.07,100
2013 GZ137,7.78,41.4873949,0.0473699,0.3733595,1.350913,0.195949,-0.347445,1.78,100
2013 HR156,7.96,45.7850893,0.1900914,0.3603874,1.165244,0.071591,-0.261231,1.22,100
2013 HS156,8.54,45.7715042,0.1915022,0.1514642,1.165989,0.358489,-0.399103,9.34,100
2013 HT156,7.70,44.0896419,0.0221037,0.0432264,1.233164,0.396758,-0.397426,0.03,100
2013 HU156,5.52,39.4591936,0.1146628,0.3560565,1.456401,-1.694902,-0.351174,0.51,100
2013 HV156,5.23,47.4175005,0.1850992,0.2995769,1.105612,0.278132,-0.262494,0.33,100
2013 HW156,7.62,39.4580218,0.2356800,0.1560858,1.456523,-0.377262,-0.409314,1.59,100
2013 HY156,6.82,40.9220714,0.0653824,0.3356582,1.379035,0.255764,-0.402060,0.09,100
2013 HZ156,7.18,40.9761539,0.1197636,0.3352999,1.376234,0.277510,-0.418902,7.27,100
2013 JA65,9.04,39.4591527,0.1469031,0.1821209,1.456425,-1.436890,-0.391697,0.43,100
2013 JB65,8.48,39.4571023,0.1593433,0.4128661,1.456458,-1.081192,-0.273432,0.06,100
2013 JD65,8.30,39.4611827,0.1001260,0.2343665,1.456299,-2.795824,-0.396125,0.03,100
2013 JE64,8.23,47.7999165,0.2888545,0.1199582,1.092361,-0.415001,-0.203286,0.08,100
2013 JE65,9.39,39.4567959,0.2382031,0.1823638,1.456517,-0.444802,-0.326402,0.14,100
2013 JF65,9.22,39.4578839,0.1826249,0.1146410,1.456471,-0.945003,-0.360331,0.03,100
2013 JG64,7.71,41.8009752,0.1180914,0.3245154,1.335755,0.251649,-0.390638,3.34,100
2013 JG65,9.03,39.4564438,0.2482032,0.2526692,1.456521,-0.404066,-0.311112,0.22,100
2013 JH65,9.45,39.4568471,0.2888790,0.1263408,1.456549,-0.093614,-0.373751,0.56,100
2013 JJ64,7.48,47.8044505,0.0573173,0.1220393,1.092190,-0.319379,-0.234562,1.85,100
2013 JJ65,7.52,39.4558591,0.2558604,0.3418838,1.456529,-0.309668,-0.309686,0.07,100
2013 JK65,9.67,39.4560195,0.2775701,0.2998377,1.456535,-0.249914,-0.296715,0.16,100
2013 JL65,9.16,39.4572974,0.2274719,0.1145277,1.456513,-0.489077,-0.354931,0.22,100
2013 JM64,8.21,42.3304955,0.1337571,0.1023054,1.310838,-0.575798,-0.452193,0.99,100
2013 JM65,7.14,46.8634397,0.1280873,0.1668822,1.125292,0.270268,-0.292419,0.03,100
2013 JN64,8.42,52.9718885,0.2827604,0.1195729,0.936376,0.105549,-0.218779,0.78,100
2013 JN65,7.44,40.7274581,0.0144225,0.3065378,1.388942,0.292679,-0.428003,0.07,100
2013 JO65,8.31,42.4969820,0.0739710,0.1792662,1.303104,0.500273,-0.452268,0.36,100
2013 JP65,8.08,41.3381512,0.0656970,0.2308552,1.358301,0.387085,-0.474471,0.02,100
2013 JQ65,8.22,44.3116638,0.1241388,0.1310848,1.223845,0.380443,-0.413192,6.92,100
2013 JR65,7.93,46.2718981,0.1887575,0.1688493,1.146959,0.307163,-0.357643,2.36,100
2013 JS64,8.54,42.5846117,0.0407985,0.1789219,1.299106,0.369743,-0.431556,0.03,100
2013 JS65,8.46,40.6311772,0.0144859,0.2565351,1.393900,0.377131,-0.480042,0.03,100
2013 JT65,8.03,46.6831254,0.1988594,0.1439813,1.131835,0.330985,-0.368076,0.69,100
2013 JU64,8.80,40.2085817,0.0729174,0.4222903,1.415844,0.209183,-0.361284,1.61,100
2013 JV63,5.98,46.8663915,0.2103450,0.1036931,1.125102,0.385168,-0.399485,3.06,100
2013 JV65,6.45,42.7449741,0.0267420,0.0599805,1.291821,0.459030,-0.475044,0.03,100
2013 JW63,5.24,46.7295702,0.1920918,0.1625769,1.130168,0.308436,-0.346820,4.64,100
2013 JZ64,9.14,39.4567181,0.2442063,0.1363299,1.456523,-0.379739,-0.364757,0.12,100
2013 LY35,5.57,42.7298146,0.0586842,0.1794668,1.292489,0.371626,-0.429677,0.02,100
2013 MA12,5.59,41.5284500,0.0677358,0.3715323,1.348926,0.197927,-0.350133,0.04,100
2013 NK24,6.70,41.6195270,0.1461823,0.4692305,1.344460,0.093275,-0.297422,3.32,100
2013 NM24,6.14,45.0376674,0.1571762,0.5273723,1.194320,0.071152,-0.197398,1.44,100
2013 PV74,5.65,50.0457035,0.2255051,0.0306702,1.019645,0.235081,-0.282392,1.57,100
2013 PW74,7.24,38.1501470,0.1173611,0.4403438,1.532592,0.306233,-0.445731,17.11,100
2013 PX74,5.88,39.4597340,0.1489787,0.1188876,1.456428,-1.401726,-0.446267,0.13,100
2013 QO95,6.74,39.9669682,0.0680157,0.3291359,1.428545,0.390334,-0.458188,11.40,100
2013 RB98,6.62,42.3277894,0.2154084,0.3799637,1.310871,-0.260599,-0.289999,1.71,100
2013 RD98,7.53,39.4561260,0.2493333,0.2976705,1.456528,-0.327355,-0.327477,0.01,100
2013 RP98,7.05,43.1258001,0.1676157,0.2469509,1.274581,0.239852,-0.426667,4.67,100
2013 SP99,7.38,43.8431578,0.0573216,0.0157258,1.243583,0.431298,-0.423878,0.07,100
2013 SQ99,6.44,44.2059450,0.0843749,0.0340526,1.228305,0.415160,-0.416731,0.05,100
2013 TH159,8.65,40.9842131,0.0921805,0.5352872,1.375899,0.076672,-0.265846,8.12,100
2013 TM159,6.72,46.5200427,0.1650286,0.1321750,1.137787,0.315058,-0.342336,0.01,100
2013 UF15,6.20,42.3297377,0.1685320,0.1940046,1.310809,-0.840785,-0.337267,0.02,100
2013 UJ15,7.06,52.3935205,0.2867686,0.5365358,0.951680,0.042218,-0.127201,9.62,100
2013 UK15,6.10,47.7996093,0.1730325,0.1736701,1.092419,0.000507,-0.260182,0.79,100
2013 UL15,6.77,45.8488084,0.0952335,0.0086793,1.162869,0.344618,-0.343845,0.08,100
2013 UM15,6.99,45.1046077,0.0704238,0.0089458,1.191770,0.322566,-0.363879,0.10,100
2013 UN15,7.42,45.1966654,0.0525424,0.0594868,1.188127,0.346639,-0.349713,0.03,100
2013 UO15,6.94,43.3861998,0.0381142,0.0330053,1.263284,0.443542,-0.442123,0.04,100
2013 UP15,7.58,46.6714588,0.0826765,0.0181814,1.132252,0.312689,-0.306174,0.03,100
2013 XB26,5.37,45.7480598,0.0114212,0.0908231,1.166704,0.308100,-0.315777,0.02,100
2013 XD26,7.17,40.5160432,0.1150956,0.5095141,1.399731,0.109326,-0.296708,1.83,100
2014 AL55,6.65,43.7284101,0.2321794,0.0930896,1.248435,-0.363300,-0.362644,0.18,100
2014 AM55,5.18,47.1945930,0.1330266,0.1043178,1.113482,0.319244,-0.304204,2.56,100
2014 BV64,4.72,45.8474362,0.1473796,0.2911787,1.162886,0.197232,-0.279352,0.19,100
2014 BX64,5.81,41.9242314,0.0532280,0.2106543,1.329923,0.392143,-0.452532,1.33,100
2014 BZ57,4.95,42.8884207,0.1359071,0.4801753,1.285220,0.094350,-0.257054,4.10,100
2014 CP23,6.18,52.3809331,0.2779102,0.4547517,0.952252,0.069800,-0.145541,5.51,100
2014 CQ23,5.64,46.0111658,0.1556866,0.1414956,1.156714,0.268432,-0.348927,0.18,100
2014 DD143,6.21,43.8830229,0.0208402,0.0537201,1.241885,0.402859,-0.406619,0.04,100
2014 DE143,6.00,43.2893266,0.0381734,0.1166876,1.267520,0.401982,-0.424845,0.90,100
2014 DF143,5.52,42.6931566,0.0462178,0.3909672,1.294097,0.147212,-0.296711,1.98,100
2014 DH143,6.71,36.4786873,0.1575673,0.0611941,1.638536,-1.322437,-0.582305,0.21,100
2014 DJ143,6.53,37.9638026,0.0362081,0.1051010,1.543469,1.019960,-1.039058,0.12,100
2014 DK143,5.50,42.3300358,0.1612972,0.1724276,1.310802,-0.905959,-0.349911,0.03,100
2014 DL143,6.19,46.9791824,0.2192243,0.1610170,1.121151,0.346043,-0.377608,2.95,100
2014 DM143,5.70,44.9127839,0.0858377,0.1604039,1.199393,0.307847,-0.345774,1.89,100
2014 DN143,5.32,47.1900909,0.0650591,0.1445675,1.113650,0.263017,-0.266585,2.08,100
2014 DO143,5.67,47.8024566,0.0984361,0.0805767,1.092273,0.087588,-0.262332,0.54,100
2014 DP143,7.64,39.4558612,0.2617627,0.4091028,1.456532,-0.286282,-0.286440,0.59,100
2014 DR143,5.76,39.4564849,0.2963379,0.1562715,1.456550,-0.090351,-0.353039,0.41,100
2014 DU143,6.66,36.4791314,0.1381565,0.1981777,1.638522,-1.528231,-0.586870,1.75,100
2014 EA52,5.37,41.4303449,0.0903585,0.3095389,1.353742,0.273727,-0.408384,0.33,100
2014 EZ51,3.87,52.1814345,0.2255353,0.1652384,0.957718,0.183182,-0.205056,0.03,100
2014 FB62,7.87,39.4594840,0.1803391,0.1150812,1.456480,-0.848436,-0.485539,2.56,100
2014 FF72,6.96,50.2697594,0.2660678,0.4826234,1.012820,0.066848,-0.159146,0.34,100
2014 FG72,6.87,46.3691931,0.2168597,0.5708728,1.143136,0.037156,-0.171237,1.69,100
2014 FP43,6.32,44.8880620,0.1508961,0.4767290,1.200322,0.085943,-0.219108,0.18,100
2014 FT71,4.84,43.7312897,0.1739257,0.4739695,1.248406,0.229414,-0.254584,9.37,100
2014 FX61,7.90,42.9824636,0.1441650,0.3685884,1.281142,0.187223,-0.321863,7.41,100
2014 FY71,5.32,43.8260169,0.1898254,0.3335655,1.242886,0.334062,-0.348929,4.50,100
2014 FZ71,6.95,75.6411727,0.2537264,0.4516127,0.548725,0.020921,-0.034341,0.03,100
2014 GC54,6.98,39.4568436,0.2420334,0.3374317,1.456527,-0.333836,-0.333853,0.34,100
2014 GE54,6.57,47.7986776,0.2930887,0.2311975,1.092395,-0.168266,-0.210449,1.85,100
2014 GF54,7.04,39.4585134,0.1914499,0.1691146,1.456488,-0.761580,-0.410272,0.71,100
2014 GJ54,7.57,39.4559845,0.2646760,0.3245456,1.456530,-0.306640,-0.306699,0.09,100
2014 GT53,5.62,46.2928085,0.0986525,0.2006075,1.146158,0.245685,-0.286186,0.03,100
2014 GU53,5.84,43.5473121,0.1634562,0.3973707,1.256173,0.191194,-0.294656,1.75,100
2014 GV53,6.52,50.5353277,0.2725570,0.2925870,1.004906,0.173701,-0.227117,2.15,100
2014 GW53,5.59,41.3147293,0.0798198,0.3522156,1.359416,0.241581,-0.374716,0.23,100
2014 GY53,6.92,39.4565332,0.3010672,0.2490253,1.456553,-0.050048,-0.353877,1.20,100
2014 GZ53,6.29,43.9508109,0.0250861,0.0706445,1.239011,0.394157,-0.399962,0.03,100
2014 HB200,7.27,39.4569612,0.2444230,0.1540510,1.456524,-0.372238,-0.372101,0.16,100
2014 HD200,6.71,39.4642946,0.0625076,0.2263633,1.456179,-4.098009,-0.511286,0.69,100
2014 HT199,7.29,39.4569264,0.2414154,0.2341737,1.456522,-0.391321,-0.342320,0.30,100
2014 HU199,6.35,43.2117346,0.0541808,0.1196457,1.270935,0.403874,-0.432600,0.04,100
2014 HV199,6.42,37.8813509,0.0129669,0.3795620,1.548533,0.190329,-0.504798,8.15,100
2014 HW199,5.96,46.2947709,0.1801822,0.2805850,1.146075,0.205362,-0.286471,0.20,100
2014 HX199,7.12,39.4573801,0.2375685,0.2157501,1.456523,-0.375897,-0.375973,0.49,100
2014 HZ199,4.98,43.1332720,0.1444931,0.4516522,1.274367,0.153078,-0.268273,4.27,100
2014 JK80,6.36,39.4569051,0.1930280,0.3295772,1.456489,-0.749632,-0.293721,0.06,100
2014 JL80,7.33,39.4565189,0.2799760,0.0946352,1.456542,-0.172005,-0.343079,0.12,100
2014 JM80,5.71,62.4029204,0.2585370,0.3487207,0.732312,0.073646,-0.082214,0.63,100
2014 JP80,5.08,39.4650368,0.0615737,0.3179824,1.456076,-5.202467,-0.401390,2.88,100
2014 JQ80,7.20,39.4570871,0.2290037,0.0879902,1.456514,-0.476488,-0.359126,0.15,100
2014 JR80,5.10,39.4617302,0.0780768,0.2377802,1.456273,-3.077213,-0.404440,0.01,100
2014 JS80,5.73,47.7575668,0.1599971,0.2382446,1.095047,0.499303,-0.289356,3.08,100
2014 JT80,7.32,39.4574938,0.2289900,0.2199719,1.456517,-0.442888,-0.365120,0.32,100
2014 KC102,7.15,39.4565874,0.2515438,0.2233092,1.456527,-0.340377,-0.340301,0.17,100
2014 KD102,7.39,39.4569395,0.2362945,0.1134706,1.456520,-0.407593,-0.368569,0.14,100
2014 KS101,6.48,38.5269037,0.0259562,0.4262675,1.509586,0.197366,-0.422755,1.08,100
2014 KU101,6.27,39.4608500,0.1327885,0.0769479,1.456407,-1.635211,-0.524406,0.46,100
2014 KV101,7.27,39.4562511,0.2466833,0.2911739,1.456527,-0.332334,-0.332250,0.29,100
2014 KW101,6.06,40.7725638,0.0807465,0.3417810,1.386623,0.271578,-0.407437,1.80,100
2014 KX101,7.65,39.4575912,0.2341546,0.0618144,1.456519,-0.417756,-0.399328,0.17,100
2014 KY101,6.46,39.4570551,0.2234289,0.1155239,1.456510,-0.524087,-0.343151,0.14,100
2014 LO28,5.34,42.9874578,0.1134071,0.4579948,1.280894,0.109413,-0.262058,3.95,100
2014 LP28,6.15,41.1260806,0.0430777,0.2797999,1.368806,0.382415,-0.434385,0.16,100
2014 LQ28,5.98,43.7241107,0.1220745,0.0568559,1.248727,0.356360,-0.470546,1.21,100
2014 LR28,5.24,44.0091198,0.0552956,0.0293322,1.236548,0.410599,-0.413154,1.47,100
2014 LS28,6.06,43.3321503,0.0653353,0.0514625,1.265650,0.453733,-0.455190,0.03,100
2014 LT28,5.95,44.2546105,0.0665383,0.1496509,1.226263,0.335093,-0.371383,-0.01,100
2014 MA70,5.32,43.5779134,0.0802284,0.0974835,1.254952,0.442552,-0.435690,0.06,100
2014 MB70,6.08,46.4602412,0.1141686,0.1727755,1.139958,0.264874,-0.296618,1.03,100
2014 MC70,6.17,45.1032287,0.1179080,0.1210591,1.191788,0.322347,-0.370834,1.12,100
2014 MD70,7.00,49.7489940,0.2562127,0.1757778,1.028902,0.236903,-0.289202,10.55,100
2014 MF70,6.71,39.4570024,0.2325249,0.0931124,1.456516,-0.456468,-0.363566,0.09,100
2014 MG70,6.03,43.4186440,0.0562399,0.2293427,1.261836,0.289433,-0.365667,0.03,100
2014 MH70,5.86,39.4587358,0.1747252,0.0266974,1.456460,-1.062127,-0.407622,0.02,100
2014 MY69,5.76,40.4259404,0.0623124,0.2942913,1.404519,0.243241,-0.467045,2.60,100
2014 MZ69,6.13,46.0764191,0.1901636,0.2214170,1.154253,0.266408,-0.334245,3.12,100
2014 NB66,5.62,45.7229201,0.0828761,0.1129254,1.167668,0.312209,-0.327300,0.03,100
2014 NZ65,6.05,44.1124382,0.1672608,0.4954754,1.232115,0.082935,-0.228700,0.37,100
2014 OA394,6.80,46.5797314,0.1723341,0.0625052,1.135643,0.362503,-0.371123,3.76,100
2014 OB394,6.35,46.1575300,0.2523821,0.3464889,1.153632,0.174600,-0.294926,32.79,100
2014 OE394,4.81,46.3948840,0.1222588,0.1043879,1.142392,0.309995,-0.324039,0.03,100
2014 OG394,6.37,38.7404800,0.0419565,0.0481119,1.497292,1.186967,-0.987218,0.29,100
2014 OH394,5.94,45.7855773,0.1580585,0.1975656,1.165260,0.252696,-0.334742,1.93,100
2014 OJ394,5.20,52.6956490,0.2157064,0.5940739,0.943671,0.022833,-0.103220,0.18,100
2014 OK394,6.27,42.3305985,0.1577247,0.0551403,1.310806,-0.867724,-0.412285,0.23,100
2014 OL394,7.65,42.3287066,0.2686880,0.1123532,1.310878,-0.222585,-0.364125,2.48,100
2014 OM394,6.11,44.0423090,0.0712837,0.0282030,1.235157,0.418652,-0.418910,0.03,100
2014 OZ393,6.40,46.2927195,0.1927873,0.2958913,1.146157,0.196891,-0.284905,1.56,100
2014 PN70,10.20,44.2740903,0.0641990,0.0580665,1.225467,0.392600,-0.398312,0.23,100
2014 QA442,5.42,43.5095900,0.1872240,0.4381424,1.257861,0.154641,-0.279038,3.05,100
2014 QE442,7.22,41.3124674,0.0397604,0.4194432,1.359502,0.185074,-0.321485,0.05,100
2014 QF433,5.95,46.3328392,0.1276704,0.0506346,1.144692,0.337939,-0.341181,0.33,100
2014 QL441,6.59,48.6753836,0.2526573,0.4224363,1.062993,0.107655,-0.199482,4.60,100
2014 QM441,8.59,39.4575548,0.2704375,0.2881852,1.456552,-0.063192,-0.412780,1.58,100
2014 QO441,8.37,30.1113880,0.1042867,0.2935429,2.184837,1.733692,-0.609669,0.02,100
2014 QU441,8.00,41.3111414,0.1078015,0.3049403,1.359615,0.327540,-0.425221,0.30,100
2014 QW441,5.19,44.3533676,0.1066922,0.4695341,1.222096,0.091741,-0.225790,0.37,100
2014 QX441,5.52,38.5094052,0.0363990,0.4188719,1.510648,0.235499,-0.431639,1.34,100
2014 QY441,5.63,36.4821378,0.0853628,0.0987715,1.638321,-4.413213,-0.625104,0.04,100
2014 QZ441,5.95,42.3313053,0.0956558,0.1180886,1.310786,-1.049215,-0.455501,0.13,100
2014 RQ63,7.21,39.4580671,0.1874136,0.1459580,1.456478,-0.862114,-0.373117,0.18,100
2014 SH349,5.38,43.2823693,0.1463354,0.3093805,1.267770,0.239430,-0.353653,2.76,100
2014 SK349,7.78,39.4569383,0.2865683,0.1414487,1.456549,-0.096146,-0.377116,0.81,100
2014 SN350,7.79,43.3464006,0.1997604,0.5282585,1.264858,0.058359,-0.235889,11.10,100
2014 SQ350,7.09,43.1296294,0.0852955,0.4802779,1.274478,0.023417,-0.244740,1.32,100
2014 ST349,7.22,46.7389999,0.1632244,0.2139743,1.129789,0.249935,-0.296969,1.87,100
2014 TA86,6.08,42.3312045,0.1003493,0.1822173,1.310769,-1.196218,-0.408746,0.05,100
2014 TC86,5.80,44.1788924,0.0740755,0.0152912,1.229432,0.414123,-0.413850,0.01,100
2014 TD86,5.36,43.0824821,0.0159062,0.0148893,1.276669,0.458147,-0.457293,0.03,100
2014 TE86,7.04,45.1029386,0.2167645,0.4601317,1.191851,0.115705,-0.238990,6.75,100
2014 TF86,6.62,40.6987527,0.1304694,0.5068684,1.390329,-0.148969,-0.289729,0.53,100
2014 TT85,8.15,40.5870729,0.0734487,0.2743989,1.396169,0.364816,-0.479782,0.01,100
2014 TW85,5.98,42.9971639,0.0217332,0.0186199,1.280472,0.463536,-0.463618,0.03,100
2014 TX85,6.84,40.7044321,0.1195369,0.3811517,1.389981,0.275818,-0.387833,6.50,100
2014 TZ85,4.80,43.7275872,0.2052331,0.3042385,1.248449,-0.204008,-0.300720,1.22,100
2014 UD225,6.78,43.4141272,0.1132793,0.0666164,1.262072,0.497045,-0.488825,0.11,100
2014 UE225,6.22,43.7801076,0.0645012,0.1080026,1.246265,0.453641,-0.410356,0.10,100
2014 UF224,7.53,45.4105512,0.1263715,0.4485219,1.179669,0.097260,-0.216530,1.16,100
2014 UP224,5.97,40.8744247,0.0896557,0.3163144,1.381450,0.287146,-0.428722,1.36,100
2014 UQ224,5.51,44.5083463,0.0446816,0.0381894,1.215801,0.383005,-0.381926,0.03,100
2014 UR224,5.50,50.4176967,0.2234076,0.2062393,1.008410,0.160323,-0.229803,0.62,100
2014 US224,4.83,46.7591567,0.1116444,0.2116191,1.129051,0.235031,-0.273134,0.00,100
2014 UT224,6.64,47.7979331,0.2282197,0.1395375,1.092417,-0.014154,-0.206510,10.44,100
2014 UU224,7.00,39.4569110,0.2419302,0.2333144,1.456524,-0.366005,-0.366063,0.06,100
2014 VU37,5.00,40.7816925,0.0483710,0.4994715,1.386103,0.104250,-0.287653,0.03,100
2014 WA509,6.10,44.1076338,0.0630784,0.0290284,1.232414,0.410397,-0.410874,0.16,100
2014 WA510,5.95,45.4511355,0.0390171,0.0102405,1.178163,0.343194,-0.339794,0.02,100
2014 WC510,7.12,39.4562339,0.2508971,0.3321327,1.456528,-0.322088,-0.322089,0.30,100
2014 WD509,5.90,43.8447211,0.0550424,0.0439151,1.243515,0.422453,-0.420034,0.05,100
2014 WF509,5.98,45.2772109,0.1016648,0.1289583,1.184954,0.323861,-0.350044,-0.02,100
2014 WF510,6.93,39.4562615,0.1963066,0.4500347,1.456494,-0.695139,-0.253065,0.06,100
2014 WG509,5.76,42.6247145,0.0865346,0.3410398,1.297225,0.216724,-0.334761,1.16,100
2014 WG510,6.61,39.4571696,0.2380629,0.2773303,1.456522,-0.389992,-0.345087,0.54,100
2014 WH509,5.18,44.1954441,0.1913851,0.2752292,1.228730,0.255254,-0.373968,16.98,100
2014 WJ509,5.67,43.0466959,0.1348625,0.3324377,1.278207,0.225045,-0.341226,0.40,100
2014 WK509,4.25,51.1101078,0.2101526,0.2382755,0.987980,0.162472,-0.200810,0.44,100
2014 WN509,6.12,42.3202873,0.0622585,0.1584387,1.311304,0.726210,-0.477647,2.83,100
2014 WO509,6.25,44.0508922,0.0913251,0.0325549,1.234798,0.431309,-0.431749,0.10,100
2014 WO510,7.12,39.4580598,0.1792763,0.0938550,1.456466,-0.992722,-0.368390,0.03,100
2014 WP509,4.56,45.0246278,0.0917171,0.1169554,1.194943,0.339321,-0.359429,0.12,100
2014 WP510,7.25,39.4583056,0.1737171,0.1153409,1.456460,-1.060493,-0.375743,0.14,100
2014 WQ509,5.74,39.4592732,0.1465723,0.1575127,1.456421,-1.476110,-0.401155,0.30,100
2014 WQ510,5.58,39.4695811,0.1193097,0.4072657,1.455131,0.108941,-0.404344,6.78,100
2014 WR510,7.53,39.4566270,0.2460635,0.2146256,1.456523,-0.383053,-0.325113,0.21,100
2014 WS509,6.19,44.3615116,0.0439687,0.0193158,1.221845,0.392571,-0.390851,0.03,100
2014 WT509,7.11,47.7981480,0.2642859,0.1889400,1.092410,-0.062171,-0.206453,5.70,100
2014 WT69,5.84,47.7998046,0.1063946,0.2183501,1.092403,-0.008871,-0.226802,1.04,100
2014 WU509,5.99,41.6194899,0.0783644,0.3404928,1.344489,0.205730,-0.372077,1.94,100
2014 WV509,6.70,46.7302613,0.1823465,0.4326532,1.130063,0.103532,-0.209322,4.25,100
2014 WW509,5.38,42.6910714,0.1355784,0.3186191,1.294227,0.266058,-0.366544,7.27,100
2014 WX509,6.17,42.7483054,0.1430156,0.2061388,1.291821,0.422290,-0.471332,6.11,100
2014 WY509,5.90,44.0818704,0.1688685,0.2246143,1.233479,0.332004,-0.402489,2.05,100
2014 WZ509,5.47,40.2984463,0.0893153,0.3041906,1.411203,0.355242,-0.472390,1.85,100
2014 XR40,5.23,42.9849851,0.1358259,0.4254037,1.280956,0.137532,-0.284245,7.80,100
2014 XS40,5.28,42.5085482,0.1547398,0.4668202,1.302552,0.239603,-0.282923,2.74,100
2014 XT40,7.17,39.4578590,0.1822045,0.1511844,1.456471,-0.936005,-0.355771,0.00,100
2014 XU40,7.03,39.4582307,0.1720640,0.1111889,1.456457,-1.089877,-0.369686,0.03,100
2014 XY40,5.27,47.2945371,0.1507605,0.4645148,1.109884,0.096968,-0.183591,0.08,100
2014 YA50,4.45,46.4912901,0.1753413,0.3904275,1.138790,0.127974,-0.229325,0.16,100
2014 YB50,5.89,41.6526071,0.0988173,0.4538727,1.342869,0.150726,-0.297047,1.19,100
2014 YG50,7.18,39.4565090,0.2529239,0.3051329,1.456531,-0.298272,-0.313998,0.74,100
2014 YJ50,6.83,39.4590465,0.2053713,0.1026734,1.456502,-0.604613,-0.472678,0.89,100
2015 AJ281,5.02,43.3455110,0.1362417,0.4719338,1.264984,0.103864,-0.250725,5.84,100
2015 AM281,4.87,55.4645111,0.1916342,0.4648732,0.873904,0.011931,-0.102655,0.81,100
2015 AN281,5.19,41.9573690,0.1404635,0.2764310,1.328348,0.362278,-0.443941,9.91,100
2015 BA519,7.67,39.4579308,0.2189503,0.0461282,1.456507,-0.550294,-0.408017,0.10,100
2015 BG519,6.47,38.9910774,0.0309326,0.5796528,1.482600,0.122071,-0.285820,4.56,100
2015 BM518,6.49,36.4795205,0.1188030,0.1942374,1.638465,-2.346175,-0.566837,0.05,100
2015 BN518,6.78,46.4487102,0.2197158,0.4051415,1.140487,0.121083,-0.236418,6.51,100
2015 BO518,6.69,46.4908563,0.2228108,0.1486705,1.138022,0.361106,-0.409713,21.96,100
2015 BP518,6.05,43.7288221,0.1575146,0.1623873,1.248437,-0.344037,-0.345269,0.76,100
2015 BQ518,6.01,41.5551256,0.0548969,0.3046972,1.347649,0.269005,-0.396847,0.00,100
2015 BT518,5.93,43.6262159,0.0379654,0.1067915,1.252864,0.397617,-0.410075,0.03,100
2015 BU518,7.48,43.7278733,0.2086232,0.2330433,1.248441,-0.311157,-0.310101,0.33,100
2015 BV518,5.76,44.8794093,0.0402785,0.0047979,1.200752,0.368094,-0.365638,0.03,100
2015 BW518,6.64,45.2992491,0.1699337,0.1424927,1.184000,0.361065,-0.399992,9.07,100
2015 BZ518,4.78,46.9936893,0.1714985,0.1683811,1.120620,0.294503,-0.316043,1.58,100
2015 CL62,6.52,41.6210024,0.1486356,0.3329727,1.344437,0.244680,-0.405318,5.71,100
2015 FG345,5.11,42.4310988,0.1312869,0.5691252,1.305518,0.197730,-0.225301,2.09,100
2015 FJ345,7.97,62.9860590,0.1911797,0.5666323,0.722136,0.017861,-0.055159,0.03,100
2015 FL345,5.87,45.9436846,0.1299162,0.0779654,1.159270,0.341643,-0.354120,0.10,100
2015 FM345,6.11,42.6374422,0.0320574,0.2667050,1.296668,0.259571,-0.371400,0.06,100
2015 FN345,6.23,41.9189988,0.0893537,0.4628194,1.330046,0.121235,-0.283053,4.78,100
2015 FO345,7.08,40.2675781,0.1317877,0.3340572,1.411822,0.324459,-0.462916,13.84,100
2015 FP345,6.86,43.7282803,0.2345079,0.1154596,1.248437,-0.349598,-0.341436,0.15,100
2015 FR345,7.27,39.6586663,0.1417832,0.2835388,1.444598,0.794914,-0.608742,9.42,100
2015 FS345,7.05,46.6020703,0.1200330,0.0290937,1.134783,0.330376,-0.327119,2.01,100
2015 FW392,7.23,45.2973290,0.1677115,0.0891077,1.184260,0.405742,-0.424851,7.42,100
2015 GO50,6.47,44.4008184,0.1425980,0.3094978,1.220176,0.216829,-0.312066,1.54,100
2015 GP50,6.56,55.1107564,0.2724344,0.4238159,0.882353,0.087347,-0.125643,2.00,100
2015 GQ50,6.93,46.4306575,0.1771126,0.1926547,1.141054,0.275506,-0.327129,1.22,100
2015 GR50,6.69,53.6045949,0.2931224,0.0722129,0.919887,0.222095,-0.247256,13.55,100
2015 GS50,6.63,47.7980697,0.2504213,0.0514526,1.092419,0.004369,-0.215763,13.08,100
2015 OV79,6.00,40.5195736,0.0666085,0.4818253,1.399575,0.124754,-0.307645,0.23,100
2015 PF312,6.28,45.3275431,0.0906828,0.2975388,1.182945,0.191971,-0.274269,1.86,100
2015 PL312,8.21,41.9243671,0.1491331,0.4127326,1.329963,0.183921,-0.329548,10.88,100
2015 RS245,8.22,40.4187896,0.0988933,0.2689449,1.404816,0.406734,-0.509933,5.31,100
2015 UK84,6.81,49.6112986,0.2471310,0.3800829,1.033066,0.114719,-0.196481,3.43,100
2016 BP81,6.06,43.7265793,0.0645970,0.0616415,1.248466,0.520000,-0.431493,0.83,100
2016 FP59,5.78,46.6368753,0.1604549,0.0907060,1.133517,0.337515,-0.347085,0.45,100
2016 FW59,6.08,43.4338484,0.0762106,0.1427320,1.261196,0.388558,-0.420972,0.06,100
