,calc_ecc,calc_sinI,ast_ecc,ast_sinI
0,0.07057680898506773,0.044049102886549084,0.0439968,0.0439968
1,0.07396730590323862,0.044188674851046064,0.1019159,0.1019159
2,0.07705481546023818,0.044742594339227476,0.0330139,0.0330139
3,0.06828182173031605,0.043930356785825485,0.22442779999999998,0.22442779999999998
4,0.07854893016053742,0.04495167640528278,0.0599178,0.0599178
5,0.07604602861876433,0.04403996955960889,0.08571369999999999,0.08571369999999999
6,0.06998259117465826,0.04325192357089859,0.3064037,0.3064037
7,0.07859945216212488,0.04499261981065837,0.0556696,0.0556696
8,0.06889462166349983,0.04501552751841275,0.013335900000000001,0.013335900000000001
9,0.07743070548083779,0.04478497349588473,0.1308766,0.1308766
10,0.0771100836920235,0.04455195005501187,0.4685573,0.4685573
11,0.0689002049487102,0.04401614765974653,0.1897161,0.1897161
12,0.0771100836920235,0.04455195005501187,0.26704,0.26704
13,0.07582588107448147,0.044243388376574676,0.3387908,0.3387908
14,0.0757905505068074,0.04446565038587164,0.4506077,0.4506077
15,0.0765712976442955,0.04443738409493286,0.2747398,0.2747398
16,0.06973726312708661,0.04376983820285861,0.024805,0.024805
17,0.07102020146121102,0.04481961349285318,0.3062277,0.3062277
18,0.07260065558418262,0.04420767951530015,0.097919,0.097919
19,0.07777761330317529,0.04483065098581144,0.04210680000000001,0.04210680000000001
20,0.07827534527496284,0.04493291029904126,0.0351244,0.0351244
21,0.07790203375581813,0.04485298657162528,0.058880600000000005,0.058880600000000005
22,0.07764780439214496,0.04480610677232773,0.28016979999999997,0.28016979999999997
23,0.0786218742053763,0.04492804151625905,0.268577,0.268577
24,0.0782522370367931,0.04485339515807991,0.0416874,0.0416874
25,0.07491435387696443,0.044184780804109876,0.037938,0.037938
26,0.07814994616704807,0.044866262273671895,0.0862406,0.0862406
27,0.07308434802365703,0.04456639907444289,0.17641279999999998,0.17641279999999998
28,0.0784135074429015,0.04497118174111733,0.030234399999999998,0.030234399999999998
29,0.07571944269068415,0.044457265157034805,0.3623249,0.3623249
30,0.07216345341332812,0.044159156641680096,0.1489571,0.1489571
31,0.06953609968539701,0.04379698944234318,0.0204046,0.0204046
32,0.07764780439214496,0.04480610677232773,0.025626200000000002,0.025626200000000002
33,0.0784135074429015,0.04497118174111733,0.4384393,0.4384393
34,0.07729568327616093,0.0062801103964806124,0.45332429999999996,0.45332429999999996
35,0.07850205514719098,0.044916648462185974,0.3441531,0.3441531
36,0.07396730590323862,0.044188674851046064,0.27207070000000005,0.27207070000000005
37,0.07362555784977616,0.04425025706145294,0.0275175,0.0275175
38,0.07814994616704807,0.044866262273671895,0.0479904,0.0479904
39,0.07814994616704807,0.044866262273671895,0.3445741,0.3445741
40,0.07676506322998561,0.04439688003766983,0.0328333,0.0328333
41,0.07743070548083779,0.04478497349588473,0.024124,0.024124
42,0.07832832237848664,0.04471603000784909,0.2392627,0.2392627
43,0.07749304640704209,0.0447774520636026,0.0293147,0.0293147
44,0.0717943649234188,0.04420632681370702,0.13844800000000002,0.13844800000000002
45,0.07675543100793507,0.044491764825049004,0.5347973000000001,0.5347973000000001
46,0.07767660834778638,0.04481131465115571,0.0674597,0.0674597
47,0.07781593834997669,0.04484119159704088,0.09053639999999999,0.09053639999999999
48,0.07602559275260574,0.04427564630388666,0.3375106,0.3375106
49,0.07801644064925442,0.04489299564563039,0.18328,0.18328
50,0.07724585012365014,0.04471112443422373,0.023852900000000003,0.023852900000000003
51,0.07774146068212028,0.044829695294614516,0.3022468,0.3022468
52,0.07843891159174411,0.044911546056299455,0.059361300000000006,0.059361300000000006
53,0.07759194390830212,0.04514607559256097,0.5580476,0.5580476
54,0.07794126785259538,0.044861366895925875,0.2551093,0.2551093
55,0.07310193485513393,0.04574338680127198,0.2775789,0.2775789
56,0.0757905505068074,0.04446565038587164,0.0100919,0.0100919
57,0.07817103793661001,0.044824381624751455,0.011866400000000001,0.011866400000000001
58,0.07623640438019055,0.04448757065399687,0.4351649,0.4351649
59,0.07743325159593785,0.044753047089352745,0.39419499999999996,0.39419499999999996
60,0.07534424919059611,0.04430324591795137,0.0269877,0.0269877
61,0.07530078631914668,0.04428980241234969,0.0100944,0.0100944
62,0.07718396509683582,0.044698670391871774,0.07524,0.07524
63,0.07781593834997669,0.04484119159704088,0.3621977,0.3621977
64,0.07774146068212028,0.044829695294614516,0.3984321,0.3984321
65,0.06869424615444197,0.029314200080401094,0.0920233,0.0920233
66,0.0743822076569866,0.04420185190491997,0.2114913,0.2114913
67,0.07295595417087754,0.044554026994580845,0.25536590000000003,0.25536590000000003
68,0.07592988418732652,0.044481104314840994,0.058173800000000005,0.058173800000000005
69,0.07859945216212488,0.04499261981065837,0.2235163,0.2235163
70,0.07539708335855094,0.044281687260407085,0.08750269999999999,0.08750269999999999
71,0.07717081160852578,0.044426535526707035,0.0542265,0.0542265
72,0.06894307837476354,0.0437752335636971,0.0228824,0.0228824
73,0.07501008804058118,0.04423291173756746,0.0481297,0.0481297
74,0.07662505601532132,0.04434381239448203,0.061394500000000005,0.061394500000000005
75,0.07404092940288497,0.04411407756021591,0.04353730000000001,0.04353730000000001
76,0.07767660834778638,0.04481131465115571,0.0406855,0.0406855
77,0.07120212988834979,0.04392515388179237,0.1614408,0.1614408
78,0.0777074784104395,0.04481807491077525,0.21214339999999998,0.21214339999999998
79,0.0786038575905712,0.04513180131617674,0.454426,0.454426
80,0.0785585901905839,0.0450718308704833,0.4315248,0.4315248
81,0.07801506838784396,0.045125404174720635,0.4030097,0.4030097
82,0.0740877658835963,0.044137141308038766,0.0467375,0.0467375
83,0.07756110001638389,0.044787700371540735,0.14993270000000003,0.14993270000000003
84,0.07845224171574022,0.04492282773249551,0.13021549999999998,0.13021549999999998
85,0.07814994616704807,0.044866262273671895,0.0509376,0.0509376
86,0.07707844400518409,0.04441381779982466,0.0357971,0.0357971
87,0.07827534527496284,0.04493291029904126,0.0314875,0.0314875
88,0.0786802023966063,0.045193387554781736,0.029939499999999997,0.029939499999999997
89,0.07424692343864593,0.044199476421262596,0.38399609999999995,0.38399609999999995
90,0.07756110001638389,0.044787700371540735,0.24618070000000003,0.24618070000000003
91,0.07724585012365014,0.04471112443422373,0.060599,0.060599
92,0.0777074784104395,0.04481807491077525,0.0818665,0.0818665
93,0.07858640842022538,0.04500765026857927,0.18664760000000002,0.18664760000000002
94,0.07216345341332812,0.044159156641680096,0.2745174,0.2745174
95,0.07810717824108782,0.045030432265827376,0.2092837,0.2092837
96,0.07724585012365014,0.04471112443422373,0.0182068,0.0182068
97,0.07859945216212488,0.04499261981065837,0.0263143,0.0263143
98,0.07806422454057793,0.04503156780237097,0.041545099999999995,0.041545099999999995
99,0.07864520579653153,0.04490002625276846,0.1387618,0.1387618
100,0.07858640842022538,0.04500765026857927,0.4469326,0.4469326
101,0.07845224171574022,0.04492282773249551,0.4626566,0.4626566
102,0.07295595417087754,0.044554026994580845,0.033169599999999994,0.033169599999999994
103,0.07785917321047309,0.04484986935317945,0.08708300000000001,0.08708300000000001
104,0.07743325159593785,0.044753047089352745,0.10772169999999999,0.10772169999999999
105,0.07724585012365014,0.04471112443422373,0.1456141,0.1456141
106,0.07464658602942777,0.04475773855544744,0.13203499999999999,0.13203499999999999
107,0.07412190274844521,0.04469516704685873,0.31049899999999997,0.31049899999999997
108,0.0787344555938987,0.04517966009768884,0.1213963,0.1213963
109,0.0785585901905839,0.0450718308704833,0.3333242,0.3333242
110,0.07850205514719098,0.044916648462185974,0.45439929999999995,0.45439929999999995
111,0.07519005585003304,0.04444118817266496,0.03816780000000001,0.03816780000000001
112,0.0782077533310516,0.044961833724145917,0.08840419999999999,0.08840419999999999
113,0.07841075659597863,0.0448329121703619,0.0858223,0.0858223
114,0.07165212762252411,0.04404442258847373,0.14400710000000003,0.14400710000000003
115,0.0771100836920235,0.04455195005501187,0.1591651,0.1591651
116,0.07602559275260574,0.04427564630388666,0.0559831,0.0559831
117,0.07780260884690658,0.04468235230977544,0.0639918,0.0639918
118,0.07399162812451963,0.043923217297112314,0.0520332,0.0520332
119,0.07853750113918131,0.04479384787752422,0.07882239999999999,0.07882239999999999
120,0.0782113404235472,0.04483846991418853,0.18085379999999998,0.18085379999999998
121,0.07818378088013483,0.044670839243408984,0.12853030000000001,0.12853030000000001
122,0.07343217494848514,0.044284402418694184,0.3622905,0.3622905
123,0.07860119405650862,0.04497444684067175,0.13870970000000002,0.13870970000000002
124,0.07862471982822845,0.044968621832421,0.1436865,0.1436865
125,0.07872188490539875,0.044980211822666295,0.46904409999999996,0.46904409999999996
126,0.06894307837476354,0.0437752335636971,0.1305941,0.1305941
127,0.07078832669055617,0.04446661341128552,0.3133537,0.3133537
128,0.0689002049487102,0.04401614765974653,0.0456707,0.0456707
129,0.0784495385023674,0.04498834954385742,0.2989395,0.2989395
130,0.07767945461259627,0.04496369145323996,0.1305394,0.1305394
131,0.07789555211916857,0.04460300170551709,0.1617398,0.1617398
132,0.07367252212955591,0.04495256740266882,0.25410900000000003,0.25410900000000003
133,0.07614860447432359,0.04448606747766012,0.017560299999999997,0.017560299999999997
134,0.07836240635904844,0.044807871612370244,0.0175325,0.0175325
135,0.07828850604160852,0.04476891161092703,0.22718000000000002,0.22718000000000002
136,0.07283883460436828,0.04497359809083752,0.062366099999999994,0.062366099999999994
137,0.07485856482495458,0.04485818881205853,0.018234900000000002,0.018234900000000002
138,0.0758142990173775,0.0450302169215564,0.1214542,0.1214542
139,0.07612714768007796,0.04513934151931685,0.45617349999999995,0.45617349999999995
140,0.07856881569043864,0.045033222915187084,0.2686852,0.2686852
141,0.07852610321153476,0.0450904599170367,0.632603,0.632603
142,0.07827534527496284,0.04493291029904126,0.0194145,0.0194145
143,0.07325905915621135,0.044365539851746086,0.24992270000000003,0.24992270000000003
144,0.07749304640704209,0.0447774520636026,0.04102619999999999,0.04102619999999999
145,0.07816646403485539,0.044666255640822154,0.2901625,0.2901625
146,0.0719574157725535,0.04411391805059557,0.15153670000000002,0.15153670000000002
147,0.06893083613820393,0.04381663205512564,0.3246587,0.3246587
148,0.0728084930562047,0.04453605297037517,0.056814199999999995,0.056814199999999995
149,0.07767660834778638,0.04481131465115571,0.1703374,0.1703374
150,0.07790203375581813,0.04485298657162528,0.45664609999999994,0.45664609999999994
151,0.07671793022583195,0.04455302840744098,0.1665685,0.1665685
152,0.07714754503044435,0.04464296644744639,0.047479099999999996,0.047479099999999996
153,0.07711147402294244,0.04488552423640448,0.1602034,0.1602034
154,0.07859414208829721,0.04516827830725595,0.4587876,0.4587876
155,0.07801644064925442,0.04489299564563039,0.1975135,0.1975135
156,0.07850205514719098,0.044916648462185974,0.054229700000000006,0.054229700000000006
157,0.07133754358274585,0.043959649584804646,0.0256726,0.0256726
158,0.0782113404235472,0.04483846991418853,0.0484378,0.0484378
159,0.07530078631914668,0.04428980241234969,0.0634884,0.0634884
160,0.06996947102161986,0.04499339422333142,0.2196597,0.2196597
161,0.0765874850629392,0.044317618960999124,0.039198800000000006,0.039198800000000006
162,0.07078832669055617,0.04446661341128552,0.0235326,0.0235326
163,0.0724825133947194,0.0443447659547623,0.1981454,0.1981454
164,0.07862307534008614,0.04482211361989707,0.062855,0.062855
165,0.07826991775999854,0.04469892264302312,0.0910216,0.0910216
166,0.07685188229055216,0.04575575394500027,0.09565130000000001,0.09565130000000001
167,0.07572412492968293,0.04408803550605873,0.0221788,0.0221788
168,0.0783684937166474,0.04483147799437326,0.0942272,0.0942272
169,0.07232951668579256,0.04464254856240301,0.0176446,0.0176446
170,0.07789710329690243,0.04501350928850925,0.054432600000000005,0.054432600000000005
171,0.07705481546023818,0.044742594339227476,0.09815689999999999,0.09815689999999999
172,0.07800622405454852,0.04502961929220671,0.3835025,0.3835025
173,0.07753011981686443,0.045030688562790515,0.0119494,0.0119494
174,0.07355869144957448,0.044616324248159124,0.0061758,0.0061758
175,0.07856881569043864,0.045033222915187084,0.4686762,0.4686762
176,0.07485856482495458,0.04485818881205853,0.0393996,0.0393996
177,0.06909315141171124,0.04404374530061346,0.132419,0.132419
178,0.07837195372220128,0.029125136943274486,0.4667378,0.4667378
179,0.07746261829459315,0.04475742457581134,0.047333,0.047333
180,0.07464658602942777,0.04475773855544744,0.035594,0.035594
181,0.07738696009388876,0.045030077485963264,0.378334,0.378334
182,0.07860119405650862,0.04497444684067175,0.45878100000000005,0.45878100000000005
183,0.07265432210126058,0.04468313338231909,0.0080889,0.0080889
184,0.0785585901905839,0.0450718308704833,0.28639040000000004,0.28639040000000004
185,0.07555716757468829,0.044720338530746,0.3771834,0.3771834
186,0.06942790727529367,0.044231596051595726,0.1066134,0.1066134
187,0.0693231638110934,0.043799669477358825,0.0799464,0.0799464
188,0.07685188229055216,0.04575575394500027,0.0527823,0.0527823
189,0.07743325159593785,0.044753047089352745,0.1937245,0.1937245
190,0.07032513392372068,0.04381723537048298,0.023610299999999997,0.023610299999999997
191,0.07079367953049262,0.043809066229204406,0.0394998,0.0394998
192,0.07405842428790545,0.04484065521617214,0.5347432,0.5347432
193,0.0786802023966063,0.045193387554781736,0.25558939999999997,0.25558939999999997
194,0.07797082855388542,0.04509186914323826,0.0840828,0.0840828
195,0.07733212201915533,0.04494299708820186,0.016948500000000002,0.016948500000000002
196,0.07618075390350149,0.044508402827439716,0.0406375,0.0406375
197,0.07204418243131101,0.044629821946047525,0.0449714,0.0449714
198,0.07814994616704807,0.044866262273671895,0.1825658,0.1825658
199,0.07057460935174382,0.0444045644993906,0.45476300000000003,0.45476300000000003
200,0.06901476007906482,0.043685422976696364,0.041258800000000005,0.041258800000000005
201,0.0771100836920235,0.04455195005501187,0.4060087,0.4060087
202,0.07498666338634541,0.04439134602345485,0.2981789,0.2981789
203,0.07592988418732652,0.044481104314840994,0.3369501,0.3369501
204,0.07860119405650862,0.04497444684067175,0.3692614,0.3692614
205,0.07814994616704807,0.044866262273671895,0.15787400000000001,0.15787400000000001
206,0.07845224171574022,0.04492282773249551,0.2797538,0.2797538
207,0.07572412492968293,0.04408803550605873,0.019707699999999998,0.019707699999999998
208,0.07777761330317529,0.04483065098581144,0.0603874,0.0603874
209,0.0750041454678864,0.04439289066019019,0.0174097,0.0174097
210,0.0784135074429015,0.04497118174111733,0.0490859,0.0490859
211,0.07821845683635714,0.044850171086166984,0.015226400000000001,0.015226400000000001
212,0.07325905915621135,0.044365539851746086,0.06799880000000001,0.06799880000000001
213,0.07091234823932373,0.0438199293446203,0.0072244,0.0072244
214,0.07845224171574022,0.04492282773249551,0.45862970000000003,0.45862970000000003
215,0.07856881569043864,0.045033222915187084,0.030272800000000002,0.030272800000000002
216,0.0771100836920235,0.04455195005501187,0.0274072,0.0274072
217,0.07856881569043864,0.045033222915187084,0.25226679999999996,0.25226679999999996
218,0.07843891159174411,0.044911546056299455,0.3202844,0.3202844
219,0.07602559275260574,0.04427564630388666,0.24899810000000003,0.24899810000000003
220,0.07860485805525179,0.04502924617081565,0.39246490000000006,0.39246490000000006
221,0.0740877658835963,0.044137141308038766,0.3721821,0.3721821
222,0.07756110001638389,0.044787700371540735,0.2882322,0.2882322
223,0.07861195859868537,0.045138253219107194,0.41483149999999996,0.41483149999999996
224,0.07814994616704807,0.044866262273671895,0.6437451999999999,0.6437451999999999
225,0.07843891159174411,0.044911546056299455,0.2464634,0.2464634
226,0.07863288498583525,0.04519437018726,0.45294209999999996,0.45294209999999996
227,0.07801644064925442,0.04489299564563039,0.25298200000000004,0.25298200000000004
228,0.07872408687233351,0.04514825211471842,0.4842385,0.4842385
229,0.0777074784104395,0.04481807491077525,0.28404029999999997,0.28404029999999997
230,0.07790203375581813,0.04485298657162528,0.48069670000000003,0.48069670000000003
231,0.07850205514719098,0.044916648462185974,0.0852332,0.0852332
232,0.07767660834778638,0.04481131465115571,0.2658709,0.2658709
233,0.07843891159174411,0.044911546056299455,0.3240449,0.3240449
234,0.07863802271618954,0.04516184103215593,0.611034,0.611034
235,0.07528181646461433,0.04440953563509747,0.0438023,0.0438023
236,0.07804364393949693,0.04486115796404583,0.35919470000000003,0.35919470000000003
237,0.07210731573329192,0.04463332095844272,0.0250046,0.0250046
238,0.07618075390350149,0.044508402827439716,0.4808093,0.4808093
239,0.07743070548083779,0.04478497349588473,0.2443721,0.2443721
240,0.07856704930601621,0.04504429526776958,0.27577840000000003,0.27577840000000003
241,0.07022539882199326,0.04433308777486567,0.030678300000000002,0.030678300000000002
242,0.0745095023885574,0.04421544647626119,0.029412200000000003,0.029412200000000003
243,0.07205122825871174,0.04380966994869268,0.046154400000000005,0.046154400000000005
244,0.07708201609306586,0.04432460789179082,0.0443996,0.0443996
245,0.07153612679735577,0.04412515850274656,0.12450410000000002,0.12450410000000002
246,0.07793298854102514,0.04502478903205211,0.0096506,0.0096506
247,0.06914970444618021,0.04525211682540388,0.097197,0.097197
248,0.06840870820094262,0.044645556121988096,0.5256388000000001,0.5256388000000001
249,0.06877644066365753,0.04506944727605353,0.0870916,0.0870916
250,0.07159861520906656,0.0441456526909071,0.0409406,0.0409406
251,0.07369230878217939,0.04423291157171485,0.1513816,0.1513816
252,0.07603728732313232,0.045093149524577616,0.0139062,0.0139062
253,0.07272791261793435,0.04402191178480626,0.0916072,0.0916072
254,0.06823857846236447,0.04401974445940311,0.23142449999999998,0.23142449999999998
255,0.06864888835783522,0.04518968450180414,0.4896995,0.4896995
256,0.07216345341332812,0.044159156641680096,0.2002001,0.2002001
257,0.07216345341332812,0.044159156641680096,0.1634385,0.1634385
258,0.07216345341332812,0.044159156641680096,0.4663598,0.4663598
259,0.07216345341332812,0.044159156641680096,0.4009899,0.4009899
260,0.07216345341332812,0.044159156641680096,0.2633626,0.2633626
261,0.07216345341332812,0.044159156641680096,0.2164643,0.2164643
262,0.07216345341332812,0.044159156641680096,0.013437799999999998,0.013437799999999998
263,0.07216345341332812,0.044159156641680096,0.0177248,0.0177248
264,0.07216345341332812,0.044159156641680096,0.1415197,0.1415197
265,0.07216345341332812,0.044159156641680096,0.1942754,0.1942754
266,0.07216345341332812,0.044159156641680096,0.0132096,0.0132096
267,0.07216345341332812,0.044159156641680096,0.119744,0.119744
268,0.07216345341332812,0.044159156641680096,0.0188515,0.0188515
269,0.07216345341332812,0.044159156641680096,0.0881699,0.0881699
270,0.07216345341332812,0.044159156641680096,0.1422244,0.1422244
271,0.07216345341332812,0.044159156641680096,0.0207855,0.0207855
272,0.07216345341332812,0.044159156641680096,0.040446300000000004,0.040446300000000004
273,0.07216345341332812,0.044159156641680096,0.0089236,0.0089236
274,0.07216345341332812,0.044159156641680096,0.019303599999999997,0.019303599999999997
275,0.07216345341332812,0.044159156641680096,0.235393,0.235393
276,0.07216345341332812,0.044159156641680096,0.1404644,0.1404644
277,0.07216345341332812,0.044159156641680096,0.0348097,0.0348097
278,0.07216345341332812,0.044159156641680096,0.029704,0.029704
279,0.07216345341332812,0.044159156641680096,0.3158937,0.3158937
280,0.07216345341332812,0.044159156641680096,0.0329614,0.0329614
281,0.07216345341332812,0.044159156641680096,0.0852864,0.0852864
282,0.07216345341332812,0.044159156641680096,0.2721946,0.2721946
283,0.07216345341332812,0.044159156641680096,0.3715829,0.3715829
284,0.07216345341332812,0.044159156641680096,0.0277356,0.0277356
285,0.07216345341332812,0.044159156641680096,0.0258132,0.0258132
286,0.07216345341332812,0.044159156641680096,0.1756567,0.1756567
287,0.07216345341332812,0.044159156641680096,0.0385301,0.0385301
288,0.07216345341332812,0.044159156641680096,0.0390663,0.0390663
289,0.07216345341332812,0.044159156641680096,0.20389179999999998,0.20389179999999998
290,0.07216345341332812,0.044159156641680096,0.0381005,0.0381005
291,0.07216345341332812,0.044159156641680096,0.0341462,0.0341462
292,0.07216345341332812,0.044159156641680096,0.1406751,0.1406751
293,0.07216345341332812,0.044159156641680096,0.16202460000000002,0.16202460000000002
294,0.07216345341332812,0.044159156641680096,0.020684400000000002,0.020684400000000002
295,0.07216345341332812,0.044159156641680096,0.047884300000000005,0.047884300000000005
296,0.07216345341332812,0.044159156641680096,0.092563,0.092563
297,0.07216345341332812,0.044159156641680096,0.0993737,0.0993737
298,0.07216345341332812,0.044159156641680096,0.05281419999999999,0.05281419999999999
299,0.07216345341332812,0.044159156641680096,0.0646692,0.0646692
300,0.07216345341332812,0.044159156641680096,0.0193321,0.0193321
301,0.07216345341332812,0.044159156641680096,0.05529830000000001,0.05529830000000001
302,0.07216345341332812,0.044159156641680096,0.166578,0.166578
303,0.07216345341332812,0.044159156641680096,0.08419460000000001,0.08419460000000001
304,0.07216345341332812,0.044159156641680096,0.0405893,0.0405893
305,0.07216345341332812,0.044159156641680096,0.0171157,0.0171157
306,0.07216345341332812,0.044159156641680096,0.2723195,0.2723195
307,0.07216345341332812,0.044159156641680096,0.0110199,0.0110199
308,0.07216345341332812,0.044159156641680096,0.4492253,0.4492253
309,0.07216345341332812,0.044159156641680096,0.041687199999999994,0.041687199999999994
310,0.07216345341332812,0.044159156641680096,0.47861390000000004,0.47861390000000004
311,0.07216345341332812,0.044159156641680096,0.033102099999999995,0.033102099999999995
312,0.07216345341332812,0.044159156641680096,0.04009190000000001,0.04009190000000001
313,0.07216345341332812,0.044159156641680096,0.031864699999999996,0.031864699999999996
314,0.07216345341332812,0.044159156641680096,0.1689237,0.1689237
315,0.07216345341332812,0.044159156641680096,0.042145,0.042145
316,0.07216345341332812,0.044159156641680096,0.044623199999999995,0.044623199999999995
317,0.07216345341332812,0.044159156641680096,0.020934400000000002,0.020934400000000002
318,0.07216345341332812,0.044159156641680096,0.3807008,0.3807008
319,0.07216345341332812,0.044159156641680096,0.0368652,0.0368652
320,0.07216345341332812,0.044159156641680096,0.2166263,0.2166263
321,0.07216345341332812,0.044159156641680096,0.0796448,0.0796448
322,0.07216345341332812,0.044159156641680096,0.0138006,0.0138006
323,0.07216345341332812,0.044159156641680096,0.25717629999999997,0.25717629999999997
324,0.07216345341332812,0.044159156641680096,0.27093390000000006,0.27093390000000006
325,0.07216345341332812,0.044159156641680096,0.1589648,0.1589648
326,0.075767551863362,0.04554090621027789,0.5046976,0.5046976
327,0.06886066155320328,0.04371098998377086,0.022016099999999997,0.022016099999999997
328,0.07382689113759237,0.044694963178006746,0.023886599999999997,0.023886599999999997
329,0.07751203740887766,0.030702267711487485,0.49060349999999997,0.49060349999999997
330,0.07707844400518409,0.04441381779982466,0.1893567,0.1893567
331,0.06888974386136244,0.043755590563825233,0.1606781,0.1606781
332,0.07376872832978458,0.04422260560777043,0.0215581,0.0215581
333,0.07456015270463158,0.044832012346777805,0.0563835,0.0563835
334,0.07764780439214496,0.04480610677232773,0.05208290000000001,0.05208290000000001
335,0.07871169782299457,0.04490337003893952,0.004731,0.004731
336,0.07869465364034664,0.044881900909986866,0.3544248,0.3544248
337,0.06890181900744032,0.04376081708354853,0.1404434,0.1404434
338,0.06889958666039525,0.044040884929414506,0.0425849,0.0425849
339,0.07611354862197936,0.04406380482369001,0.09526810000000001,0.09526810000000001
340,0.07863995427037088,0.044858101609809166,0.0333124,0.0333124
341,0.07629116136390902,0.044390707995960184,0.09782819999999999,0.09782819999999999
342,0.07602559275260574,0.04427564630388666,0.0359556,0.0359556
343,0.07845224171574022,0.04492282773249551,0.0409219,0.0409219
344,0.0688727454062045,0.04247319308021351,0.031368599999999996,0.031368599999999996
345,0.07491435387696443,0.044184780804109876,0.0365129,0.0365129
346,0.06954833425216388,0.044124522524940306,0.19767839999999998,0.19767839999999998
347,0.0765321500077573,0.04382479120552693,0.0970825,0.0970825
348,0.07031435427979058,0.044300187851691104,0.0312186,0.0312186
349,0.07839288506191382,0.044941756543109196,0.034323,0.034323
350,0.07801261727182783,0.04463102761084922,0.04874,0.04874
351,0.07627514873833645,0.04428962405833263,0.0421097,0.0421097
352,0.0757905505068074,0.04446565038587164,0.3132012,0.3132012
353,0.07836011421421413,0.044962008603212866,0.35149990000000003,0.35149990000000003
354,0.0758142990173775,0.0450302169215564,0.0510047,0.0510047
355,0.07836240635904844,0.044807871612370244,0.06913939999999999,0.06913939999999999
356,0.07676506322998561,0.04439688003766983,0.029045599999999994,0.029045599999999994
357,0.07503132128146824,0.044758298382038736,0.031077099999999996,0.031077099999999996
358,0.07585744127005456,0.0444726423018571,0.046961300000000004,0.046961300000000004
359,0.07842792803661303,0.044966975634890716,0.034424800000000005,0.034424800000000005
360,0.07784850744504751,0.04458886672206799,0.014160599999999999,0.014160599999999999
361,0.0785242698806889,0.04485802260961489,0.0995689,0.0995689
362,0.07836240635904844,0.044807871612370244,0.0591672,0.0591672
363,0.07622416185501162,0.044320402186696854,0.1895123,0.1895123
364,0.07780260884690658,0.04468235230977544,0.027250599999999996,0.027250599999999996
365,0.0737112541429947,0.044184569679767485,0.0297755,0.0297755
366,0.07671786237509885,0.04432182143842189,0.0434535,0.0434535
367,0.06923106142536317,0.04427324097471818,0.0338175,0.0338175
368,0.07819965912455454,0.04467555520428787,0.0982832,0.0982832
369,0.07525209347461732,0.0442218630412521,0.025515400000000004,0.025515400000000004
370,0.07260065558418262,0.04420767951530015,0.020402200000000002,0.020402200000000002
371,0.07756110001638389,0.044787700371540735,0.0155658,0.0155658
372,0.0784495385023674,0.04498834954385742,0.1101816,0.1101816
373,0.07685188229055216,0.04575575394500027,0.0303922,0.0303922
374,0.07216345341332812,0.044159156641680096,0.047816199999999996,0.047816199999999996
375,0.07801261727182783,0.04463102761084922,0.0638399,0.0638399
376,0.07733212201915533,0.04494299708820186,0.0456732,0.0456732
377,0.07785744133573759,0.0450668488067703,0.0863288,0.0863288
378,0.0723260793017293,0.04389741562130081,0.034893099999999996,0.034893099999999996
379,0.0768143124631681,0.044902499142678035,0.0252562,0.0252562
380,0.07202478947362681,0.04412959009785343,0.009862200000000002,0.009862200000000002
381,0.07153052451210813,0.04226776833745549,0.0235764,0.0235764
382,0.07783812080001341,0.04468101511166395,0.0345472,0.0345472
383,0.06951969599227192,0.043750739400008995,0.035885900000000005,0.035885900000000005
384,0.06954833425216388,0.044124522524940306,0.08756810000000001,0.08756810000000001
385,0.0785242698806889,0.04485802260961489,0.008606299999999999,0.008606299999999999
386,0.07464658602942777,0.04475773855544744,0.0384756,0.0384756
387,0.07525739733447709,0.04449284046856952,0.0579811,0.0579811
388,0.07216345341332812,0.044159156641680096,0.1252855,0.1252855
389,0.07216345341332812,0.044159156641680096,0.053523699999999994,0.053523699999999994
390,0.07216345341332812,0.044159156641680096,0.024987400000000003,0.024987400000000003
391,0.07216345341332812,0.044159156641680096,0.015932599999999998,0.015932599999999998
392,0.07216345341332812,0.044159156641680096,0.0473199,0.0473199
393,0.07216345341332812,0.044159156641680096,0.018883,0.018883
394,0.07216345341332812,0.044159156641680096,0.0288825,0.0288825
395,0.07216345341332812,0.044159156641680096,0.0329918,0.0329918
396,0.07216345341332812,0.044159156641680096,0.019062400000000004,0.019062400000000004
397,0.07216345341332812,0.044159156641680096,0.030967599999999998,0.030967599999999998
398,0.07216345341332812,0.044159156641680096,0.3321728,0.3321728
399,0.07216345341332812,0.044159156641680096,0.4074164,0.4074164
400,0.07216345341332812,0.044159156641680096,0.028718200000000003,0.028718200000000003
401,0.07216345341332812,0.044159156641680096,0.018630400000000002,0.018630400000000002
402,0.07216345341332812,0.044159156641680096,0.2279139,0.2279139
403,0.07216345341332812,0.044159156641680096,0.043095800000000004,0.043095800000000004
404,0.07216345341332812,0.044159156641680096,0.3767958,0.3767958
405,0.07216345341332812,0.044159156641680096,0.037767,0.037767
406,0.07216345341332812,0.044159156641680096,0.0822475,0.0822475
407,0.07216345341332812,0.044159156641680096,0.0526399,0.0526399
408,0.07216345341332812,0.044159156641680096,0.3730115,0.3730115
409,0.07216345341332812,0.044159156641680096,0.1430246,0.1430246
410,0.07216345341332812,0.044159156641680096,0.031030000000000002,0.031030000000000002
411,0.07216345341332812,0.044159156641680096,0.0349889,0.0349889
412,0.07216345341332812,0.044159156641680096,0.024011900000000003,0.024011900000000003
413,0.07216345341332812,0.044159156641680096,0.0243185,0.0243185
414,0.07216345341332812,0.044159156641680096,0.0300762,0.0300762
415,0.07216345341332812,0.044159156641680096,0.1713399,0.1713399
416,0.07216345341332812,0.044159156641680096,0.37594520000000003,0.37594520000000003
417,0.07216345341332812,0.044159156641680096,0.5227015,0.5227015
418,0.07216345341332812,0.044159156641680096,0.0495452,0.0495452
419,0.07216345341332812,0.044159156641680096,0.075816,0.075816
420,0.07216345341332812,0.044159156641680096,0.034278699999999995,0.034278699999999995
421,0.07216345341332812,0.044159156641680096,0.0975946,0.0975946
422,0.07216345341332812,0.044159156641680096,0.026713,0.026713
423,0.07216345341332812,0.044159156641680096,0.019486,0.019486
424,0.07216345341332812,0.044159156641680096,0.046913699999999996,0.046913699999999996
425,0.07216345341332812,0.044159156641680096,0.0431162,0.0431162
426,0.07216345341332812,0.044159156641680096,0.07844839999999999,0.07844839999999999
427,0.07216345341332812,0.044159156641680096,0.029486500000000002,0.029486500000000002
428,0.07216345341332812,0.044159156641680096,0.0615569,0.0615569
429,0.07216345341332812,0.044159156641680096,0.0445454,0.0445454
430,0.07216345341332812,0.044159156641680096,0.0352727,0.0352727
431,0.07216345341332812,0.044159156641680096,0.13799229999999998,0.13799229999999998
432,0.07216345341332812,0.044159156641680096,0.0424225,0.0424225
433,0.07216345341332812,0.044159156641680096,0.3641331,0.3641331
434,0.07216345341332812,0.044159156641680096,0.043570099999999994,0.043570099999999994
435,0.07216345341332812,0.044159156641680096,0.0113871,0.0113871
436,0.07216345341332812,0.044159156641680096,0.0542895,0.0542895
437,0.07216345341332812,0.044159156641680096,0.008903399999999999,0.008903399999999999
438,0.07216345341332812,0.044159156641680096,0.2912356,0.2912356
439,0.07216345341332812,0.044159156641680096,0.0465841,0.0465841
440,0.07216345341332812,0.044159156641680096,0.0821655,0.0821655
441,0.07216345341332812,0.044159156641680096,0.0032729,0.0032729
442,0.07374548707712654,0.04476996430768644,0.033684500000000006,0.033684500000000006
443,0.07758756505168087,0.0450247555439845,0.0169597,0.0169597
444,0.06901622468627637,0.043943804812681585,0.168489,0.168489
445,0.07216345341332812,0.044159156641680096,0.018303,0.018303
446,0.07057460935174382,0.0444045644993906,0.017981900000000002,0.017981900000000002
447,0.07173314656499705,0.02911094977255429,0.05396759999999999,0.05396759999999999
448,0.07464394658157206,0.044888542536455744,0.0298459,0.0298459
449,0.07356007872249139,0.04428454477921102,0.123475,0.123475
450,0.07751348374178901,0.0445986745742805,0.275552,0.275552
451,0.07514377067093216,0.044754004817287016,0.0175905,0.0175905
452,0.07629116136390902,0.044390707995960184,0.149196,0.149196
453,0.06938969256058217,0.04404189195860731,0.1652879,0.1652879
454,0.07864520579653153,0.04490002625276846,0.011069200000000001,0.011069200000000001
455,0.07860765471164247,0.04483145603085922,0.0767172,0.0767172
456,0.07857589442587905,0.04481460451264061,0.0172162,0.0172162
457,0.07602559275260574,0.04427564630388666,0.12004580000000001,0.12004580000000001
458,0.07836011421421413,0.044962008603212866,0.0457298,0.0457298
459,0.0758747013392763,0.04493268440105358,0.2680474,0.2680474
460,0.07475923525684333,0.04438019721901315,0.033557199999999995,0.033557199999999995
461,0.0761284876144025,0.04448722996686687,0.149555,0.149555
462,0.07382574892182252,0.04415802355377752,0.4630303,0.4630303
463,0.07699924498624791,0.04448420181480397,0.12388989999999998,0.12388989999999998
464,0.07314191663400284,0.044569479479176194,0.07201060000000001,0.07201060000000001
465,0.07512996247046198,0.04489718526830123,0.1349335,0.1349335
466,0.07264990251458572,0.0442901017138397,0.0741525,0.0741525
467,0.0785242698806889,0.04485802260961489,0.0845837,0.0845837
468,0.0780934343660871,0.044647059735639254,0.1310797,0.1310797
469,0.0761284876144025,0.04448722996686687,0.05986180000000001,0.05986180000000001
470,0.07869465364034664,0.044881900909986866,0.0149533,0.0149533
471,0.078711081861389,0.044903707280971004,0.0767133,0.0767133
472,0.07835428005648157,0.04503385104151582,0.1220402,0.1220402
473,0.0693231638110934,0.043799669477358825,0.024031,0.024031
474,0.07762097897087876,0.045022367215265785,0.5575478,0.5575478
475,0.07806422454057793,0.04503156780237097,0.054619900000000006,0.054619900000000006
476,0.07724585012365014,0.04471112443422373,0.011526,0.011526
477,0.07825027891035918,0.045032663524791954,0.029271199999999997,0.029271199999999997
478,0.07829973663805499,0.04496255545679105,0.030200900000000003,0.030200900000000003
479,0.07862307534008614,0.04482211361989707,0.011201000000000001,0.011201000000000001
480,0.07835428005648157,0.04503385104151582,0.013291899999999999,0.013291899999999999
481,0.07645759781651737,0.0451202117651959,0.07074810000000001,0.07074810000000001
482,0.07464394658157206,0.044888542536455744,0.06573129999999999,0.06573129999999999
483,0.07762097897087876,0.045022367215265785,0.3594966,0.3594966
484,0.07774803726834265,0.04514441916911638,0.0360495,0.0360495
485,0.0721719370764266,0.044152983232645944,0.041444,0.041444
486,0.07716497253593621,0.04493619543623131,0.045587699999999995,0.045587699999999995
487,0.07863340737839633,0.04484776807981312,0.045472399999999996,0.045472399999999996
488,0.06983276369617879,0.0430397304409259,0.0204724,0.0204724
489,0.07671793022583195,0.04455302840744098,0.053405600000000004,0.053405600000000004
490,0.07675543100793507,0.044491764825049004,0.22790370000000001,0.22790370000000001
491,0.07216345341332812,0.044159156641680096,0.0432764,0.0432764
492,0.07216345341332812,0.044159156641680096,0.056641,0.056641
493,0.07216345341332812,0.044159156641680096,0.0763993,0.0763993
494,0.07216345341332812,0.044159156641680096,0.0531183,0.0531183
495,0.07216345341332812,0.044159156641680096,0.315796,0.315796
496,0.07216345341332812,0.044159156641680096,0.09421669999999999,0.09421669999999999
497,0.07216345341332812,0.044159156641680096,0.47567479999999995,0.47567479999999995
498,0.07216345341332812,0.044159156641680096,0.0933987,0.0933987
499,0.07216345341332812,0.044159156641680096,0.1501175,0.1501175
500,0.07216345341332812,0.044159156641680096,0.0260617,0.0260617
501,0.07216345341332812,0.044159156641680096,0.027660400000000005,0.027660400000000005
502,0.07216345341332812,0.044159156641680096,0.0289611,0.0289611
503,0.07216345341332812,0.044159156641680096,0.4999357,0.4999357
504,0.07216345341332812,0.044159156641680096,0.0231352,0.0231352
505,0.07216345341332812,0.044159156641680096,0.0558237,0.0558237
506,0.07216345341332812,0.044159156641680096,0.146999,0.146999
507,0.07216345341332812,0.044159156641680096,0.2745889,0.2745889
508,0.07216345341332812,0.044159156641680096,0.041730199999999995,0.041730199999999995
509,0.07216345341332812,0.044159156641680096,0.1926276,0.1926276
510,0.07216345341332812,0.044159156641680096,0.0886842,0.0886842
511,0.07216345341332812,0.044159156641680096,0.0086222,0.0086222
512,0.07216345341332812,0.044159156641680096,0.0410177,0.0410177
513,0.07216345341332812,0.044159156641680096,0.0515844,0.0515844
514,0.07216345341332812,0.044159156641680096,0.0103039,0.0103039
515,0.07216345341332812,0.044159156641680096,0.0281225,0.0281225
516,0.07216345341332812,0.044159156641680096,0.0159155,0.0159155
517,0.07216345341332812,0.044159156641680096,0.039158,0.039158
518,0.07216345341332812,0.044159156641680096,0.0837813,0.0837813
519,0.07216345341332812,0.044159156641680096,0.10524469999999998,0.10524469999999998
520,0.07216345341332812,0.044159156641680096,0.1112246,0.1112246
521,0.07216345341332812,0.044159156641680096,0.1139983,0.1139983
522,0.07216345341332812,0.044159156641680096,0.0917138,0.0917138
523,0.07216345341332812,0.044159156641680096,0.0284257,0.0284257
524,0.07216345341332812,0.044159156641680096,0.0300695,0.0300695
525,0.07216345341332812,0.044159156641680096,0.15032220000000002,0.15032220000000002
526,0.07216345341332812,0.044159156641680096,0.07757689999999999,0.07757689999999999
527,0.07216345341332812,0.044159156641680096,0.0316,0.0316
528,0.07216345341332812,0.044159156641680096,0.4851527,0.4851527
529,0.07216345341332812,0.044159156641680096,0.0248599,0.0248599
530,0.07216345341332812,0.044159156641680096,0.032260000000000004,0.032260000000000004
531,0.07216345341332812,0.044159156641680096,0.05952230000000001,0.05952230000000001
532,0.07216345341332812,0.044159156641680096,0.057613,0.057613
533,0.07216345341332812,0.044159156641680096,0.1240714,0.1240714
534,0.07216345341332812,0.044159156641680096,0.47122309999999995,0.47122309999999995
535,0.07216345341332812,0.044159156641680096,0.1397271,0.1397271
536,0.07216345341332812,0.044159156641680096,0.49126670000000006,0.49126670000000006
537,0.07216345341332812,0.044159156641680096,0.0231396,0.0231396
538,0.07216345341332812,0.044159156641680096,0.038748000000000005,0.038748000000000005
539,0.07216345341332812,0.044159156641680096,0.1634452,0.1634452
540,0.07216345341332812,0.044159156641680096,0.32360209999999995,0.32360209999999995
541,0.07216345341332812,0.044159156641680096,0.0392084,0.0392084
542,0.07216345341332812,0.044159156641680096,0.0318948,0.0318948
543,0.07216345341332812,0.044159156641680096,0.0166705,0.0166705
544,0.07216345341332812,0.044159156641680096,0.3394929,0.3394929
545,0.07216345341332812,0.044159156641680096,0.1741692,0.1741692
546,0.07216345341332812,0.044159156641680096,0.07081489999999999,0.07081489999999999
547,0.07216345341332812,0.044159156641680096,0.366208,0.366208
548,0.07216345341332812,0.044159156641680096,0.10901019999999999,0.10901019999999999
549,0.07216345341332812,0.044159156641680096,0.08403560000000002,0.08403560000000002
550,0.07216345341332812,0.044159156641680096,0.0382911,0.0382911
551,0.07216345341332812,0.044159156641680096,0.023896200000000003,0.023896200000000003
552,0.07216345341332812,0.044159156641680096,0.3638087,0.3638087
553,0.07216345341332812,0.044159156641680096,0.0659809,0.0659809
554,0.07216345341332812,0.044159156641680096,0.3722861,0.3722861
555,0.07216345341332812,0.044159156641680096,0.0239182,0.0239182
556,0.07216345341332812,0.044159156641680096,0.0157482,0.0157482
557,0.07216345341332812,0.044159156641680096,0.14461179999999998,0.14461179999999998
558,0.07216345341332812,0.044159156641680096,0.0326692,0.0326692
559,0.07216345341332812,0.044159156641680096,0.06033009999999999,0.06033009999999999
560,0.07216345341332812,0.044159156641680096,0.0595409,0.0595409
561,0.07216345341332812,0.044159156641680096,0.24730149999999998,0.24730149999999998
562,0.07216345341332812,0.044159156641680096,0.056475599999999994,0.056475599999999994
563,0.07425898098340086,0.04471018690354271,0.0451996,0.0451996
564,0.06890035131927523,0.04236458164795274,0.017551900000000002,0.017551900000000002
565,0.07863995427037088,0.044858101609809166,0.16614520000000002,0.16614520000000002
566,0.07780260884690658,0.04468235230977544,0.17541610000000002,0.17541610000000002
567,0.07743824307831283,0.045030470954210956,0.038369099999999996,0.038369099999999996
568,0.07210731573329192,0.04463332095844272,0.20705259999999998,0.20705259999999998
569,0.07662505601532132,0.04434381239448203,0.27726649999999997,0.27726649999999997
570,0.07034952393776348,0.04432054597149423,0.1710293,0.1710293
571,0.07838757175517563,0.0449585903867799,0.37978049999999997,0.37978049999999997
572,0.07865241135628571,0.04486825917876883,0.0551461,0.0551461
573,0.07847930716362772,0.04488444751643967,0.0153981,0.0153981
574,0.07847930716362772,0.04488444751643967,0.0270483,0.0270483
575,0.07860870570944621,0.04496195369298387,0.0228293,0.0228293
576,0.07867260595268429,0.044870102311520686,0.040063800000000004,0.040063800000000004
577,0.07785744133573759,0.0450668488067703,0.1728665,0.1728665
578,0.07705881923415352,0.04493209686368261,0.0070932,0.0070932
579,0.07872188490539875,0.044980211822666295,0.29948990000000003,0.29948990000000003
580,0.07508349215028563,0.04473481540859552,0.028091,0.028091
581,0.07572412492968293,0.04408803550605873,0.19046029999999997,0.19046029999999997
582,0.07686043642576028,0.04488173993458839,0.041879599999999996,0.041879599999999996
583,0.07868967231432362,0.044991070169541215,0.2982327,0.2982327
584,0.07835428005648157,0.04503385104151582,0.22023850000000003,0.22023850000000003
585,0.07864520579653153,0.04490002625276846,0.2200732,0.2200732
586,0.078711081861389,0.044903707280971004,0.2466221,0.2466221
587,0.07842792803661303,0.044966975634890716,0.1354632,0.1354632
588,0.07851691798683912,0.04478757264429438,0.071738,0.071738
589,0.07528181646461433,0.04440953563509747,0.0523015,0.0523015
590,0.07864286205022522,0.04497081485795546,0.034454000000000005,0.034454000000000005
591,0.078711081861389,0.044903707280971004,0.0484976,0.0484976
592,0.07838757175517563,0.0449585903867799,0.591557,0.591557
593,0.07528181646461433,0.04440953563509747,0.4302594,0.4302594
594,0.07871026385142225,0.044972630669728016,0.11891739999999999,0.11891739999999999
595,0.07871832483493556,0.04499291051137764,0.05659630000000001,0.05659630000000001
596,0.06904248701130276,0.044006392857418836,0.0316005,0.0316005
597,0.07868717930091375,0.04487372274586385,0.23322939999999998,0.23322939999999998
598,0.07836011421421413,0.044962008603212866,0.0082304,0.0082304
599,0.07827489627153128,0.04502850171159364,0.035107,0.035107
600,0.07671793022583195,0.04455302840744098,0.4292955,0.4292955
601,0.07860765471164247,0.04483145603085922,0.35640920000000004,0.35640920000000004
602,0.07832577696258618,0.044958065399168134,0.4156138,0.4156138
603,0.07645759781651737,0.0451202117651959,0.1823368,0.1823368
604,0.07343217494848514,0.044284402418694184,0.5318239,0.5318239
605,0.07367252212955591,0.04495256740266882,0.32893429999999996,0.32893429999999996
606,0.07790723623723007,0.04502368275915955,0.38387519999999997,0.38387519999999997
607,0.07851492234046246,0.04492835453161291,0.0412455,0.0412455
608,0.07690813567778465,0.044906761233213875,0.0302575,0.0302575
609,0.07836011421421413,0.044962008603212866,0.11337939999999999,0.11337939999999999
610,0.07751203740887766,0.030702267711487485,0.0747052,0.0747052
611,0.07469564575762076,0.044371301243687634,0.0054249,0.0054249
612,0.07110128861290964,0.044820637298322814,0.023608900000000002,0.023608900000000002
613,0.07871832483493556,0.04499291051137764,0.042062699999999995,0.042062699999999995
614,0.07654777173855987,0.04518201056018459,0.011229000000000001,0.011229000000000001
615,0.07110128861290964,0.044820637298322814,0.2153239,0.2153239
616,0.0700986960169682,0.04163314687661896,0.42747440000000003,0.42747440000000003
617,0.07871169782299457,0.04490337003893952,0.47525839999999997,0.47525839999999997
618,0.07838757175517563,0.0449585903867799,0.22674610000000003,0.22674610000000003
619,0.07676506322998561,0.04439688003766983,0.0282527,0.0282527
620,0.07572412492968293,0.04408803550605873,0.1817598,0.1817598
621,0.07503132128146824,0.044758298382038736,0.2833583,0.2833583
622,0.07130802609373697,0.0446734518827938,0.030260500000000003,0.030260500000000003
623,0.0740877658835963,0.044137141308038766,0.1861912,0.1861912
624,0.0782522370367931,0.04485339515807991,0.0337425,0.0337425
625,0.07814994616704807,0.044866262273671895,0.017551499999999998,0.017551499999999998
626,0.07743070548083779,0.04478497349588473,0.0181099,0.0181099
627,0.07762097897087876,0.045022367215265785,0.0543753,0.0543753
628,0.078711081861389,0.044903707280971004,0.11283170000000001,0.11283170000000001
629,0.078711081861389,0.044903707280971004,0.0528114,0.0528114
630,0.0768143124631681,0.044902499142678035,0.11895339999999999,0.11895339999999999
631,0.07494879932799783,0.04440497609506769,0.1753713,0.1753713
632,0.07311623965109167,0.04492455650347178,0.027503500000000004,0.027503500000000004
633,0.0740877658835963,0.044137141308038766,0.3923902,0.3923902
634,0.07835428005648157,0.04503385104151582,0.0844627,0.0844627
635,0.07758756505168087,0.0450247555439845,0.1754192,0.1754192
636,0.07711124465534869,0.04493407605105228,0.1812947,0.1812947
637,0.07690813567778465,0.044906761233213875,0.07740760000000001,0.07740760000000001
638,0.07485856482495458,0.04485818881205853,0.012595,0.012595
639,0.07610786900259249,0.045091880717709386,0.11054939999999999,0.11054939999999999
640,0.07686043642576028,0.04488173993458839,0.0197196,0.0197196
641,0.07845224171574022,0.04492282773249551,0.1762211,0.1762211
642,0.0758747013392763,0.04493268440105358,0.3888527,0.3888527
643,0.07685188229055216,0.04575575394500027,0.0226235,0.0226235
644,0.07610786900259249,0.045091880717709386,0.0339804,0.0339804
645,0.07585744127005456,0.0444726423018571,0.42022440000000005,0.42022440000000005
646,0.075767551863362,0.04554090621027789,0.0794025,0.0794025
647,0.07144093606431058,0.04488844634373102,0.0202149,0.0202149
648,0.07825027891035918,0.045032663524791954,0.06948710000000001,0.06948710000000001
649,0.06918478255576772,0.04396428069185086,0.0714516,0.0714516
650,0.0761284876144025,0.04448722996686687,0.0410942,0.0410942
651,0.07764780439214496,0.04480610677232773,0.0291816,0.0291816
652,0.07260065558418262,0.04420767951530015,0.18860339999999998,0.18860339999999998
653,0.07232951668579256,0.04464254856240301,0.0188325,0.0188325
654,0.07662505601532132,0.04434381239448203,0.060080999999999996,0.060080999999999996
655,0.07494879932799783,0.04440497609506769,0.09593380000000001,0.09593380000000001
656,0.07675543100793507,0.044491764825049004,0.20486469999999998,0.20486469999999998
657,0.07686043642576028,0.04488173993458839,0.2859134,0.2859134
658,0.07733212201915533,0.04494299708820186,0.06434830000000001,0.06434830000000001
659,0.06942790727529367,0.044231596051595726,0.0323791,0.0323791
660,0.0730210283076482,0.04456174213209453,0.0958378,0.0958378
661,0.0760732587628125,0.044922762388618816,0.20176429999999998,0.20176429999999998
662,0.07041716208587666,0.04434733628217917,0.0637702,0.0637702
663,0.07671793022583195,0.04455302840744098,0.2636995,0.2636995
664,0.07762097897087876,0.045022367215265785,0.3672008,0.3672008
665,0.07046982696726357,0.04370449060257534,0.0333684,0.0333684
666,0.07374548707712654,0.04476996430768644,0.045752,0.045752
667,0.07057460935174382,0.0444045644993906,0.43902340000000006,0.43902340000000006
668,0.07662505601532132,0.04434381239448203,0.0327687,0.0327687
669,0.07711147402294244,0.04488552423640448,0.0416054,0.0416054
670,0.07797637182833199,0.04502565986879115,0.036879699999999994,0.036879699999999994
671,0.07728443710239075,0.044940699622389634,0.0804607,0.0804607
672,0.07836011421421413,0.044962008603212866,0.1018178,0.1018178
673,0.07314191663400284,0.044569479479176194,0.0230843,0.0230843
674,0.07355869144957448,0.044616324248159124,0.06479109999999999,0.06479109999999999
675,0.07165212762252411,0.04404442258847373,0.05752569999999999,0.05752569999999999
676,0.07623067476944961,0.04450979237292064,0.3201632,0.3201632
677,0.07714754503044435,0.04464296644744639,0.2846933,0.2846933
678,0.07565760180209459,0.04551615463565461,0.0967585,0.0967585
679,0.07746261829459315,0.04475742457581134,0.1847262,0.1847262
680,0.0758142990173775,0.0450302169215564,0.42831610000000003,0.42831610000000003
681,0.07604602861876433,0.04403996955960889,0.1050987,0.1050987
682,0.07577860072982653,0.045504495020627665,0.5895463000000001,0.5895463000000001
683,0.06851556836973693,0.041413227174183755,0.0706154,0.0706154
684,0.07034952393776348,0.04432054597149423,0.3820967,0.3820967
685,0.07382689113759237,0.044694963178006746,0.0329594,0.0329594
686,0.07690813567778465,0.044906761233213875,0.028314599999999995,0.028314599999999995
687,0.07850147471859058,0.04498899564986655,0.0286221,0.0286221
688,0.07534286824822158,0.04471794272795608,0.0230763,0.0230763
689,0.07210731573329192,0.04463332095844272,0.14616289999999998,0.14616289999999998
690,0.07381533243661646,0.04477329837738953,0.14364100000000002,0.14364100000000002
691,0.07485856482495458,0.04485818881205853,0.024311900000000004,0.024311900000000004
692,0.07871026385142225,0.044972630669728016,0.1420307,0.1420307
693,0.07839288506191382,0.044941756543109196,0.0287253,0.0287253
694,0.07592988418732652,0.044481104314840994,0.0305909,0.0305909
695,0.07618075390350149,0.044508402827439716,0.1437475,0.1437475
696,0.06905253127549058,0.04412956702124015,0.1980253,0.1980253
697,0.07512996247046198,0.04489718526830123,0.32949670000000003,0.32949670000000003
698,0.07485856482495458,0.04485818881205853,0.2988906,0.2988906
699,0.06928479423088488,0.04375695447033015,0.4500361,0.4500361
700,0.07396730590323862,0.044188674851046064,0.0618985,0.0618985
701,0.07837195372220128,0.029125136943274486,0.0915445,0.0915445
702,0.07436415670426003,0.044382353878772283,0.0092426,0.0092426
703,0.0761284876144025,0.04448722996686687,0.2569745,0.2569745
704,0.07412190274844521,0.04469516704685873,0.013721700000000002,0.013721700000000002
705,0.07485856482495458,0.04485818881205853,0.2689404,0.2689404
706,0.07009633302348572,0.04430870374869987,0.5017387,0.5017387
707,0.0758142990173775,0.0450302169215564,0.038841900000000006,0.038841900000000006
708,0.07685188229055216,0.04575575394500027,0.3461982,0.3461982
709,0.0765315008566994,0.04499549635480154,0.050194300000000004,0.050194300000000004
710,0.07781991562034697,0.045014542601424866,0.0299176,0.0299176
711,0.07292619838322599,0.04496330997253404,0.46193429999999996,0.46193429999999996
712,0.07718396509683582,0.044698670391871774,0.4568149,0.4568149
713,0.06809421031091699,0.04304573662827131,0.41134269999999995,0.41134269999999995
714,0.07404092940288497,0.04411407756021591,0.0165896,0.0165896
715,0.0757905505068074,0.04446565038587164,0.1951381,0.1951381
716,0.07311623965109167,0.04492455650347178,0.586779,0.586779
717,0.0786218742053763,0.04492804151625905,0.3048763,0.3048763
718,0.07123401724447137,0.04485038908922206,0.3734913,0.3734913
719,0.07743070548083779,0.04478497349588473,0.175225,0.175225
720,0.07311623965109167,0.04492455650347178,0.3746982,0.3746982
721,0.07382689113759237,0.044694963178006746,0.44694659999999997,0.44694659999999997
722,0.06890181900744032,0.04376081708354853,0.4508916,0.4508916
723,0.07369230878217939,0.04423291157171485,0.2399116,0.2399116
724,0.0724825133947194,0.0443447659547623,0.3517275,0.3517275
725,0.07041716208587666,0.04434733628217917,0.11008920000000001,0.11008920000000001
726,0.07216345341332812,0.044159156641680096,0.4371975,0.4371975
727,0.07216345341332812,0.044159156641680096,0.43827910000000003,0.43827910000000003
728,0.07216345341332812,0.044159156641680096,0.4638228,0.4638228
729,0.07216345341332812,0.044159156641680096,0.30511750000000004,0.30511750000000004
730,0.07216345341332812,0.044159156641680096,0.31734709999999994,0.31734709999999994
731,0.07014818203596875,0.044343263091687644,0.16458399999999998,0.16458399999999998
732,0.07137514621574269,0.04468355543984691,0.1535019,0.1535019
733,0.07046982696726357,0.04370449060257534,0.1353691,0.1353691
734,0.07173314656499705,0.02911094977255429,0.170159,0.170159
735,0.07777761330317529,0.04483065098581144,0.386276,0.386276
736,0.07216345341332812,0.044159156641680096,0.41193359999999996,0.41193359999999996
737,0.0709529016565879,0.04477885877084735,0.13520610000000002,0.13520610000000002
738,0.06890035131927523,0.04236458164795274,0.0112785,0.0112785
739,0.07801644064925442,0.04489299564563039,0.2879796,0.2879796
740,0.07751203740887766,0.030702267711487485,0.40600959999999997,0.40600959999999997
741,0.07827534527496284,0.04493291029904126,0.4475912,0.4475912
742,0.07120212988834979,0.04392515388179237,0.2954954,0.2954954
743,0.06901476007906482,0.043685422976696364,0.4236982,0.4236982
744,0.07657648949619532,0.04513348883342509,0.2129232,0.2129232
745,0.06913170548933302,0.04414800480372047,0.17194310000000002,0.17194310000000002
746,0.07676506322998561,0.04439688003766983,0.5022303,0.5022303
747,0.07874067276243282,0.04514022788916772,0.43524890000000005,0.43524890000000005
748,0.07113165295318814,0.043904998669920224,0.5001960999999999,0.5001960999999999
749,0.07872379236956999,0.045183579463064706,0.44676459999999996,0.44676459999999996
750,0.07751203740887766,0.030702267711487485,0.13086969999999998,0.13086969999999998
751,0.07858640842022538,0.04500765026857927,0.4993343,0.4993343
752,0.07856766225851962,0.04501560062096325,0.45614170000000004,0.45614170000000004
753,0.07859414208829721,0.04516827830725595,0.3118297,0.3118297
754,0.07863288498583525,0.04519437018726,0.2722409,0.2722409
755,0.0786074242309128,0.044989961364258965,0.5800401,0.5800401
756,0.07140153047873547,0.044094995806615,0.3279841,0.3279841
757,0.06912410413718698,0.04395540565905248,0.0472646,0.0472646
758,0.0692362444909253,0.04397569431191509,0.35164229999999996,0.35164229999999996
759,0.06959719803097081,0.04362932024810306,0.0097234,0.0097234
760,0.0692362444909253,0.04397569431191509,0.041525599999999996,0.041525599999999996
761,0.0754521019927178,0.04442856677227593,0.18781170000000003,0.18781170000000003
762,0.07629116136390902,0.044390707995960184,0.592317,0.592317
763,0.07629116136390902,0.044390707995960184,0.013267600000000001,0.013267600000000001
764,0.07724585012365014,0.04471112443422373,0.080583,0.080583
765,0.06919635836036399,0.043429480775656004,0.2162456,0.2162456
766,0.0765321500077573,0.04382479120552693,0.1894235,0.1894235
767,0.06890108191748354,0.03543368172739981,0.09098110000000001,0.09098110000000001
768,0.07839868026053155,0.04512605617098837,0.46989759999999997,0.46989759999999997
769,0.07743325159593785,0.044753047089352745,0.07821669999999999,0.07821669999999999
770,0.07494879932799783,0.04440497609506769,0.22624940000000002,0.22624940000000002
771,0.07484633928353486,0.04438133812820232,0.4892642,0.4892642
772,0.07804364393949693,0.04486115796404583,0.43748820000000005,0.43748820000000005
773,0.0785585901905839,0.0450718308704833,0.3816673,0.3816673
774,0.07751203740887766,0.030702267711487485,0.2496409,0.2496409
775,0.07015922829951614,0.043981067328701794,0.08084019999999999,0.08084019999999999
776,0.07604602861876433,0.04403996955960889,0.044492500000000004,0.044492500000000004
777,0.06996470610995453,0.043820635775809004,0.47919540000000005,0.47919540000000005
778,0.07216345341332812,0.044159156641680096,0.1434755,0.1434755
779,0.0691914233352719,0.04396354332788921,0.0552163,0.0552163
780,0.07749304640704209,0.0447774520636026,0.4669929,0.4669929
781,0.06932654983201983,0.04363386412111323,0.0444282,0.0444282
782,0.06937288051632921,0.042877985545479794,0.0544578,0.0544578
783,0.06897592751281621,0.043806803185498795,0.041215100000000005,0.041215100000000005
784,0.069170377072359,0.043683449810430874,0.0702736,0.0702736
785,0.0786038575905712,0.04513180131617674,0.37080100000000005,0.37080100000000005
786,0.07399162812451963,0.043923217297112314,0.042505400000000006,0.042505400000000006
787,0.06977301505442655,0.043643286350426656,0.1907863,0.1907863
788,0.06937288051632921,0.042877985545479794,0.06587989999999999,0.06587989999999999
789,0.0698967443894565,0.04369510108317182,0.1378478,0.1378478
790,0.06970982759818739,0.0436304688844234,0.2611952,0.2611952
791,0.07592988418732652,0.044481104314840994,0.11968530000000001,0.11968530000000001
792,0.07032513392372068,0.04381723537048298,0.0661128,0.0661128
793,0.0701478488471241,0.04404463327699395,0.2571653,0.2571653
794,0.0700986960169682,0.04163314687661896,0.10692839999999999,0.10692839999999999
795,0.06996470610995453,0.043820635775809004,0.3985485,0.3985485
796,0.06932654983201983,0.04363386412111323,0.0628224,0.0628224
797,0.07057680898506773,0.044049102886549084,0.2218853,0.2218853
798,0.06977301505442655,0.043643286350426656,0.062004899999999995,0.062004899999999995
799,0.06954366486554309,0.043624579189784,0.46192,0.46192
800,0.0692820272062353,0.04377212271553692,0.250813,0.250813
801,0.06983276369617879,0.0430397304409259,0.083745,0.083745
802,0.06932654983201983,0.04363386412111323,0.4898835999999999,0.4898835999999999
803,0.07821845683635714,0.044850171086166984,0.2416656,0.2416656
804,0.06965427939982928,0.04364459296258624,0.45763630000000005,0.45763630000000005
805,0.07264990251458572,0.0442901017138397,0.2651433,0.2651433
806,0.06949601934222543,0.0436208411269594,0.0671456,0.0671456
807,0.06949601934222543,0.0436208411269594,0.20685170000000003,0.20685170000000003
808,0.06761451586402535,0.04389907813700837,0.1579764,0.1579764
809,0.06937288051632921,0.042877985545479794,0.20968119999999998,0.20968119999999998
810,0.06940700888717088,0.03582972393199335,0.08095060000000001,0.08095060000000001
811,0.06970982759818739,0.0436304688844234,0.3692877,0.3692877
812,0.06965427939982928,0.04364459296258624,0.12083859999999999,0.12083859999999999
813,0.07009225383794566,0.04401350760510183,0.0777257,0.0777257
814,0.06959719803097081,0.04362932024810306,0.052638199999999996,0.052638199999999996
815,0.06761451586402535,0.04389907813700837,0.3051833,0.3051833
816,0.06919635836036399,0.043429480775656004,0.2186777,0.2186777
817,0.06977301505442655,0.043643286350426656,0.0602059,0.0602059
818,0.07817103793661001,0.044824381624751455,0.2259404,0.2259404
819,0.0692820272062353,0.04377212271553692,0.32472270000000003,0.32472270000000003
820,0.07019246752435894,0.04396088414548216,0.2388087,0.2388087
821,0.06977301505442655,0.043643286350426656,0.0437893,0.0437893
822,0.06940700888717088,0.03582972393199335,0.13651770000000002,0.13651770000000002
823,0.06935198534296011,0.04362293562386805,0.06681269999999999,0.06681269999999999
824,0.06996470610995453,0.043820635775809004,0.16977029999999999,0.16977029999999999
825,0.06937288051632921,0.042877985545479794,0.062133900000000006,0.062133900000000006
826,0.06954366486554309,0.043624579189784,0.1319033,0.1319033
827,0.06949601934222543,0.0436208411269594,0.1441949,0.1441949
828,0.06970982759818739,0.0436304688844234,0.0637671,0.0637671
829,0.06977301505442655,0.043643286350426656,0.0958076,0.0958076
830,0.06977301505442655,0.043643286350426656,0.0461812,0.0461812
831,0.0703774327899424,0.044011003113007076,0.0870427,0.0870427
832,0.07862471982822845,0.044968621832421,0.15169639999999998,0.15169639999999998
833,0.07595014951715909,0.04449072453191607,0.203029,0.203029
834,0.07319843735029445,0.044572418510654986,0.20874139999999997,0.20874139999999997
835,0.0757905505068074,0.04446565038587164,0.12549870000000002,0.12549870000000002
836,0.0757905505068074,0.04446565038587164,0.2780487,0.2780487
837,0.07711147402294244,0.04488552423640448,0.027874400000000004,0.027874400000000004
838,0.07623640438019055,0.04448757065399687,0.1492737,0.1492737
839,0.07676506322998561,0.04439688003766983,0.3397698,0.3397698
840,0.07714754503044435,0.04464296644744639,0.2449929,0.2449929
841,0.07057680898506773,0.044049102886549084,0.015097200000000002,0.015097200000000002
842,0.07216345341332812,0.044159156641680096,0.0661393,0.0661393
843,0.07558705176560382,0.04444204834308542,0.2643632,0.2643632
844,0.07240509266581431,0.044289325553728186,0.08053969999999999,0.08053969999999999
845,0.07404092940288497,0.04411407756021591,0.2174507,0.2174507
846,0.07498666338634541,0.04439134602345485,0.2570073,0.2570073
847,0.0719574157725535,0.04411391805059557,0.1322527,0.1322527
848,0.0761284876144025,0.04448722996686687,0.13004839999999998,0.13004839999999998
849,0.07572412492968293,0.04408803550605873,0.22615460000000004,0.22615460000000004
850,0.07216345341332812,0.044159156641680096,0.14104389999999997,0.14104389999999997
851,0.07564818226951908,0.04444932871576897,0.3192899,0.3192899
852,0.0771100836920235,0.04455195005501187,0.1492176,0.1492176
853,0.07595014951715909,0.04449072453191607,0.13485350000000002,0.13485350000000002
854,0.07618075390350149,0.044508402827439716,0.0785502,0.0785502
855,0.07654777173855987,0.04518201056018459,0.1582016,0.1582016
856,0.07705481546023818,0.044742594339227476,0.1603174,0.1603174
857,0.07671588521138359,0.044547818522963134,0.0743432,0.0743432
858,0.07564818226951908,0.04444932871576897,0.0394718,0.0394718
859,0.0704824228256816,0.04397214168344638,0.3776197,0.3776197
860,0.07015922829951614,0.043981067328701794,0.43168950000000006,0.43168950000000006
861,0.0700986960169682,0.04163314687661896,0.35222129999999996,0.35222129999999996
862,0.07009225383794566,0.04401350760510183,0.3056139,0.3056139
863,0.07310193485513393,0.04574338680127198,0.3575076,0.3575076
864,0.07032513392372068,0.04381723537048298,0.309148,0.309148
865,0.07015922829951614,0.043981067328701794,0.31398200000000004,0.31398200000000004
866,0.07043425177588854,0.04288667264871254,0.3049384,0.3049384
867,0.07604602861876433,0.04403996955960889,0.310781,0.310781
868,0.07737694394039117,0.04480596257427956,0.5196385,0.5196385
869,0.07165212762252411,0.04404442258847373,0.1883081,0.1883081
870,0.0771100836920235,0.04455195005501187,0.0600442,0.0600442
871,0.0771100836920235,0.04455195005501187,0.13932160000000002,0.13932160000000002
872,0.0761284876144025,0.04448722996686687,0.0638189,0.0638189
873,0.07743070548083779,0.04478497349588473,0.1706665,0.1706665
874,0.07675543100793507,0.044491764825049004,0.1998373,0.1998373
875,0.07106336794575627,0.04388383152904617,0.04861819999999999,0.04861819999999999
876,0.07438905797238121,0.04419084234194456,0.0531364,0.0531364
877,0.07592988418732652,0.044481104314840994,0.2903353,0.2903353
878,0.07564818226951908,0.04444932871576897,0.1398512,0.1398512
879,0.07637218349629224,0.04505146409168146,0.2470058,0.2470058
880,0.07369230878217939,0.04423291157171485,0.44308059999999994,0.44308059999999994
881,0.07438905797238121,0.04419084234194456,0.021209099999999998,0.021209099999999998
882,0.07860119405650862,0.04497444684067175,0.2658345,0.2658345
883,0.07356007872249139,0.04428454477921102,0.03886130000000001,0.03886130000000001
884,0.07337537705643198,0.04436149747217855,0.0617627,0.0617627
885,0.0730210283076482,0.04456174213209453,0.0303093,0.0303093
886,0.07337537705643198,0.04436149747217855,0.0273144,0.0273144
887,0.07469564575762076,0.044371301243687634,0.1385125,0.1385125
888,0.07314191663400284,0.044569479479176194,0.0488533,0.0488533
889,0.07331360205099616,0.044364167075959526,0.058950199999999994,0.058950199999999994
890,0.07273849615998022,0.04452123677234619,0.0487082,0.0487082
891,0.07314191663400284,0.044569479479176194,0.23905839999999998,0.23905839999999998
892,0.07120212988834979,0.04392515388179237,0.031262200000000004,0.031262200000000004
893,0.07331360205099616,0.044364167075959526,0.0108819,0.0108819
894,0.07314191663400284,0.044569479479176194,0.42644499999999996,0.42644499999999996
895,0.07349311051867093,0.0442889136017647,0.21460990000000002,0.21460990000000002
896,0.07349311051867093,0.0442889136017647,0.29421620000000004,0.29421620000000004
897,0.07399162812451963,0.043923217297112314,0.0812211,0.0812211
898,0.07325905915621135,0.044365539851746086,0.1333558,0.1333558
899,0.07369230878217939,0.04423291157171485,0.3728708,0.3728708
900,0.07445351907669574,0.04478311208680206,0.019216,0.019216
901,0.07308434802365703,0.04456639907444289,0.39077140000000005,0.39077140000000005
902,0.07337537705643198,0.04436149747217855,0.4790629,0.4790629
903,0.07356007872249139,0.04428454477921102,0.028727,0.028727
904,0.07376872832978458,0.04422260560777043,0.049716199999999995,0.049716199999999995
905,0.07494879932799783,0.04440497609506769,0.0165772,0.0165772
906,0.07382574892182252,0.04415802355377752,0.056582900000000005,0.056582900000000005
907,0.07343217494848514,0.044284402418694184,0.0348161,0.0348161
908,0.0730210283076482,0.04456174213209453,0.0148463,0.0148463
909,0.07558705176560382,0.04444204834308542,0.16679549999999999,0.16679549999999999
910,0.07356007872249139,0.04428454477921102,0.0429524,0.0429524
911,0.07494879932799783,0.04440497609506769,0.1120596,0.1120596
912,0.07369230878217939,0.04423291157171485,0.07007460000000001,0.07007460000000001
913,0.07492039958454447,0.044591516541136064,0.16476670000000002,0.16476670000000002
914,0.07492039958454447,0.044591516541136064,0.0288043,0.0288043
915,0.07349311051867093,0.0442889136017647,0.054693200000000004,0.054693200000000004
916,0.0730210283076482,0.04456174213209453,0.0163384,0.0163384
917,0.07325905915621135,0.044365539851746086,0.0439825,0.0439825
918,0.07349311051867093,0.0442889136017647,0.0685914,0.0685914
919,0.07337537705643198,0.04436149747217855,0.37335949999999996,0.37335949999999996
920,0.07399162812451963,0.043923217297112314,0.3603874,0.3603874
921,0.07325905915621135,0.044365539851746086,0.1514642,0.1514642
922,0.07461223035980077,0.04435845077017517,0.0432264,0.0432264
923,0.07863802271618954,0.04516184103215593,0.3560565,0.3560565
924,0.07737694394039117,0.04480596257427956,0.29957690000000003,0.29957690000000003
925,0.07404092940288497,0.04411407756021591,0.1560858,0.1560858
926,0.07711147402294244,0.04488552423640448,0.3356582,0.3356582
927,0.07396730590323862,0.044188674851046064,0.33529990000000004,0.33529990000000004
928,0.07331360205099616,0.044364167075959526,0.18212089999999997,0.18212089999999997
929,0.07343217494848514,0.044284402418694184,0.4128661,0.4128661
930,0.07362555784977616,0.04425025706145294,0.2343665,0.2343665
931,0.07564818226951908,0.04444932871576897,0.11995819999999999,0.11995819999999999
932,0.07362555784977616,0.04425025706145294,0.1823638,0.1823638
933,0.07376872832978458,0.04422260560777043,0.114641,0.114641
934,0.07445351907669574,0.04478311208680206,0.32451540000000006,0.32451540000000006
935,0.07399162812451963,0.043923217297112314,0.2526692,0.2526692
936,0.07362555784977616,0.04425025706145294,0.1263408,0.1263408
937,0.07451744730690744,0.04433456056507463,0.1220393,0.1220393
938,0.07794126785259538,0.044861366895925875,0.34188379999999996,0.34188379999999996
939,0.07369230878217939,0.04423291157171485,0.2998377,0.2998377
940,0.07362555784977616,0.04425025706145294,0.11452770000000001,0.11452770000000001
941,0.07396730590323862,0.044188674851046064,0.10230539999999999,0.10230539999999999
942,0.07445351907669574,0.04478311208680206,0.1668822,0.1668822
943,0.07399162812451963,0.043923217297112314,0.11957290000000001,0.11957290000000001
944,0.07498666338634541,0.04439134602345485,0.30653779999999997,0.30653779999999997
945,0.0740877658835963,0.044137141308038766,0.17926620000000001,0.17926620000000001
946,0.07369230878217939,0.04423291157171485,0.2308552,0.2308552
947,0.07319843735029445,0.044572418510654986,0.1310848,0.1310848
948,0.07356007872249139,0.04428454477921102,0.16884929999999998,0.16884929999999998
949,0.0724825133947194,0.0443447659547623,0.1789219,0.1789219
950,0.07295595417087754,0.044554026994580845,0.2565351,0.2565351
951,0.07331360205099616,0.044364167075959526,0.14398129999999998,0.14398129999999998
952,0.07331360205099616,0.044364167075959526,0.4222903,0.4222903
953,0.07113165295318814,0.043904998669920224,0.10369310000000001,0.10369310000000001
954,0.07774146068212028,0.044829695294614516,0.05998049999999999,0.05998049999999999
955,0.07837195372220128,0.029125136943274486,0.1625769,0.1625769
956,0.07356007872249139,0.04428454477921102,0.1363299,0.1363299
957,0.07091234823932373,0.0438199293446203,0.17946679999999998,0.17946679999999998
958,0.07858640842022538,0.04500765026857927,0.3715323,0.3715323
959,0.07671793022583195,0.04455302840744098,0.46923050000000005,0.46923050000000005
960,0.07705481546023818,0.044742594339227476,0.5273723000000001,0.5273723000000001
961,0.07764780439214496,0.04480610677232773,0.030670199999999998,0.030670199999999998
962,0.06761451586402535,0.04389907813700837,0.4403438,0.4403438
963,0.07800910354150517,0.04488166000578905,0.1188876,0.1188876
964,0.07538707524470964,0.044421356387859705,0.32913590000000004,0.32913590000000004
965,0.07618075390350149,0.044508402827439716,0.3799637,0.3799637
966,0.07595014951715909,0.04449072453191607,0.2976705,0.2976705
967,0.07743070548083779,0.04478497349588473,0.2469509,0.2469509
968,0.07538707524470964,0.044421356387859705,0.015725799999999998,0.015725799999999998
969,0.07707844400518409,0.04441381779982466,0.0340526,0.0340526
970,0.07396730590323862,0.044188674851046064,0.5352872,0.5352872
971,0.07764780439214496,0.04480610677232773,0.132175,0.132175
972,0.07817103793661001,0.044824381624751455,0.1940046,0.1940046
973,0.07216345341332812,0.044159156641680096,0.5365358,0.5365358
974,0.07800910354150517,0.04488166000578905,0.1736701,0.1736701
975,0.07492039958454447,0.044591516541136064,0.0086793,0.0086793
976,0.07438905797238121,0.04419084234194456,0.0089458,0.0089458
977,0.07461223035980077,0.04435845077017517,0.059486800000000006,0.059486800000000006
978,0.07445351907669574,0.04478311208680206,0.03300530000000001,0.03300530000000001
979,0.07528181646461433,0.04440953563509747,0.018181400000000004,0.018181400000000004
980,0.07764780439214496,0.04480610677232773,0.09082310000000002,0.09082310000000002
981,0.07382574892182252,0.04415802355377752,0.5095141,0.5095141
982,0.07774146068212028,0.044829695294614516,0.09308960000000001,0.09308960000000001
983,0.07729749857171528,0.04472375005160419,0.10431780000000002,0.10431780000000002
984,0.07856188870390678,0.04494150633941503,0.2911787,0.2911787
985,0.07821845683635714,0.044850171086166984,0.21065429999999996,0.21065429999999996
986,0.07767660834778638,0.04481131465115571,0.48017529999999997,0.48017529999999997
987,0.07781593834997669,0.04484119159704088,0.4547517,0.4547517
988,0.0777074784104395,0.04481807491077525,0.14149560000000003,0.14149560000000003
989,0.07494879932799783,0.04440497609506769,0.0537201,0.0537201
990,0.07572412492968293,0.04408803550605873,0.1166876,0.1166876
991,0.07827534527496284,0.04493291029904126,0.3909672,0.3909672
992,0.07623640438019055,0.04448757065399687,0.0611941,0.0611941
993,0.07724585012365014,0.04471112443422373,0.105101,0.105101
994,0.07856881569043864,0.045033222915187084,0.17242760000000001,0.17242760000000001
995,0.07785917321047309,0.04484986935317945,0.161017,0.161017
996,0.07705481546023818,0.044742594339227476,0.1604039,0.1604039
997,0.07797208279978456,0.04487183702477649,0.1445675,0.1445675
998,0.0777074784104395,0.04481807491077525,0.08057669999999999,0.08057669999999999
999,0.07758974085178208,0.04469980683143831,0.4091028,0.4091028
1000,0.07737694394039117,0.04480596257427956,0.15627149999999998,0.15627149999999998
1001,0.07724585012365014,0.04471112443422373,0.1981777,0.1981777
1002,0.07863802271618954,0.04516184103215593,0.3095389,0.3095389
1003,0.07710663302017853,0.045051234944788986,0.1652384,0.1652384
1004,0.0740877658835963,0.044137141308038766,0.1150812,0.1150812
1005,0.07216345341332812,0.044159156641680096,0.48262340000000004,0.48262340000000004
1006,0.07834552474999283,0.0448782619713747,0.5708728,0.5708728
1007,0.07531713574103407,0.044414411192065836,0.476729,0.476729
1008,0.07743070548083779,0.04478497349588473,0.4739695,0.4739695
1009,0.07714754503044435,0.04464296644744639,0.3685884,0.3685884
1010,0.07797208279978456,0.04487183702477649,0.3335655,0.3335655
1011,0.0761284876144025,0.04448722996686687,0.45161270000000003,0.45161270000000003
1012,0.07790203375581813,0.04485298657162528,0.3374317,0.3374317
1013,0.07595014951715909,0.04449072453191607,0.2311975,0.2311975
1014,0.07675543100793507,0.044491764825049004,0.1691146,0.1691146
1015,0.07623067476944961,0.04450979237292064,0.3245456,0.3245456
1016,0.07743070548083779,0.04478497349588473,0.2006075,0.2006075
1017,0.0787001026818053,0.04518923371999831,0.3973707,0.3973707
1018,0.0777074784104395,0.04481807491077525,0.292587,0.292587
1019,0.07854893016053742,0.04495167640528278,0.3522156,0.3522156
1020,0.07854893016053742,0.04495167640528278,0.24902529999999998,0.24902529999999998
1021,0.07707844400518409,0.04441381779982466,0.0706445,0.0706445
1022,0.0779652810611987,0.04491363763582891,0.154051,0.154051
1023,0.07629116136390902,0.044390707995960184,0.2263633,0.2263633
1024,0.07623640438019055,0.04448757065399687,0.2341737,0.2341737
1025,0.07629116136390902,0.044390707995960184,0.1196457,0.1196457
1026,0.07814994616704807,0.044866262273671895,0.379562,0.379562
1027,0.07821845683635714,0.044850171086166984,0.280585,0.280585
1028,0.07821845683635714,0.044850171086166984,0.21575010000000003,0.21575010000000003
1029,0.0785585901905839,0.0450718308704833,0.4516522,0.4516522
1030,0.07859945216212488,0.04499261981065837,0.3295772,0.3295772
1031,0.07724585012365014,0.04471112443422373,0.0946352,0.0946352
1032,0.07711147402294244,0.04488552423640448,0.34872070000000005,0.34872070000000005
1033,0.07856881569043864,0.045033222915187084,0.3179824,0.3179824
1034,0.07714754503044435,0.04464296644744639,0.08799019999999999,0.08799019999999999
1035,0.07863802271618954,0.04516184103215593,0.23778020000000002,0.23778020000000002
1036,0.07856766225851962,0.04501560062096325,0.2382446,0.2382446
1037,0.07538707524470964,0.044421356387859705,0.2199719,0.2199719
1038,0.07538707524470964,0.044421356387859705,0.2233092,0.2233092
1039,0.07399162812451963,0.043923217297112314,0.11347060000000002,0.11347060000000002
1040,0.07592988418732652,0.044481104314840994,0.4262675,0.4262675
1041,0.07756110001638389,0.044787700371540735,0.0769479,0.0769479
1042,0.07804364393949693,0.04486115796404583,0.2911739,0.2911739
1043,0.07850205514719098,0.044916648462185974,0.341781,0.341781
1044,0.07494879932799783,0.04440497609506769,0.0618144,0.0618144
1045,0.0757905505068074,0.04446565038587164,0.1155239,0.1155239
1046,0.07851493731798868,0.045154773894983104,0.45799480000000004,0.45799480000000004
1047,0.07777761330317529,0.04483065098581144,0.27979990000000005,0.27979990000000005
1048,0.07845224171574022,0.04492282773249551,0.056855899999999994,0.056855899999999994
1049,0.07797208279978456,0.04487183702477649,0.0293322,0.0293322
1050,0.07508140252368899,0.04441579366635152,0.0514625,0.0514625
1051,0.07737694394039117,0.04480596257427956,0.1496509,0.1496509
1052,0.07850205514719098,0.044916648462185974,0.0974835,0.0974835
1053,0.07538707524470964,0.044421356387859705,0.1727755,0.1727755
1054,0.07827534527496284,0.04493291029904126,0.12105910000000002,0.12105910000000002
1055,0.07528181646461433,0.04440953563509747,0.17577779999999998,0.17577779999999998
1056,0.07801644064925442,0.04489299564563039,0.09311239999999998,0.09311239999999998
1057,0.07718396509683582,0.044698670391871774,0.2293427,0.2293427
1058,0.07707844400518409,0.04441381779982466,0.0266974,0.0266974
1059,0.07753527556547062,0.044777987175889364,0.2942913,0.2942913
1060,0.07751203740887766,0.030702267711487485,0.221417,0.221417
1061,0.07675543100793507,0.044491764825049004,0.1129254,0.1129254
1062,0.07654777173855987,0.04518201056018459,0.4954754,0.4954754
1063,0.07671793022583195,0.04455302840744098,0.0625052,0.0625052
1064,0.07860813982734632,0.045128203038058264,0.3464889,0.3464889
1065,0.07797208279978456,0.04487183702477649,0.10438789999999999,0.10438789999999999
1066,0.07737694394039117,0.04480596257427956,0.048111900000000006,0.048111900000000006
1067,0.07767660834778638,0.04481131465115571,0.1975656,0.1975656
1068,0.07785917321047309,0.04484986935317945,0.5940739,0.5940739
1069,0.07729749857171528,0.04472375005160419,0.0551403,0.0551403
1070,0.07571944269068415,0.044457265157034805,0.11235319999999999,0.11235319999999999
1071,0.07705481546023818,0.044742594339227476,0.028203,0.028203
1072,0.07746261829459315,0.04475742457581134,0.2958913,0.2958913
1073,0.07552205895050369,0.04443510409447125,0.05806649999999999,0.05806649999999999
1074,0.07856766225851962,0.04501560062096325,0.4381424,0.4381424
1075,0.07654777173855987,0.04518201056018459,0.41944319999999996,0.41944319999999996
1076,0.07737694394039117,0.04480596257427956,0.0506346,0.0506346
1077,0.07856188870390678,0.04494150633941503,0.42243630000000004,0.42243630000000004
1078,0.07623067476944961,0.04450979237292064,0.28818520000000003,0.28818520000000003
1079,0.07602559275260574,0.04427564630388666,0.2935429,0.2935429
1080,0.07856881569043864,0.045033222915187084,0.3049403,0.3049403
1081,0.07869151786016886,0.04512880166977817,0.46953409999999995,0.46953409999999995
1082,0.07851493731798868,0.045154773894983104,0.4188719,0.4188719
1083,0.07484633928353486,0.04438133812820232,0.0987715,0.0987715
1084,0.07494879932799783,0.04440497609506769,0.1180886,0.1180886
1085,0.07711147402294244,0.04488552423640448,0.145958,0.145958
1086,0.07764780439214496,0.04480610677232773,0.3093805,0.3093805
1087,0.07595014951715909,0.04449072453191607,0.1414487,0.1414487
1088,0.07856188870390678,0.04494150633941503,0.5282585,0.5282585
1089,0.07804364393949693,0.04486115796404583,0.48027790000000004,0.48027790000000004
1090,0.07216345341332812,0.044159156641680096,0.2139743,0.2139743
1091,0.07714754503044435,0.04464296644744639,0.18221729999999997,0.18221729999999997
1092,0.07804364393949693,0.04486115796404583,0.015291200000000001,0.015291200000000001
1093,0.07834552474999283,0.0448782619713747,0.0148893,0.0148893
1094,0.0779652810611987,0.04491363763582891,0.4601317,0.4601317
1095,0.07821845683635714,0.044850171086166984,0.5068684,0.5068684
1096,0.0757905505068074,0.04446565038587164,0.2743989,0.2743989
1097,0.0765712976442955,0.04443738409493286,0.0186199,0.0186199
1098,0.07729749857171528,0.04472375005160419,0.38115170000000004,0.38115170000000004
1099,0.07756110001638389,0.044787700371540735,0.3042385,0.3042385
1100,0.07528181646461433,0.04440953563509747,0.06661639999999999,0.06661639999999999
1101,0.07508140252368899,0.04441579366635152,0.1080026,0.1080026
1102,0.07724585012365014,0.04471112443422373,0.44852190000000003,0.44852190000000003
1103,0.07724585012365014,0.04471112443422373,0.3163144,0.3163144
1104,0.07629116136390902,0.044390707995960184,0.0381894,0.0381894
1105,0.07785917321047309,0.04484986935317945,0.20623930000000001,0.20623930000000001
1106,0.07856704930601621,0.04504429526776958,0.21161910000000003,0.21161910000000003
1107,0.07552205895050369,0.04443510409447125,0.1395375,0.1395375
1108,0.0777074784104395,0.04481807491077525,0.23331439999999998,0.23331439999999998
1109,0.07785917321047309,0.04484986935317945,0.4994715,0.4994715
1110,0.07654777173855987,0.04518201056018459,0.0290284,0.0290284
1111,0.07671793022583195,0.04455302840744098,0.0102405,0.0102405
1112,0.07705481546023818,0.044742594339227476,0.3321327,0.3321327
1113,0.07746261829459315,0.04475742457581134,0.0439151,0.0439151
1114,0.07675543100793507,0.044491764825049004,0.1289583,0.1289583
1115,0.07743325159593785,0.044753047089352745,0.45003469999999995,0.45003469999999995
1116,0.07843891159174411,0.044911546056299455,0.34103979999999995,0.34103979999999995
1117,0.07592988418732652,0.044481104314840994,0.2773303,0.2773303
1118,0.07856704930601621,0.04504429526776958,0.2752292,0.2752292
1119,0.07718396509683582,0.044698670391871774,0.3324377,0.3324377
1120,0.07572412492968293,0.04408803550605873,0.2382755,0.2382755
1121,0.07707844400518409,0.04441381779982466,0.15843870000000002,0.15843870000000002
1122,0.07746261829459315,0.04475742457581134,0.032554900000000005,0.032554900000000005
1123,0.07571944269068415,0.044457265157034805,0.093855,0.093855
1124,0.07767660834778638,0.04481131465115571,0.11695539999999999,0.11695539999999999
1125,0.07629116136390902,0.044390707995960184,0.11534089999999998,0.11534089999999998
1126,0.07743070548083779,0.04478497349588473,0.1575127,0.1575127
1127,0.0765712976442955,0.04443738409493286,0.4072657,0.4072657
1128,0.07362555784977616,0.04425025706145294,0.21462559999999997,0.21462559999999997
1129,0.07528181646461433,0.04440953563509747,0.019315799999999998,0.019315799999999998
1130,0.07637218349629224,0.04505146409168146,0.18894,0.18894
1131,0.07800910354150517,0.04488166000578905,0.21835010000000002,0.21835010000000002
1132,0.07714754503044435,0.04464296644744639,0.3404928,0.3404928
1133,0.0765712976442955,0.04443738409493286,0.4326532,0.4326532
1134,0.07295595417087754,0.044554026994580845,0.3186191,0.3186191
1135,0.07790203375581813,0.04485298657162528,0.20613879999999998,0.20613879999999998
1136,0.07724585012365014,0.04471112443422373,0.22461430000000002,0.22461430000000002
1137,0.07743325159593785,0.044753047089352745,0.3041906,0.3041906
1138,0.07843891159174411,0.044911546056299455,0.42540370000000005,0.42540370000000005
1139,0.07827534527496284,0.04493291029904126,0.4668202,0.4668202
1140,0.07604602861876433,0.04403996955960889,0.1511844,0.1511844
1141,0.07711147402294244,0.04488552423640448,0.1111889,0.1111889
1142,0.07838529690763642,0.04525494649789306,0.4645148,0.4645148
1143,0.07817103793661001,0.044824381624751455,0.3904275,0.3904275
1144,0.07834552474999283,0.0448782619713747,0.45387269999999996,0.45387269999999996
1145,0.07572412492968293,0.04408803550605873,0.30513290000000004,0.30513290000000004
1146,0.07602559275260574,0.04427564630388666,0.1026734,0.1026734
1147,0.0787001026818053,0.04518923371999831,0.47193379999999996,0.47193379999999996
1148,0.0786038575905712,0.04513180131617674,0.4648732,0.4648732
1149,0.07837195372220128,0.029125136943274486,0.276431,0.276431
1150,0.07623067476944961,0.04450979237292064,0.0461282,0.0461282
1151,0.07753527556547062,0.044777987175889364,0.5796528000000001,0.5796528000000001
1152,0.07781593834997669,0.04484119159704088,0.1942374,0.1942374
1153,0.07746261829459315,0.04475742457581134,0.4051415,0.4051415
1154,0.07676506322998561,0.04439688003766983,0.14867049999999998,0.14867049999999998
1155,0.0765712976442955,0.04443738409493286,0.16238729999999998,0.16238729999999998
1156,0.07801644064925442,0.04489299564563039,0.3046972,0.3046972
1157,0.0771100836920235,0.04455195005501187,0.1067915,0.1067915
1158,0.07662505601532132,0.04434381239448203,0.2330433,0.2330433
1159,0.07676506322998561,0.04439688003766983,0.0047979,0.0047979
1160,0.07753527556547062,0.044777987175889364,0.1424927,0.1424927
1161,0.07856881569043864,0.045033222915187084,0.1683811,0.1683811
1162,0.07737694394039117,0.04480596257427956,0.3329727,0.3329727
1163,0.07860813982734632,0.045128203038058264,0.5691252,0.5691252
1164,0.07654777173855987,0.04518201056018459,0.5666323,0.5666323
1165,0.0765712976442955,0.04443738409493286,0.0779654,0.0779654
1166,0.07764780439214496,0.04480610677232773,0.266705,0.266705
1167,0.07848730226493413,0.04492144184844776,0.46281940000000005,0.46281940000000005
1168,0.07508140252368899,0.04441579366635152,0.3340572,0.3340572
1169,0.07781593834997669,0.04484119159704088,0.1154596,0.1154596
1170,0.07832577696258618,0.044958065399168134,0.2835388,0.2835388
1171,0.07863802271618954,0.04516184103215593,0.0290937,0.0290937
1172,0.07837195372220128,0.029125136943274486,0.0891077,0.0891077
1173,0.07756110001638389,0.044787700371540735,0.3094978,0.3094978
1174,0.07216345341332812,0.044159156641680096,0.4238159000000001,0.4238159000000001
1175,0.0777074784104395,0.04481807491077525,0.1926547,0.1926547
1176,0.07216345341332812,0.044159156641680096,0.0722129,0.0722129
1177,0.07718396509683582,0.044698670391871774,0.051452599999999994,0.051452599999999994
1178,0.07848730226493413,0.04492144184844776,0.48182529999999996,0.48182529999999996
1179,0.07838529690763642,0.04525494649789306,0.2975388,0.2975388
1180,0.07860119405650862,0.04497444684067175,0.4127326,0.4127326
1181,0.07808080448733414,0.045061504337709245,0.2689449,0.2689449
1182,0.07823514890790001,0.04505452478765661,0.3800829,0.3800829
1183,0.07399162812451963,0.043923217297112314,0.061641499999999995,0.061641499999999995
1184,0.0761284876144025,0.04448722996686687,0.090706,0.090706
1185,0.07604602861876433,0.04403996955960889,0.142732,0.142732
