Name,mag.,a(AU),e,sinI,n(deg/yr),g("/yr),s("/yr),LCEx1E6,My,
2104,9.97,3.1930135,0.1184438,0.3377001,63.079951,105.215572,-70.247354,4.76,-2
2105,11.14,2.3891787,0.1933128,0.4743132,97.475353,7.192433,-33.039704,3.66,2
2106,12.23,2.7034495,0.0646780,0.1316276,80.972203,53.571492,-53.935796,3.83,-2
2107,11.64,2.6268697,0.0607623,0.1644209,84.540614,47.420903,-48.871496,1.70,-2
2108,12.05,2.4362457,0.0393181,0.1932795,94.659585,34.606314,-39.688077,2.99,2
2109,11.82,2.6914325,0.2190904,0.1244297,81.513285,54.393623,-66.198102,0.78,-2
2110,13.14,2.1980392,0.1196233,0.0180315,110.459955,33.038551,-34.854457,18.12,2
2111,10.71,3.0185852,0.0614237,0.1757465,68.623535,74.041753,-71.435107,1.58,-2
2112,12.34,2.2546501,0.1233695,0.0707910,106.323730,34.383323,-36.732812,74.42,2
2113,12.68,2.4737468,0.0725276,0.1058906,92.513810,40.456710,-43.542113,2.24,2
2114,11.77,3.2031765,0.1652729,0.0260552,62.768348,258.446007,-123.415514,21.80,-2
2115,11.15,3.0104612,0.0870563,0.1716650,68.901347,73.951210,-73.001464,1.53,-2
2116,12.24,2.5887169,0.0219837,0.1553801,86.417187,46.793449,-46.546443,1.46,-2
2117,11.74,2.8702575,0.0495752,0.0372960,74.012827,71.186920,-65.848337,1.77,-2
2119,13.07,2.2512647,0.1292964,0.0771311,106.565116,34.111773,-36.761213,7.91,2
2120,10.96,3.0624317,0.1029622,0.3155385,67.157966,49.327097,-64.795373,1.52,-2
2121,12.28,2.1835741,0.1213423,0.0762891,111.559840,31.931340,-34.270149,6.79,2
2122,11.99,2.4017592,0.0108257,0.1246981,96.705648,37.446478,-39.451108,2.45,2
2123,11.55,2.8601990,0.0398053,0.0358603,74.403883,70.279684,-64.823256,1.49,-2
2124,11.71,3.0234146,0.0849743,0.1765678,68.458812,74.820771,-73.430134,15.75,-2
2125,11.95,2.7866725,0.0775772,0.0440275,77.369494,63.599792,-61.469214,1.49,-2
2126,12.57,2.3900853,0.0987439,0.1552492,97.415326,35.954068,-40.036740,5.23,2
2127,10.99,3.2073388,0.0440376,0.2060686,62.654257,188.688523,-76.697512,103.58,10
2129,14.22,2.1809382,0.1321759,0.0791589,111.762115,31.786755,-34.548236,5.68,2
2130,13.03,2.2528866,0.1417889,0.0979321,106.450121,33.727100,-37.083405,9.35,2
2131,12.45,1.8871149,0.1370196,0.5727855,138.862970,-14.904267,-19.057222,84.38,2
2132,11.52,2.7809816,0.0637933,0.0801240,77.607566,61.635262,-59.818929,1.49,-2
2133,13.02,2.4104473,0.1440373,0.1060969,96.182445,38.997365,-43.513061,0.38,2
2134,12.80,2.6383291,0.1295108,0.5117213,83.997434,-42.144466,-42.117944,1.82,10
2136,11.26,3.0206618,0.0835653,0.1742381,68.552499,74.810277,-73.298785,1.46,-2
2137,11.08,3.1824185,0.0717726,0.2172267,63.391737,132.429634,-78.197807,0.32,-2
2138,11.56,2.6860887,0.0806306,0.0846678,81.758274,55.449384,-54.761873,2.01,-2
2139,12.70,2.4604601,0.1602190,0.0559443,93.263578,43.716731,-47.371515,18.66,2
2140,11.40,2.9881570,0.0279481,0.1418297,69.674561,75.025111,-69.998139,0.00,-2
2141,11.54,2.8039496,0.1023839,0.1236112,76.655570,60.595761,-62.219766,1.50,-2
2142,11.91,3.1743821,0.1359219,0.0181245,63.625146,170.298805,-103.833601,129.02,10
2143,13.47,2.2807612,0.1938019,0.1320745,104.504606,33.693720,-40.233037,45.16,2
2144,11.28,2.8755177,0.0457617,0.0369753,73.809726,71.630444,-66.068217,1.48,-2
2145,10.91,3.2173599,0.1028284,0.2839044,62.363791,201.547414,-76.313447,1.08,-2
2147,11.85,3.1709921,0.0624387,0.1612042,63.733281,134.176660,-81.989129,7.22,-2
2149,11.68,2.5496020,0.0968054,0.1212532,88.413547,49.412744,-47.535050,0.29,10
2150,12.93,1.9131536,0.0567383,0.4268481,136.037034,10.059326,-20.559032,1.20,10
2151,11.03,2.5619746,0.0925293,0.2605566,87.775416,37.380567,-43.709191,1.53,-2
2152,10.80,3.1348626,0.1911013,0.2549052,64.839400,87.200985,-90.776451,2.07,-2
2153,11.92,3.1170529,0.1522572,0.0186927,65.391275,121.884031,-100.844580,2.33,-2
2154,12.80,2.6354719,0.1496483,0.1372414,84.125840,50.134573,-54.783361,1.50,-2
2155,12.26,2.8563002,0.0441525,0.0375284,74.556353,69.957664,-64.683878,1.49,-2
2156,12.49,2.2425127,0.1685395,0.0836475,107.189717,33.700898,-37.986596,54.19,2
2157,11.91,2.7834343,0.1290190,0.1596882,77.505308,55.945961,-61.482906,1.41,-2
2158,11.60,3.0760498,0.1679472,0.0369454,66.705990,106.084557,-98.477849,211.99,10
2159,11.78,2.4826440,0.0467718,0.0605217,92.016633,43.127282,-43.967199,2.97,2
2160,12.09,2.8984623,0.0664669,0.0357952,72.934327,74.058763,-68.693826,0.99,-2
2161,12.02,2.7481357,0.1208399,0.1121195,79.004080,57.754492,-60.318663,27.05,-2
2162,12.58,2.2272865,0.1249438,0.0498141,108.291032,33.740023,-35.929723,7.43,2
2163,11.66,3.1494404,0.1506855,0.0242923,64.384398,142.971605,-104.736652,0.97,-2
2164,11.80,3.1748230,0.1318198,0.0252997,63.610498,169.919369,-102.534039,89.95,10
2165,11.37,3.1339297,0.1415121,0.0253295,64.863737,130.106288,-100.136326,1.17,-2
2166,12.77,2.3464978,0.1881992,0.0873918,100.141875,37.414746,-43.262430,20.64,2
2167,11.96,2.5418440,0.2360402,0.1288492,88.816725,54.446400,-58.417396,0.85,-2
2168,12.57,2.4520049,0.1268013,0.0936412,93.747042,40.945208,-44.738581,3.09,2
2169,12.49,2.7885665,0.0477199,0.0119051,77.290752,64.268605,-60.529458,1.49,-2
2170,13.72,2.4045984,0.1471735,0.0541863,96.533573,40.190123,-43.977917,4.11,2
2171,12.59,2.2563290,0.1386082,0.1139972,106.207860,33.063044,-37.000385,82.61,2
2172,12.05,2.8962360,0.1199260,0.0373750,73.017828,74.724626,-72.829604,0.03,10
2173,11.36,3.1336043,0.1056634,0.2427124,64.879571,86.600754,-76.933700,0.80,-2
2174,13.41,2.5370076,0.2123926,0.1320711,89.071415,54.866022,-55.477430,5.08,-2
2175,13.59,2.2153442,0.1620174,0.0779710,109.170259,32.950566,-36.752336,41.67,2
2176,12.09,2.9313481,0.0693392,0.0328590,71.709595,77.657146,-71.345298,1.49,-2
2177,11.81,3.1862768,0.0955772,0.0197114,63.272373,183.639977,-95.124072,1.52,-2
2178,13.48,2.2076578,0.1078122,0.0453758,109.738871,33.130003,-34.764764,0.66,2
2179,11.08,3.0113796,0.0826601,0.1811062,68.870084,72.406234,-72.051280,4.95,-2
2180,11.06,3.0113312,0.0584707,0.1755172,68.871828,73.117893,-70.779872,1.44,-2
2181,11.96,2.5904966,0.1562443,0.2235467,86.328245,41.605729,-49.770973,1.50,-2
2182,11.55,3.1291262,0.1545592,0.0290590,65.017519,128.187355,-102.707538,74.20,10
2183,11.61,2.9995595,0.3187205,0.3123225,69.276331,49.658970,-98.154741,46.74,-2
2184,11.48,3.1734418,0.0783191,0.1112382,63.653566,149.153190,-87.598057,82.84,10
2185,11.43,2.7089485,0.1250903,0.1550373,80.725376,52.231072,-56.821367,0.85,10
2186,12.53,2.6808814,0.0831236,0.0592252,81.996537,56.192192,-54.976441,1.32,-2
2187,13.06,2.5358772,0.0743285,0.2170663,89.133736,43.185740,-43.424988,1.49,-2
2188,11.65,2.9025366,0.0591577,0.0344227,72.782196,74.428499,-68.608217,26.26,-2
2189,12.71,2.4033128,0.1696867,0.2233795,96.612346,32.773196,-42.139044,5.32,2
2190,13.11,2.4719020,0.1089244,0.0310115,92.616944,43.549573,-45.492038,5.98,2
2191,11.29,3.0181177,0.0807095,0.1747841,68.639289,74.317153,-72.846307,1.49,-2
2192,11.45,3.1362424,0.0598428,0.1758835,64.796254,103.957589,-78.874816,0.95,-2
2193,10.51,3.1079108,0.0863038,0.1927647,65.684455,89.227441,-78.092487,27.17,-2
2194,12.62,2.3277891,0.0887788,0.1379013,101.352899,34.755294,-37.672865,1.14,2
2195,12.29,2.2217959,0.0944825,0.0727185,108.692960,33.163142,-34.762844,1.73,2
2196,10.27,3.4335741,0.0998069,0.1886535,56.552447,138.204745,-131.279137,24.96,-2
2197,11.42,3.1520253,0.1409434,0.0320656,64.305376,143.552092,-102.158647,14.56,-2
2199,12.56,2.2413609,0.1546976,0.1379237,107.272579,32.119608,-36.855637,40.89,2
2200,12.72,2.4050808,0.1833555,0.0855850,96.504120,39.802370,-45.749507,14.62,2
2203,11.57,3.1098915,0.1491533,0.0209356,65.617698,118.179344,-99.124611,8.35,-2
2205,11.98,3.0053349,0.0877438,0.1983649,69.078442,68.664281,-70.784975,1.44,-2
2206,11.15,3.0153607,0.0838689,0.1736394,68.733446,74.184539,-72.983541,1.62,-2
2208,10.72,3.4978932,0.0400815,0.0741386,54.994164,172.917275,-147.742073,1.50,-2
2209,11.15,2.8464524,0.0484260,0.0377212,74.943805,69.308877,-64.168036,1.49,-2
2210,13.85,2.4035924,0.1897561,0.0358548,96.593706,40.816850,-46.539952,19.03,2
2211,12.04,3.1741169,0.0863946,0.2835144,63.644107,100.115101,-72.193638,91.89,10
2213,13.20,2.1983623,0.1640071,0.0808381,110.436498,32.344501,-36.255087,53.96,2
2214,11.69,3.1632199,0.2391010,0.2537409,63.965782,112.985183,-111.425868,59.10,10
2215,11.69,2.7919419,0.2371726,0.1601185,77.149164,59.838880,-75.835533,0.74,-2
2216,11.18,3.0190207,0.0744916,0.1708049,68.608456,75.050357,-72.686979,1.28,-2
2217,11.29,3.1584233,0.1565183,0.0228124,64.109433,152.839281,-107.993004,3.87,-2
2218,11.12,3.0429730,0.1519551,0.2336622,67.800222,67.618519,-77.598493,0.79,-2
2219,11.07,3.1539618,0.0846779,0.1139527,64.248987,129.503966,-87.169208,0.65,-2
2220,12.16,3.1498790,0.1353311,0.0244229,64.371549,141.320788,-100.563520,0.00,-2
2221,12.47,2.5909687,0.0915034,0.2576575,86.305682,37.664354,-44.998874,1.31,-2
2222,11.29,3.1161888,0.1596248,0.0228687,65.418303,122.028210,-102.627535,9.47,-2
2224,11.92,2.8809970,0.0480652,0.0354058,73.599110,72.199343,-66.556700,1.49,-2
2225,11.92,2.8524527,0.0491817,0.0372116,74.707310,69.734379,-64.610786,1.49,-2
2226,11.71,2.8689669,0.0450170,0.0360777,74.062829,71.066853,-65.597772,1.49,-2
2227,13.28,2.2358626,0.1939443,0.0945360,107.668310,33.215605,-38.870604,50.14,2
2228,11.44,3.1434217,0.1602732,0.0241862,64.569166,139.250280,-106.747271,1.02,-2
2229,12.82,2.6946787,0.2485291,0.2288617,81.367417,45.041348,-64.920512,0.00,-2
2230,11.88,2.8582376,0.0428064,0.0379410,74.480520,70.086241,-64.764268,1.36,-2
2231,12.21,2.7286470,0.2066538,0.1476776,79.851111,54.556938,-66.507683,1.72,-2
2232,11.95,2.6673042,0.1242922,0.0780493,82.623428,54.879258,-56.297721,0.08,-2
2233,12.38,2.2782806,0.0775436,0.0718904,104.675051,35.056084,-36.306637,2.95,2
2234,11.99,2.6995096,0.1745817,0.4403417,81.155507,12.494196,-43.346232,1.46,-2
2235,10.48,3.2184571,0.1816478,0.3424223,62.332233,194.936623,-89.287078,2.20,-2
2236,12.13,2.3446380,0.1695328,0.1759079,100.261891,33.801669,-40.808136,33.89,2
2237,11.88,3.1545757,0.1760404,0.0234030,64.226186,152.212959,-114.231566,27.18,-2
2238,12.35,3.0649992,0.1497685,0.0228401,67.065752,102.830744,-93.906177,1.53,-2
2239,11.01,3.1937906,0.0878748,0.1841290,63.052244,165.019782,-84.070726,17.26,-2
2240,11.79,3.1537933,0.1448854,0.0133933,64.251223,146.560993,-103.837781,1.34,-2
2242,13.18,2.2081681,0.1443307,0.0450269,109.700621,33.209161,-35.919960,7.71,2
2243,12.31,2.2482717,0.1389694,0.1126567,106.778155,33.130871,-36.725680,10.65,2
2244,11.73,2.8114502,0.1492425,0.1186167,76.348123,65.371001,-67.163853,0.94,-2
2245,11.75,2.6368594,0.1133309,0.1863640,84.060427,46.099082,-50.867737,1.49,-2
2246,10.43,3.9637979,0.1526181,0.1054714,45.613112,-647.643554,-79.681114,1.48,-2
2247,13.26,2.4491673,0.0896622,0.1017353,93.910322,39.877898,-43.063995,3.00,2
2248,11.34,3.0994818,0.1519342,0.0267698,65.948677,113.844739,-98.411229,4.75,-2
2249,11.12,3.1854617,0.1028430,0.0608829,63.296772,179.733130,-95.505499,1.48,-2
2250,11.84,3.1743488,0.1728635,0.0252936,63.626385,178.399893,-116.817954,126.00,10
2251,11.51,2.7107034,0.1056692,0.1308151,80.646921,54.130392,-56.362788,2.42,-2
2253,12.65,2.2733484,0.2298848,0.0550756,104.914319,35.561782,-43.002633,227.84,2
2254,12.35,2.3422523,0.1105489,0.0915167,100.414967,36.860413,-39.443709,2.77,2
2255,11.56,3.1000865,0.1327036,0.2273098,65.934252,79.846605,-79.919731,1.46,-2
2256,12.04,3.0970694,0.1547451,0.0135545,66.025633,113.554586,-98.986731,1.07,-2
2257,13.15,2.4862815,0.1764181,0.1057979,91.813975,63.198921,-50.057772,113.92,2
2258,11.79,2.6938477,0.1036208,0.0421029,81.404689,57.535383,-57.063596,1.48,-2
2259,12.51,2.2938157,0.1601016,0.0923494,103.612898,35.272377,-39.493288,22.59,2
2261,12.71,2.3776419,0.2175893,0.3983690,98.183406,17.190600,-37.398332,64.32,2
2262,12.01,2.5866965,0.2490492,0.2158925,86.517204,43.321399,-58.589383,1.39,-2
2263,11.16,3.0162493,0.0770877,0.1821098,68.701832,72.782506,-71.900741,49.94,-2
2264,10.92,3.1308407,0.1541351,0.0234201,64.959250,129.615675,-103.112046,6.98,-2
2265,12.53,2.6180644,0.2876667,0.3158602,84.962557,32.629896,-59.435840,128.41,10
2266,10.72,3.3798056,0.1930155,0.2363866,57.910240,170.896694,-158.741316,147.86,10
2267,13.33,2.2174604,0.1270177,0.0379446,109.011726,33.553875,-35.690487,8.67,2
2268,11.72,2.9406619,0.0913271,0.0370731,71.368716,78.930666,-73.689805,1.49,-2
2269,11.12,3.1288502,0.0871112,0.2495474,65.025712,82.305107,-73.934080,74.00,10
2270,11.43,3.1511745,0.1523302,0.0188940,64.331116,145.006256,-105.585947,1.26,-2
2271,11.03,2.7593953,0.0474409,0.0467893,78.520389,61.503922,-58.428483,1.50,-2
2272,13.34,1.8667331,0.0662842,0.3988221,141.142936,11.775534,-20.334952,4.27,-2
2273,13.20,2.4516862,0.1817801,0.0107880,93.764542,43.961620,-48.572159,4.37,2
2274,12.49,2.4093268,0.2697836,0.0466431,96.246492,41.999703,-53.553656,128.68,2
2275,12.47,2.2961968,0.1251623,0.1187464,103.452027,34.497454,-37.870204,3.85,2
2276,12.75,2.3747971,0.1664221,0.0529397,98.356723,39.154432,-43.634268,11.17,2
2277,11.95,2.6012785,0.1600492,0.1864152,85.791246,45.255020,-52.035897,1.54,-2
2278,13.36,2.4516605,0.1585446,0.0608009,93.766392,42.619611,-46.778083,2.45,2
2279,12.90,2.4599261,0.1873315,0.0421354,93.293686,45.027624,-49.300902,9.11,2
2280,13.13,2.1788435,0.1029821,0.0590619,111.923457,32.033418,-33.639255,4.10,2
2281,13.24,2.1882344,0.0873442,0.0360670,111.203506,32.570571,-33.658518,13.09,2
2282,13.05,2.2033241,0.1262697,0.0991509,110.064667,32.042582,-34.925636,39.23,2
2283,12.37,2.2489029,0.1384612,0.1229549,106.733390,32.832582,-36.627696,17.22,2
2284,12.47,2.3255588,0.0848228,0.0890965,101.498510,36.297164,-38.062824,2.73,2
2285,13.91,2.2202495,0.1465507,0.0860917,108.806438,32.892746,-36.270470,15.31,2
2286,12.77,2.1926443,0.0353172,0.0123906,110.868331,32.819795,-33.037354,2.84,2
2287,12.79,2.2401380,0.1243708,0.0778402,107.360307,33.703989,-36.203306,0.99,2
2288,10.85,2.9096942,0.1929533,0.2413690,72.514427,54.292202,-72.469431,22.19,-2
2289,13.38,2.6353186,0.1792676,0.0423239,84.131979,54.760597,-59.390398,1.49,-2
2290,12.32,2.5910903,0.2185089,0.2019997,86.297404,44.259254,-56.089036,1.04,-2
2291,10.64,3.0445976,0.0504601,0.4098110,67.752261,21.113264,-52.128757,1.56,-2
2292,11.67,2.6190172,0.2012707,0.2533435,84.921338,39.262612,-53.500637,41.80,-2
2293,11.19,3.1387347,0.1553384,0.0212419,64.713155,135.080566,-104.398771,13.83,10
2294,11.61,2.5811478,0.0868816,0.1270716,86.797185,48.701774,-48.514320,1.47,-2
2295,11.77,2.9023491,0.0592557,0.0616457,72.790910,73.278991,-68.142669,26.54,-2
2296,11.74,3.1964234,0.1744062,0.0199442,62.967277,236.206643,-125.689016,0.00,-2
2297,11.32,3.1644897,0.1569878,0.0186020,63.924952,160.326772,-109.280488,1.36,-2
2298,12.79,2.4063039,0.1331640,0.0969586,96.431210,39.065156,-42.943661,3.47,2
2300,11.82,2.8384373,0.0459086,0.0365715,75.261669,68.971145,-63.550909,1.51,-2
2301,11.10,3.1577489,0.2280119,0.1735469,64.129819,135.779551,-122.346498,17.33,-2
2302,11.70,2.6455824,0.1489869,0.2299467,83.645263,42.204524,-51.786255,1.68,-2
2303,11.20,2.9955893,0.1660886,0.3224776,69.418545,42.578483,-66.545718,36.36,-2
2304,12.09,2.6126403,0.1438271,0.2395253,85.233048,40.259517,-49.368523,1.49,-2
2305,11.55,2.7861442,0.0129024,0.1245675,77.392475,58.923184,-57.665946,1.49,-2
2306,12.09,2.7320757,0.0284837,0.0885754,79.702026,57.931516,-55.658017,1.49,-2
2307,11.05,3.0458911,0.0879402,0.1527195,67.701466,82.535627,-76.965923,0.88,-2
2308,11.77,2.5473565,0.1767485,0.2393252,88.531237,41.788042,-48.653497,1.50,-2
2309,11.32,3.0123728,0.0774744,0.1833105,68.836125,72.073942,-71.576729,13.30,-2
2310,11.62,3.1501306,0.1522887,0.0282916,64.363178,143.618702,-105.232845,0.41,-2
2311,10.50,3.6356230,0.0251636,0.1050257,51.895251,172.943467,-164.622780,2.47,-2
2312,10.16,3.9595017,0.1113146,0.0743218,45.679292,-1124.140580,-108.397510,2.38,-2
2313,12.87,2.4581115,0.1530724,0.0482903,93.397393,43.316817,-46.888506,9.03,2
2314,13.53,2.2609191,0.0684086,0.0906534,105.883480,34.055216,-35.377417,3.75,2
2315,10.75,3.0097725,0.0836656,0.1766056,68.925158,72.988838,-72.331826,1.48,-2
2316,12.73,2.4515987,0.1490681,0.0268624,93.769923,42.902756,-46.465487,2.89,2
2317,13.07,2.5238464,0.1195806,0.0745184,89.770233,59.124624,-48.408734,1.49,-2
2318,13.60,2.2522748,0.1139362,0.0632977,106.493481,34.373495,-36.387628,4.99,2
2319,12.09,2.9059145,0.0563443,0.0330271,72.653832,74.789555,-68.729201,1.57,-2
2320,10.56,3.1627817,0.1045576,0.1828111,63.981611,122.517915,-85.041322,4.70,-2
2321,11.90,3.0052766,0.0450333,0.1237860,69.079274,79.721057,-72.701004,1.49,-2
2322,13.00,2.2923855,0.0334724,0.0503122,103.710258,35.871979,-36.249321,3.03,2
2323,11.23,3.1313852,0.1643041,0.0866892,64.944333,125.002929,-103.168564,57.58,10
2324,11.44,3.0899978,0.1907398,0.0269349,66.251183,113.796624,-107.943226,10.93,-2
2325,11.84,3.1434657,0.1462183,0.0224277,64.568373,137.502995,-102.661854,1.26,-2
2326,10.95,2.8611165,0.1331843,0.2575822,74.370711,48.346922,-61.003111,0.92,-2
2327,13.47,2.3683499,0.1033684,0.0720148,98.759350,38.244828,-40.445383,2.59,2
2328,12.82,2.3416538,0.2007011,0.1748612,100.453372,33.890969,-42.424681,20.29,2
2330,11.41,3.1819015,0.0360722,0.1362214,63.405486,153.055323,-82.023537,1.49,-2
2331,12.46,2.4234748,0.2491284,0.0833654,95.392150,41.869549,-51.964693,261.31,2
2332,10.95,3.0720892,0.0618729,0.2359581,66.837528,70.186323,-70.104020,22.31,-2
2333,11.80,2.6460898,0.1645192,0.2005981,83.620519,45.325121,-54.281963,0.17,-2
2334,12.94,2.2685591,0.0997996,0.0658639,105.348683,34.868605,-36.537960,3.20,2
2336,11.82,3.1904317,0.1685757,0.0281627,63.145467,213.195812,-120.050690,1.41,-2
2337,11.93,2.5942039,0.1658746,0.2370098,86.143331,40.372121,-50.122490,3.29,-2
2338,11.78,2.8330707,0.0485082,0.0374075,75.474442,69.296590,-63.274663,19.01,-2
2339,12.97,2.5261769,0.1482797,0.0812572,89.645677,59.423209,-50.374918,1.78,-2
2341,12.78,2.2123733,0.1468970,0.0579422,109.389957,33.128700,-36.138914,42.85,2
2342,11.79,3.2058204,0.1330953,0.0230819,62.693081,252.741025,-108.821148,13.44,-2
2343,13.20,2.3341662,0.2187693,0.0458976,100.934952,37.927653,-45.037212,102.59,2
2344,11.55,2.7540245,0.1539678,0.0483156,78.749224,61.814919,-65.166192,1.70,-2
2345,10.85,3.0170497,0.0740236,0.1751683,68.675841,74.073997,-72.212765,1.33,-2
2346,12.19,2.3712042,0.1133767,0.1202067,98.581154,36.927626,-40.346865,2.47,2
2347,11.28,3.0939201,0.1701759,0.2538272,66.132018,72.474627,-82.409691,7.06,-2
2348,12.72,2.3978147,0.1993821,0.0881782,96.943335,38.814062,-46.328509,8.85,2
2349,11.23,2.7696805,0.0799896,0.2842441,78.086447,39.038703,-51.222850,1.34,-2
2350,12.98,2.2420602,0.1411908,0.0872453,107.222176,33.585443,-36.819413,2.51,2
2351,12.89,2.5297973,0.1403622,0.0786840,89.453346,56.752128,-49.897235,0.42,-2
2352,11.41,3.1056680,0.0784903,0.2718950,65.759176,68.528300,-69.645464,125.59,10
2353,11.54,2.8046337,0.0888355,0.0802577,76.627181,63.523144,-62.649720,1.48,-2
2354,11.82,2.7306769,0.0636928,0.0537865,79.762926,59.394732,-57.151268,1.49,-2
2355,11.54,3.0207509,0.0889018,0.1624689,68.549131,76.886951,-74.613667,1.46,-2
2356,10.85,3.2362442,0.0286881,0.2695570,61.820020,340.354921,-66.277753,1.37,-2
2358,11.09,3.0231799,0.0741008,0.1806188,68.467011,73.956085,-72.272546,8.45,-2
2359,12.72,2.4252513,0.1059888,0.0844396,95.303111,39.883175,-42.813218,2.91,2
2360,12.64,2.6724946,0.1620173,0.0498201,82.382054,56.418385,-60.128567,1.48,-2
2361,11.98,3.1433905,0.1534327,0.0238728,64.570416,138.308736,-104.679683,1.73,-2
2362,13.29,2.1954118,0.1436142,0.0639293,110.658426,32.530144,-35.446730,46.57,2
2364,11.21,3.1845581,0.1620306,0.1695225,63.324064,163.761064,-102.917195,0.00,-2
2366,13.74,2.2406915,0.1296949,0.0276519,107.320372,34.429831,-36.618349,5.97,2
2367,13.05,2.2064948,0.1525155,0.0422734,109.825820,33.179343,-36.230806,60.87,2
2369,11.88,2.7828940,0.0517576,0.0355823,77.527353,63.483082,-60.155159,1.49,-2
2370,12.73,2.7139039,0.1498397,0.1424672,80.503845,53.652946,-59.592721,1.80,-2
2371,12.39,2.4408281,0.0462038,0.0449485,94.392065,40.715190,-42.254643,2.99,2
2372,11.66,3.1112729,0.1580918,0.0261706,65.573567,119.405102,-101.489965,5.34,-2
2373,12.26,2.7952573,0.1349287,0.1603108,77.013777,56.821327,-62.734646,1.57,-2
2374,11.48,3.0875539,0.1936570,0.2549231,66.336197,71.515506,-86.250209,5.34,-2
2375,10.56,3.1823925,0.2212330,0.2537111,63.389907,137.466652,-110.238539,35.36,-2
2376,10.96,3.2031370,0.0923940,0.0517279,62.773554,224.745640,-94.832011,21.96,-2
2377,11.99,2.8791110,0.0476768,0.0373700,73.671471,71.962351,-66.386249,1.61,-2
2378,10.96,2.8893906,0.1412175,0.2509609,73.281440,50.624266,-63.887192,23.84,-2
2379,11.00,3.1871160,0.2371261,0.0193259,63.237068,243.285070,-167.429479,23.16,-2
2380,12.87,2.1919443,0.0917883,0.0309097,110.921321,32.728517,-33.908674,3.93,2
2381,11.64,2.6107779,0.1562302,0.2313440,85.324036,41.166793,-50.465053,0.81,-2
2382,11.65,2.7595674,0.2747066,0.5439049,78.523484,-1.343326,-45.715647,0.76,10
2383,12.90,2.2178905,0.1497272,0.0551929,108.980160,33.392378,-36.489547,17.42,2
2384,11.73,2.6098674,0.1622396,0.2303719,85.368631,41.293320,-50.891657,1.50,-2
2385,13.27,2.2425162,0.1095000,0.0680887,107.189503,33.936084,-35.888751,45.96,2
2386,11.60,2.8142624,0.1340398,0.1597033,76.234541,62.149263,-63.900508,0.61,-2
2387,11.24,3.0227313,0.0748541,0.1750552,68.482187,74.944591,-72.630208,0.00,-2
2388,12.82,2.4511953,0.2061738,0.0542284,93.792939,44.179669,-50.151866,42.32,2
2389,12.72,2.4436091,0.2071031,0.1397935,94.230157,40.349650,-48.415380,54.21,2
2390,12.04,2.6195458,0.1216713,0.1882514,84.895432,45.371413,-50.376267,0.81,-2
2391,12.42,2.4401633,0.1434499,0.0518499,94.430186,41.723223,-45.457822,6.26,2
2392,13.56,2.3446029,0.1644707,0.0534671,100.263201,37.948393,-42.161341,86.67,2
2393,10.74,3.2046566,0.1818690,0.1983555,62.730536,217.442071,-112.905632,31.25,-2
2394,11.86,3.1849513,0.1865626,0.0144349,63.307773,206.613765,-127.788162,6.47,-2
2395,12.39,3.0795323,0.0673719,0.0157528,66.595295,103.270198,-83.121603,49.88,-2
2396,11.37,2.7942885,0.0996080,0.2100876,77.055119,50.600138,-57.550210,1.49,-2
2397,11.09,3.0891297,0.1657019,0.1696956,66.283015,91.663234,-91.073427,4.93,-2
2398,13.24,2.3931575,0.2543902,0.0438441,97.247819,40.862847,-51.047607,293.35,2
2399,13.21,2.2397033,0.1217298,0.0826017,107.391608,33.585560,-36.069285,2.47,2
2400,11.92,3.0016089,0.0820980,0.1766965,69.206683,71.925697,-71.638473,1.35,-2
2401,12.36,2.7703692,0.0652360,0.0619983,78.054103,61.787150,-59.533230,1.21,-2
2402,12.71,2.2221025,0.1221460,0.0905875,108.670366,32.852370,-35.400839,6.77,2
2403,12.13,2.5470334,0.1332123,0.0596353,88.546510,53.048427,-50.541091,0.44,10
2404,11.64,3.1270558,0.1477221,0.0268427,65.077575,126.493632,-100.821250,3.05,-2
2405,11.48,3.1991349,0.1536716,0.0224087,62.888614,235.492696,-115.931637,5.35,-2
2406,13.09,2.1925382,0.1130852,0.0313169,110.876451,32.772331,-34.477132,14.93,2
2407,11.03,2.9231934,0.1836994,0.0540329,72.008072,78.719746,-84.312206,1.39,-2
2408,11.88,2.6373718,0.1905527,0.3145210,84.037667,32.086934,-50.639000,1.48,-2
2409,12.54,2.2660853,0.1436737,0.0543841,105.520915,35.041930,-37.995378,16.41,2
2410,12.57,2.2154506,0.1133371,0.0412703,109.161171,33.415334,-35.189959,17.74,2
2411,12.61,2.2254553,0.0890836,0.0255706,108.424843,33.872705,-34.962850,3.06,2
2413,11.35,3.0161391,0.0917838,0.1809624,68.706335,73.229666,-73.162470,54.01,10
2414,11.38,3.2097603,0.0958694,0.2920767,62.585641,164.737858,-73.642656,6.63,-2
2415,12.15,2.6594613,0.0456703,0.0227130,82.989719,55.694085,-52.758017,1.49,-2
2416,11.21,3.0132446,0.0742101,0.1742975,68.806021,73.683336,-72.036685,1.55,-2
2417,12.05,3.1989806,0.2110812,0.0328725,62.887929,272.250373,-153.469592,15.25,-2
2418,12.62,3.1173675,0.1501465,0.0255757,65.381468,121.590728,-100.228922,1.64,-2
2419,13.23,2.2960210,0.1044814,0.1148965,103.463865,34.577856,-37.244440,32.26,2
2420,12.05,2.5607741,0.1207630,0.2560677,87.836928,38.164495,-45.039710,1.54,-2
2421,10.64,3.2272528,0.0510328,0.1581708,62.074447,316.075751,-80.297622,18.76,-2
2422,13.06,2.3282738,0.2314486,0.1084000,101.302474,36.339535,-45.033004,86.57,2
2424,13.05,2.3496632,0.1719100,0.1494523,99.940091,35.240861,-41.592041,12.91,2
2425,11.14,3.0011412,0.0880252,0.1757904,69.222836,72.108980,-72.136531,1.11,-2
2426,11.51,2.9095759,0.1475053,0.1600419,72.515356,66.142004,-72.495664,25.91,-2
2427,12.58,2.7406273,0.1347231,0.0850678,79.328217,59.028650,-61.665012,1.51,-2
2428,11.37,3.1699675,0.0624936,0.1618260,63.764227,132.827121,-81.902909,3.70,-2
2429,11.88,2.5719291,0.0887208,0.2536178,87.266067,37.997665,-44.226629,1.41,-2
2430,11.67,2.3627275,0.2037784,0.3851733,99.115212,18.051349,-36.522662,1.22,2
2431,12.59,2.6460956,0.2603521,0.0613503,83.616664,55.705773,-70.325878,0.83,-2
2432,12.63,2.3514539,0.1294145,0.1157802,99.826010,36.477940,-40.214522,5.33,2
2433,11.57,2.6072812,0.2236911,0.1876787,85.494679,45.812224,-58.228959,22.53,-2
2434,11.28,3.0853733,0.1355710,0.2695860,66.407861,65.531838,-74.501262,12.86,-2
2435,14.61,2.2033458,0.1447812,0.0649662,110.060381,32.735710,-35.738908,56.01,2
2436,12.20,3.1696667,0.1390913,0.0900031,63.769889,156.004378,-101.314148,6.15,-2
2437,12.81,2.1887446,0.1105618,0.0644094,111.164674,32.254726,-34.170427,0.90,2
2438,12.70,2.2439568,0.1388146,0.0739999,107.086147,33.934262,-36.868205,9.95,2
2439,11.78,3.1308627,0.1577585,0.0162255,64.958661,130.296302,-104.261488,8.05,-2
2440,12.96,2.2153488,0.1127952,0.0824770,109.167455,32.774009,-34.992468,17.34,2
2441,13.60,2.4091511,0.1551209,0.0547030,96.259895,40.431689,-44.598452,0.77,2
2442,12.47,2.3876805,0.0971267,0.0943783,97.562161,38.294160,-40.803274,3.16,2
2443,10.21,3.0065882,0.0900685,0.1814689,69.034806,71.852178,-72.294263,2.86,-2
2444,11.63,2.7281949,0.1401718,0.2753399,79.874456,39.234517,-53.081148,2.03,-2
2445,12.04,2.2690339,0.1565298,0.0928156,105.315380,34.414519,-38.344972,9.64,2
2446,12.94,2.3547777,0.1541877,0.0554326,99.614192,38.275618,-42.081874,3.25,2
2447,12.61,2.5390376,0.1718788,0.1263000,88.965504,52.937004,-52.360042,0.42,10
2448,10.82,2.7917970,0.1461739,0.2943058,77.159881,38.667172,-55.580348,1.51,-2
2449,13.58,1.9122319,0.1602175,0.3979070,135.986419,12.392658,-22.776303,307.09,10
2450,11.62,3.1152359,0.1450458,0.0253815,65.448824,120.103389,-98.710159,1.16,-2
2451,11.65,2.7246973,0.1624870,0.1597492,80.025837,52.827960,-60.610426,0.19,10
2452,11.32,3.1576032,0.1574337,0.2030735,64.138546,116.244125,-92.882914,3.02,-2
2453,11.21,3.0194093,0.0797933,0.1760004,68.595288,74.289865,-72.766258,2.69,-2
2454,13.30,2.2518531,0.1479994,0.0982089,106.523338,33.675530,-37.309201,20.62,2
2455,11.75,2.7278449,0.0691671,0.1482332,79.888056,53.557732,-54.955435,1.48,-2
2457,12.50,2.6400193,0.1385098,0.0984759,83.908148,52.680114,-55.661956,0.28,10
2458,11.85,3.1341022,0.1225029,0.0206651,64.858964,128.579002,-95.858206,0.90,-2
2459,11.26,3.0207284,0.0708301,0.1814383,68.550521,73.423600,-71.811052,1.50,-2
2460,12.32,2.2555135,0.1551609,0.0699513,106.263688,34.567954,-37.955436,135.08,2
2461,11.56,3.1786821,0.1437512,0.0237658,63.497531,178.942798,-107.199153,6.43,-2
2462,13.52,2.4090218,0.1772227,0.0367519,96.267379,40.923461,-45.995517,12.84,2
2463,11.72,2.6002725,0.1552708,0.2361251,85.841913,40.485628,-49.679128,1.84,-2
2464,11.78,3.1681966,0.2050778,0.0264582,63.809975,177.807174,-131.422715,45.04,-2
2465,12.22,2.7526067,0.0675355,0.0839733,78.811404,59.177686,-58.155949,44.49,-2
2466,11.94,2.6375158,0.1320687,0.0812409,84.027673,53.293846,-55.188221,0.30,10
2467,12.38,2.2130604,0.1007017,0.1056868,109.339934,32.261112,-34.382121,13.89,2
2468,12.85,2.3266438,0.1154242,0.1122087,101.427486,35.712721,-38.765895,1.68,2
2469,12.31,3.1123682,0.1285407,0.1580791,65.542118,99.952930,-87.265612,2.62,-2
2470,11.71,2.8878869,0.0466435,0.0354937,73.335700,72.833974,-66.982125,0.37,-2
2471,11.66,2.9981473,0.0805537,0.1787438,69.326752,71.154258,-71.138253,1.06,-2
2472,13.64,2.2649519,0.1441833,0.0879664,105.598535,34.363749,-37.735658,11.57,2
2473,13.02,2.2418047,0.1421536,0.0989581,107.240611,33.308205,-36.739427,36.29,2
2474,11.79,2.6858262,0.2538035,0.1394478,81.767278,53.377581,-69.971165,30.37,10
2475,11.59,3.0385436,0.0773751,0.1645921,67.947218,79.106035,-74.697327,28.54,-2
2476,11.20,3.0237712,0.0841424,0.1733745,68.446498,75.500880,-73.595753,5.75,10
2477,12.30,2.5570437,0.1345718,0.1148550,88.027311,50.005845,-50.089174,1.49,-2
2478,12.15,2.2255567,0.1136167,0.0843623,108.417395,33.082727,-35.319169,4.09,2
2479,12.91,2.3891584,0.2211581,0.0607855,97.470774,40.031968,-47.882242,42.64,2
2480,13.05,2.2257112,0.1154605,0.0394223,108.406052,33.797104,-35.612113,2.78,2
2481,13.38,2.5698851,0.2170398,0.0390201,87.366348,53.796566,-59.377728,1.41,-2
2482,12.58,2.9285006,0.0759729,0.0341559,71.814219,77.388795,-71.567501,1.48,-2
2483,10.87,3.9677969,0.2457031,0.1020788,45.554558,-226.052194,-45.137649,1.10,-2
2484,13.04,2.3428801,0.2127199,0.0346949,100.373127,38.378101,-45.099986,45.29,2
2485,12.75,3.2078314,0.2159640,0.0250206,62.633867,331.285333,-167.490382,159.22,10
2486,12.41,2.2683933,0.1223878,0.1409546,105.360543,32.803747,-36.536309,10.70,2
2487,13.02,2.3978225,0.1529953,0.0551823,96.943206,39.276653,-43.908130,2.36,2
2488,13.66,2.2637706,0.1768957,0.1069881,105.682927,33.895565,-38.973608,26.48,2
2489,12.05,3.1099276,0.1488261,0.0217101,65.616533,118.140333,-99.036432,19.85,-2
2490,11.83,2.6096893,0.1294225,0.2314136,85.377686,40.978407,-48.682764,1.48,-2
2491,13.21,1.8777274,0.0642856,0.3434709,139.904657,15.068108,-21.464650,1.79,-2
2492,11.48,3.1745496,0.1575651,0.0231252,63.622566,174.303107,-110.829918,77.09,10
2493,12.43,2.7888747,0.1316412,0.1585869,77.278460,56.457112,-62.128412,1.50,-2
2494,10.78,3.1603512,0.0361079,0.2205115,64.057340,106.941498,-74.516315,1.03,-2
2495,14.90,1.9173648,0.0947791,0.3559098,135.591185,14.951238,-22.393808,18.75,-2
2496,13.15,2.1702633,0.0884719,0.0250225,112.584831,32.072399,-33.237001,15.84,2
2497,12.92,2.5388768,0.2275056,0.1129627,88.972577,56.110744,-57.849392,1.71,-2
2498,11.78,2.9176019,0.0544658,0.0367694,72.217459,75.867675,-69.446698,1.49,-2
2499,12.25,3.1006002,0.1509429,0.0251241,65.912975,114.269675,-98.340671,1.62,-2
2500,12.41,2.2403952,0.1458834,0.1128534,107.341849,32.888679,-36.692600,7.85,2
2501,11.94,2.4179964,0.2134435,0.0604010,95.728031,41.595891,-48.880030,27.45,2
2502,11.48,2.9374628,0.2618428,0.3007450,71.488319,47.288705,-79.923664,8.22,-2
2503,14.17,2.1933551,0.1886622,0.1133896,110.794387,31.448969,-37.107433,222.34,2
2504,11.90,2.7618488,0.1253297,0.0715503,78.415114,61.067893,-62.616295,3.17,-2
2505,11.58,3.1513660,0.1763264,0.0246200,64.324139,148.908077,-113.665992,1.03,-2
2506,11.84,2.8991920,0.0437004,0.0356541,72.909668,73.911257,-67.666844,11.76,-2
2507,11.60,2.7800779,0.1149874,0.1657056,77.646029,55.015491,-59.944351,2.12,-2
2508,13.03,2.3681434,0.0934813,0.1124211,98.772446,37.041365,-39.683265,3.17,2
2509,12.71,2.4555047,0.1602516,0.0555713,93.546188,43.139675,-47.123458,4.14,2
2510,12.39,2.2531279,0.1501543,0.0759996,106.433033,34.249341,-37.646747,17.54,2
2511,12.53,2.2985831,0.0950842,0.1270847,103.291348,34.228116,-36.934320,24.65,2
2512,12.49,2.2439708,0.1483215,0.0981110,107.085800,33.399678,-37.063573,22.62,2
2513,13.27,2.2864442,0.1361413,0.0720433,104.114523,35.429636,-38.361218,2.38,2
2514,12.72,2.6508535,0.0581165,0.0470022,83.394468,54.789584,-52.464183,1.43,-2
2515,12.38,3.1722010,0.1825029,0.0558441,63.695162,174.408517,-119.365012,63.85,10
2516,13.43,2.2797193,0.1750769,0.0144404,104.575558,35.976650,-40.101125,22.40,2
2517,11.77,3.1707878,0.1568506,0.0283601,63.736648,168.623534,-110.217303,24.15,-2
2518,13.17,2.3089104,0.1846893,0.1086720,102.598110,35.404810,-41.170247,21.44,2
2519,11.51,3.1476528,0.1517874,0.0225837,64.438009,141.676525,-104.827877,26.80,-2
2520,11.69,3.1076974,0.0729124,0.1107279,65.689833,104.480495,-82.755427,8.99,-2
2521,11.56,2.7938048,0.1264820,0.1560262,77.073910,57.020822,-62.107420,1.46,-2
2522,11.34,3.0184167,0.0794099,0.1716995,68.629038,74.940773,-72.938927,1.40,-2
2523,11.25,3.0168562,0.0705035,0.1754899,68.682481,73.986000,-71.900440,0.00,-2
2524,11.08,3.1202284,0.1460496,0.0255615,65.291559,122.659961,-99.562384,10.75,-2
2525,11.01,3.1407210,0.1555009,0.0283785,64.652727,136.304981,-104.797510,15.16,-2
2526,12.34,3.1380929,0.1690704,0.0604363,64.731806,133.496756,-107.153678,45.94,10
2527,13.15,2.4658248,0.1486336,0.0496565,92.959413,44.163046,-47.021344,5.26,2
2528,12.14,3.1463992,0.1448713,0.0200748,64.478206,139.765124,-102.723457,10.92,-2
2529,12.78,2.5333325,0.0723702,0.0866983,89.266837,52.666095,-46.649419,0.82,10
2530,12.04,3.0187437,0.0927135,0.1791713,68.617901,73.868066,-73.569435,0.00,-2
2531,10.86,3.0095295,0.0835508,0.1725682,68.933420,73.619828,-72.595626,1.51,-2
2532,12.86,2.3725887,0.1326906,0.0783689,98.494536,38.364123,-41.668402,15.87,2
2533,11.75,3.0968807,0.1512060,0.0371319,66.031929,112.292363,-97.688667,1.46,-2
2534,11.32,3.1435960,0.1428833,0.0212770,64.564476,137.241131,-101.793684,1.56,-2
2535,12.31,2.2397093,0.1264163,0.0652016,107.391097,33.930612,-36.325154,0.91,2
2536,12.39,2.3059811,0.1840008,0.1054894,102.794116,35.416596,-41.049490,113.37,2
2537,12.59,2.6567785,0.1385293,0.2269788,83.116921,42.841005,-51.781613,1.45,-2
2538,13.15,2.2392575,0.1515147,0.0725038,107.423580,33.836459,-37.173285,25.84,2
2539,14.20,2.2622908,0.1601277,0.0754736,105.787767,34.572134,-38.421802,36.76,2
2540,12.98,2.1964972,0.0914643,0.0321210,110.576551,32.866319,-34.045274,3.52,2
2541,11.93,2.9358217,0.0550530,0.0371765,71.545784,77.859853,-70.805030,1.39,-2
2542,11.56,3.1262936,0.1151516,0.0679671,65.102895,120.145791,-92.266359,0.00,-2
2543,11.06,3.0922502,0.2408787,0.2677051,66.179124,71.098866,-96.165701,116.02,10
2544,11.84,2.3736928,0.2222235,0.4106615,98.429504,15.728906,-36.854991,0.00,2
2545,12.62,2.2292259,0.1422522,0.1052679,108.148658,32.733651,-36.252565,29.83,2
2546,11.71,2.6022782,0.2251508,0.1993694,85.741110,44.683545,-57.557426,1.53,-2
2547,13.43,2.3854511,0.0925911,0.1089235,97.699032,37.728958,-40.398545,1.05,2
2548,11.75,2.6331462,0.1622341,0.3311033,84.240435,30.056103,-49.980972,0.92,10
2549,12.45,3.2005974,0.1441966,0.0221617,62.846037,236.582206,-112.115160,2.68,-2
2550,11.45,3.1990243,0.1387877,0.1734549,62.895807,192.159693,-97.597229,1.89,-2
2551,12.37,3.1437396,0.1550575,0.0247850,64.559586,138.759076,-105.190262,1.92,-2
2552,14.15,2.1467848,0.1125730,0.0187901,114.440459,31.410688,-33.076389,20.62,2
2553,11.30,3.0863388,0.0199305,0.0727949,66.373386,101.205887,-79.712750,1.50,-2
2554,12.63,2.2637032,0.1329666,0.0925969,105.687852,34.178709,-37.229073,8.44,2
2555,11.90,2.8697185,0.0464107,0.0357785,74.033706,71.154086,-65.704767,1.70,-2
2556,13.12,2.1627256,0.1092899,0.0581992,113.177184,31.539283,-33.394202,5.10,2
2557,12.44,2.3500262,0.1252433,0.1088001,99.916974,36.651757,-40.086193,0.17,2
2558,13.44,2.2159112,0.0955548,0.0797592,109.126397,32.850421,-34.556949,16.30,2
2559,12.27,2.7880094,0.1424587,0.1643279,77.314432,55.929619,-62.757405,0.14,-2
2560,11.89,2.7499856,0.0452112,0.0955438,78.924290,58.668622,-56.934821,1.41,-2
2561,13.44,2.4325490,0.1421158,0.0440821,94.874029,41.467607,-45.086604,2.66,2
2562,11.40,3.0087235,0.0780313,0.1886979,68.961564,70.678180,-70.982182,1.90,-2
2563,11.62,3.2059449,0.1514992,0.0154445,62.687825,263.793827,-117.421923,16.17,-2
2564,13.12,2.2372131,0.1363610,0.0367862,107.570804,34.241516,-36.720946,1.48,2
2565,14.12,2.3568425,0.2007841,0.0443703,99.482736,38.763695,-44.920586,24.57,2
2566,12.33,2.4499890,0.1042625,0.0771335,93.862786,40.910311,-43.919321,18.30,2
2567,11.69,2.7373780,0.1095102,0.1394853,79.470468,54.948923,-57.964012,1.48,-2
2568,13.25,2.2051297,0.1444214,0.1235524,109.926599,31.444928,-35.517037,29.28,2
2569,11.04,2.6262883,0.1343570,0.1808750,84.568426,46.297100,-51.769147,0.67,-2
2570,11.98,2.7664564,0.0987717,0.2927497,78.223146,37.707584,-51.458078,1.63,-2
2571,12.90,2.2281824,0.1431667,0.0351072,108.225472,33.965223,-36.657042,20.30,2
2572,13.08,2.3914386,0.1558690,0.0956187,97.333659,38.715130,-43.398904,16.19,2
2573,11.44,3.0162949,0.1441135,0.2079281,68.702783,69.278740,-76.897981,59.65,10
2574,11.77,2.8507064,0.0467797,0.0365471,74.776023,69.598247,-64.408933,1.39,-2
2575,12.72,2.2401735,0.1277927,0.0861608,107.357770,33.533497,-36.275678,2.13,2
2576,11.24,3.0866988,0.1262881,0.2228554,66.364069,77.384610,-78.465743,1.37,-2
2577,12.66,1.9044779,0.1085743,0.3816504,136.966494,13.255515,-21.866984,11.46,-2
2578,11.54,3.0030241,0.0688757,0.1686564,69.157726,73.275604,-71.316860,1.50,-2
2579,13.23,2.2103715,0.0821244,0.1053820,109.537063,32.058250,-33.948580,2.30,2
2580,12.97,2.1823522,0.1318156,0.0217541,111.653225,32.353464,-34.699296,28.50,2
2581,12.96,2.2359472,0.1308533,0.0548587,107.663832,33.982109,-36.393774,26.38,2
2582,10.54,3.2071936,0.0528244,0.2973937,62.664535,149.717982,-68.100032,126.62,10
2583,12.85,2.2521930,0.1603445,0.1081267,106.499185,33.450709,-37.744231,14.16,2
2584,12.95,2.2278833,0.0499149,0.0164404,108.247753,33.977158,-34.331920,0.06,2
2585,12.05,2.4259619,0.2021889,0.0946771,95.260524,40.818406,-47.966962,16.75,2
2586,12.94,2.3869668,0.0568783,0.0753127,97.606003,38.661235,-39.970078,4.26,2
2587,11.50,3.1743526,0.1544092,0.0244850,63.625783,173.333008,-109.678716,79.10,10
2588,13.12,2.4576333,0.1729805,0.0582125,93.424623,43.774746,-48.018945,31.95,2
2589,12.12,2.8798264,0.0469871,0.0368538,73.644025,72.038827,-66.416556,1.45,-2
2590,12.38,2.3425065,0.0967439,0.1177392,100.398825,36.011559,-38.713365,2.59,2
2591,11.39,2.9393003,0.0574600,0.0368171,71.418700,78.293759,-71.191938,0.00,-2
2592,12.03,3.1230287,0.1521640,0.0354203,65.202773,124.185897,-101.098886,66.27,10
2593,13.80,2.1701085,0.1425996,0.0095570,112.602574,32.235600,-33.298573,39.10,2
2595,12.11,2.7858029,0.1258796,0.1636021,77.406533,55.668447,-61.185835,1.53,-2
2596,12.85,3.0321215,0.0355862,0.1636143,68.164130,77.792855,-71.914012,1.71,-2
2597,11.89,3.0056316,0.1214057,0.0076062,69.064945,89.491393,-82.990257,0.29,-2
2598,12.96,2.7818335,0.1948861,0.1375240,77.570862,59.021751,-69.533876,1.40,-2
2599,11.39,2.5349526,0.1241243,0.2607019,89.182824,40.112588,-43.921753,1.38,-2
2600,11.55,3.0134863,0.0805307,0.1811855,68.797840,72.637582,-72.024546,1.34,-2
2601,11.33,3.1301287,0.0755016,0.1863714,64.986375,98.946774,-78.998472,0.24,-2
2602,12.67,2.3845895,0.1322756,0.0933574,97.751765,38.387511,-42.006303,3.62,2
2603,12.30,2.7804619,0.0335690,0.0457438,77.629279,62.997067,-59.366025,1.49,-2
2604,12.77,2.3874393,0.2073420,0.2451777,97.575164,31.075641,-43.389777,67.60,2
2605,12.17,3.0923497,0.0527721,0.1584858,66.181069,91.067528,-77.050633,1.24,-2
2606,11.69,2.7626963,0.3233903,0.2043806,78.377112,53.593401,-86.880158,21.49,-2
2607,13.44,2.3765021,0.1890726,0.0387933,98.250634,39.576426,-45.145533,3.48,2
2609,12.90,2.2214029,0.1384219,0.1042472,108.721721,32.497950,-35.868449,3.95,2
2610,13.16,2.1592696,0.1132451,0.0210367,113.448774,31.798961,-33.395652,20.35,2
2611,12.26,3.0414450,0.0874512,0.0401363,67.848468,94.056425,-81.614523,0.42,-2
2612,10.96,2.8959533,0.2262692,0.3163097,73.033041,40.177043,-68.725335,4.08,-2
2613,11.44,3.0401241,0.0675543,0.2443439,67.896830,63.423741,-67.846700,1.37,-2
2614,12.93,2.3383092,0.1237263,0.1057936,100.669141,36.341643,-39.600057,3.08,2
2615,12.31,3.1739155,0.1451115,0.0889473,63.624228,164.348813,-103.521382,45.41,10
2616,12.35,2.1623576,0.0296953,0.0349856,113.206234,31.709810,-32.122372,0.41,2
2617,10.57,3.1521014,0.2308753,0.1917962,64.302146,124.158356,-118.168344,100.94,10
2618,12.19,3.0244330,0.0787427,0.1830641,68.424492,73.748507,-72.540467,2.80,-2
2619,12.57,3.0086501,0.0609021,0.0322277,68.961944,87.925140,-76.792874,1.48,-2
2620,12.61,2.8586322,0.0405423,0.0364343,74.465097,70.140955,-64.734510,1.49,-2
2621,10.91,3.0861094,0.1281795,0.2100989,66.382453,80.323765,-80.002977,0.45,-2
2622,11.73,3.0037252,0.0611541,0.1717997,69.133615,72.769908,-70.686005,0.68,-2
2623,13.11,2.2550837,0.1925727,0.0730526,106.308810,34.358502,-39.723487,273.68,2
2624,10.75,3.9592778,0.1108275,0.0421903,45.682725,-1148.858254,-108.589701,13.10,-2
2625,13.26,2.1958990,0.0909550,0.0722161,110.621829,32.326884,-33.874077,4.47,2
2626,11.76,2.8502696,0.0516181,0.0355139,74.793188,69.662362,-64.577902,1.54,-2
2627,12.00,3.1132469,0.1521637,0.0230261,65.511348,119.890831,-100.263370,13.62,-2
2628,12.55,2.9080904,0.1104118,0.0349339,72.571661,75.747342,-72.836710,2.05,-2
2630,11.79,3.0754788,0.0886071,0.0397569,66.719150,102.093898,-84.669471,132.55,10
2631,11.80,2.7976827,0.1332708,0.1585925,76.913587,57.198065,-62.837536,1.57,-2
2632,11.53,3.0391176,0.0850098,0.1784592,67.929336,76.853238,-74.441325,28.52,-2
2633,12.97,2.2249079,0.0850726,0.0419735,108.465023,33.707810,-34.794748,10.89,2
2634,10.61,3.4538488,0.0768769,0.0943333,56.050724,173.083786,-146.529830,88.78,10
2635,12.57,2.2316497,0.1279116,0.0837467,107.973492,33.318078,-35.964116,44.29,2
2636,11.43,3.0051013,0.0984814,0.1614257,69.085522,75.120498,-74.326194,1.16,-2
2637,13.02,2.2555304,0.1820830,0.0823397,106.262846,33.757630,-39.181517,77.70,2
2638,11.72,2.5551350,0.0891485,0.2606388,88.128213,37.526229,-43.276855,1.36,-2
2639,12.87,2.4463710,0.2085388,0.1462042,94.070681,40.332134,-48.527697,26.58,2
2640,12.89,2.3978202,0.1260605,0.1139999,96.943703,37.489148,-42.006271,1.15,2
2641,12.62,2.3781570,0.1774920,0.1475793,98.148475,36.356671,-43.149516,27.40,2
2642,12.47,2.4260027,0.1471129,0.2503239,95.260122,31.288284,-41.303463,7.32,2
2643,13.96,2.3777193,0.2167673,0.4035398,98.178999,16.437806,-36.989039,70.43,2
2644,13.27,2.1702287,0.1122549,0.0456242,112.591659,31.867280,-33.690930,20.74,2
2645,11.95,2.3914004,0.1431463,0.2406090,97.333896,31.050151,-40.272523,21.50,2
2646,11.36,3.0136463,0.0701311,0.1766575,68.792346,73.287251,-71.625341,1.83,-2
2647,12.51,2.2439238,0.1352485,0.0779161,107.089289,33.850834,-36.710700,9.15,2
2648,12.76,2.2501209,0.1712177,0.0964495,106.644973,33.708617,-38.277499,37.54,2
2649,11.80,2.6266222,0.1375723,0.2240109,84.552930,42.211277,-50.310165,1.40,-2
2650,11.12,2.6355287,0.1633121,0.2431245,84.124635,40.532673,-51.713400,1.50,-2
2651,11.59,2.9851385,0.2706772,0.3174071,69.772850,46.376874,-83.659721,94.73,10
2652,12.50,2.6360595,0.1327293,0.1052367,84.097384,52.165714,-55.431890,0.35,10
2653,12.20,2.4435171,0.1143678,0.0888487,94.236131,40.482115,-43.885687,2.83,2
2654,12.65,3.0462491,0.1252314,0.1367474,67.688595,86.163908,-82.531070,0.93,-2
2655,11.25,3.1945322,0.1641259,0.2656134,63.031176,145.971622,-90.736029,22.24,-2
2656,13.20,2.2555159,0.1278391,0.0468085,106.264039,34.855903,-37.043019,20.57,2
2657,11.99,3.1743596,0.1381382,0.0298739,63.627902,168.448071,-104.461796,29.45,-2
2658,12.28,3.0915189,0.3117886,0.1789181,66.159379,104.434546,-146.387596,478.05,-2
2659,11.67,3.1231460,0.1311630,0.0222648,65.199406,122.977276,-96.387635,56.09,10
2660,11.97,2.6183280,0.1462998,0.2260323,84.951868,41.836384,-50.378202,41.74,-2
2661,11.34,3.0267238,0.0981100,0.1907608,68.339504,73.189810,-73.752118,110.40,10
2662,13.64,2.4389888,0.1624996,0.0593278,94.498217,41.856095,-46.399811,15.19,2
2663,13.55,2.2337687,0.1837382,0.1007450,107.822811,33.065004,-38.239670,38.81,2
2664,13.72,2.3804965,0.1492929,0.0553609,98.003770,39.236617,-42.979632,2.46,2
2665,12.90,2.2475044,0.1251705,0.0945404,106.833327,33.584759,-36.348446,19.49,2
2666,11.41,3.1745777,0.2093975,0.2276003,63.625406,133.681582,-108.234534,93.29,10
2667,11.82,3.2077912,0.1782385,0.0257699,62.633729,290.998712,-133.252487,168.22,10
2668,13.28,2.3168478,0.0402818,0.0651730,102.071690,36.474857,-37.117155,2.42,2
2669,12.94,2.7795438,0.1757023,0.1615834,77.667555,56.077765,-65.771476,1.46,-2
2670,11.01,3.1733698,0.0729165,0.1905663,63.659121,129.365833,-80.671115,85.47,10
2671,12.72,2.6087119,0.0728941,0.0469209,85.424151,52.851401,-50.830505,0.38,10
2672,12.13,2.6122238,0.1428379,0.2276971,85.253240,41.503998,-49.783264,1.50,-2
2673,12.31,3.1943582,0.1817102,0.0223388,63.027956,232.548633,-128.935626,16.55,-2
2675,12.24,2.2125827,0.0639804,0.0382904,109.371192,33.317786,-33.991676,41.41,2
2676,12.71,2.4034458,0.0904380,0.0937886,96.603548,38.804641,-41.260552,3.31,2
2677,11.50,2.9927987,0.0861677,0.1778500,69.512720,70.756844,-71.258350,1.48,-2
2678,12.59,2.2597726,0.1176616,0.0480461,105.963727,34.865605,-36.856054,3.78,2
2679,11.93,2.6210141,0.1287936,0.1867578,84.824067,45.575041,-50.918451,5.47,-2
2680,12.97,2.4030699,0.1770402,0.0432610,96.625336,40.571131,-45.653632,5.39,2
2681,12.24,2.7467580,0.2150862,0.0554837,79.060908,61.812508,-72.237595,1.15,-2
2682,13.15,2.2703240,0.1279698,0.0843504,105.225728,34.595336,-37.353285,9.72,2
2683,11.73,2.9156210,0.0232734,0.0388372,72.291294,75.370486,-68.188498,1.49,-2
2684,11.53,3.0495127,0.0633123,0.1621965,67.581290,81.150322,-74.589835,1.48,-2
2685,12.01,2.5680229,0.1478015,0.2227291,87.464410,41.678818,-48.172559,1.49,-2
2686,11.63,3.0039667,0.0800795,0.1756513,69.125175,72.367228,-71.714599,2.94,-2
2687,11.88,2.5196523,0.1093906,0.1638759,89.995434,56.644796,-45.810533,1.08,-2
2688,11.64,3.1572704,0.1603862,0.0377961,64.144505,151.332761,-108.690847,6.28,-2
2689,13.21,2.2324568,0.1611695,0.0999172,107.914915,33.006293,-37.164721,34.94,2
2690,11.21,3.0346698,0.0772985,0.1823634,68.078409,75.392464,-73.187060,4.89,-2
2691,13.18,2.2444220,0.1304760,0.0683022,107.052939,34.051081,-36.607237,5.20,2
2692,11.63,2.5810932,0.2204455,0.1820382,86.799086,46.044820,-56.556041,1.82,-2
2693,12.97,2.2393961,0.1733372,0.1105353,107.414274,32.963675,-37.853696,41.53,2
2694,13.31,2.3081092,0.1257825,0.0400992,102.651677,36.685059,-39.007331,10.19,2
2695,11.82,2.7094889,0.0339027,0.2427984,80.703230,42.609615,-49.222217,1.54,-2
2696,12.07,2.4510120,0.0870418,0.4359174,93.808826,9.495086,-32.311010,6.63,2
2697,10.56,3.5582134,0.0524928,0.0846020,53.599472,175.458597,-158.727412,6.78,-2
2698,12.09,2.6623673,0.0768836,0.1290770,82.854243,51.641171,-52.444613,0.61,10
2699,11.56,2.6388047,0.1172483,0.2659678,83.968785,37.759136,-47.897293,0.10,-2
2700,11.90,2.9070270,0.0516683,0.0415266,72.612182,74.574731,-68.476611,1.52,-2
2701,12.38,3.1699446,0.1351815,0.1114913,63.762079,151.555468,-98.669232,9.22,-2
2702,11.64,3.4282198,0.1222252,0.0485181,56.677035,202.039347,-168.109665,14.85,-2
2703,13.38,2.1934037,0.1104675,0.0995128,110.812708,31.699710,-34.143553,45.73,2
2704,12.62,2.3848432,0.1172662,0.0889170,97.736237,38.449161,-41.456319,0.55,2
2705,13.25,2.1900203,0.0966151,0.0699828,111.067605,32.177771,-33.852517,4.82,2
2706,11.63,3.0187078,0.0679530,0.1741923,68.619267,74.424120,-71.936638,1.34,-2
2707,11.63,3.1860551,0.1160726,0.0267872,63.278351,186.690418,-99.852623,1.60,-2
2708,12.00,3.0848445,0.1654785,0.0276765,66.418960,109.692034,-99.919475,2.45,-2
2709,13.08,2.1954342,0.1238584,0.0598145,110.657103,32.578221,-34.727585,21.35,2
2710,13.08,2.4244960,0.1682820,0.0462938,95.346979,41.412775,-46.141298,59.03,2
2711,11.58,3.0067592,0.0660065,0.1683066,69.028841,73.764294,-71.408178,1.49,-2
2712,13.48,2.1620088,0.1054964,0.0263211,113.233453,31.821455,-33.368413,9.10,2
2713,11.47,2.8545827,0.0448749,0.0371117,74.623719,69.844572,-64.597848,2.49,-2
2714,12.73,2.2437247,0.1797436,0.0980595,107.101257,33.459781,-38.419675,35.81,2
2715,11.37,2.7354174,0.1139963,0.1242390,79.555732,56.060458,-58.637349,1.69,-2
2716,13.08,2.3691763,0.0807268,0.1143030,98.707903,36.968935,-39.352383,3.00,2
2717,12.18,2.2146446,0.1605922,0.0563355,109.219188,33.308690,-36.785127,47.40,2
2718,11.72,3.1126593,0.1499034,0.0221003,65.529990,119.447320,-99.634408,0.32,-2
2719,12.98,2.1878942,0.1588477,0.0171441,111.227946,32.776338,-35.959792,38.23,2
2720,13.89,2.3303940,0.1615035,0.0434801,101.182156,37.568082,-41.461944,17.83,2
2721,12.04,3.2186806,0.1629963,0.0190309,62.314979,359.211950,-131.965566,11.50,-2
2722,12.09,3.2046965,0.1626397,0.0170342,62.722659,264.768955,-122.843774,15.81,-2
2723,12.92,3.1253178,0.1596403,0.0282343,65.131578,126.681757,-103.789350,1.90,-2
2724,11.43,2.9237702,0.1212042,0.0599185,71.988217,76.561211,-74.916456,1.52,-2
2725,10.77,3.0337217,0.1541603,0.2496993,68.111716,63.614547,-75.474475,24.37,-2
2726,12.11,2.8593244,0.0484344,0.0368572,74.437999,70.264438,-65.055624,1.49,-2
2727,12.19,2.6101391,0.0942580,0.0743785,85.353939,52.441199,-52.148472,0.26,10
2728,12.55,2.4580196,0.1466492,0.0546254,93.402715,42.975198,-46.470844,2.43,2
2729,11.51,2.8880989,0.0462942,0.0398649,73.327607,72.712973,-66.930911,1.19,-2
2730,11.72,2.7200852,0.1351884,0.1166953,80.229321,55.821706,-59.504384,1.49,-2
2731,10.90,3.1735616,0.1952434,0.2234767,63.658255,131.200106,-103.253492,78.50,10
2732,11.70,2.7600198,0.0388064,0.1039822,78.494169,58.775504,-57.150619,1.49,-2
2733,12.67,2.3471237,0.1812145,0.1681621,100.102794,34.313889,-41.665289,21.59,2
2734,11.69,3.1624522,0.0474643,0.2748387,63.995112,91.947006,-69.750705,0.30,-2
2735,14.03,1.8569910,0.0260114,0.4134848,142.255326,10.786395,-19.630612,1.22,-2
2736,13.04,2.2906153,0.0359402,0.1415592,103.830915,33.370881,-35.403597,2.96,2
2737,11.69,2.7468112,0.1885086,0.1672005,79.060652,53.551154,-64.514162,1.27,-2
2738,12.40,2.7201701,0.1520921,0.0396409,80.224720,59.598514,-62.619496,1.36,-2
2739,13.15,2.4573808,0.1099294,0.0365520,93.439357,42.185957,-44.815233,3.20,2
2740,11.37,3.0022453,0.0667429,0.1690582,69.184684,73.097468,-71.094205,0.90,-2
2741,11.93,2.6071582,0.1971132,0.1757470,85.502004,46.587068,-55.959724,18.37,-2
2742,11.81,2.9097941,0.0454290,0.0380694,72.508115,74.927502,-68.463486,17.28,-2
2743,12.15,2.6540685,0.1473853,0.2288751,83.244267,42.580844,-52.155973,0.80,-2
2745,13.01,2.2885327,0.1589983,0.3859705,103.975154,16.684458,-32.175696,2.94,2
2746,13.09,2.2480804,0.1344160,0.0750142,106.791571,34.044759,-36.843910,26.15,2
2747,11.70,3.1032141,0.1222260,0.1124941,65.831606,104.615397,-88.887835,1.00,-2
2748,12.30,2.8061056,0.1044844,0.0802390,76.566701,63.953982,-63.823811,1.46,-2
2749,12.36,3.1869463,0.1480278,0.0233751,63.250377,197.037840,-110.321845,1.11,-2
2750,13.11,2.2125246,0.1356889,0.0812824,109.376762,32.280409,-35.648133,29.74,2
2751,12.88,2.4072216,0.1819150,0.0408703,96.375461,40.828125,-46.181278,37.43,2
2752,11.48,3.0242850,0.0769869,0.1734287,68.429341,75.488775,-73.018185,0.97,-2
2753,12.25,2.7897881,0.0614927,0.1273286,77.240736,58.979947,-58.966435,1.71,-2
2754,13.43,2.2281132,0.1834537,0.1193376,108.235907,32.370250,-37.860913,73.51,2
2755,13.17,2.8486440,0.2141310,0.0946551,74.855185,75.262391,-81.767424,26.48,-2
2756,13.08,2.5515270,0.0835857,0.1048692,88.313430,50.027123,-47.400108,1.50,-2
2757,11.79,3.1743478,0.1736419,0.0252004,63.626305,177.596412,-117.481336,19.30,-2
2758,13.64,2.5509110,0.2327510,0.0654403,88.343064,55.173945,-59.797575,1.49,-2
2760,10.14,3.9660075,0.1782269,0.2434480,45.581871,-422.709387,-62.176234,0.83,-2
2761,12.14,3.0768781,0.1785288,0.0467067,66.664338,106.790419,-101.123684,211.31,10
2762,12.71,2.3310943,0.1912830,0.0928699,101.138155,36.696762,-42.681033,55.99,2
2763,12.23,2.4036486,0.1786446,0.0755516,96.590583,39.966686,-45.499545,19.11,2
2764,13.09,2.2467021,0.1303481,0.0448427,106.889915,34.473751,-36.814483,12.03,2
2765,12.08,3.1493558,0.0700739,0.2486721,64.393802,91.941278,-73.519308,2.72,-2
2767,11.46,3.0216467,0.0649814,0.1729201,68.519113,74.969890,-72.056293,1.53,-2
2768,12.17,2.2342095,0.1436769,0.0927129,107.787934,33.205119,-36.577619,9.25,2
2769,11.99,3.1432760,0.1515714,0.0228842,64.574015,138.018216,-104.140651,1.43,-2
2770,12.76,2.1701936,0.1314812,0.0432963,112.593107,31.775862,-34.342161,30.51,2
2771,12.28,2.6774661,0.1766068,0.2578118,82.155372,40.120232,-54.243667,0.49,-2
2772,13.61,2.3140918,0.2267916,0.1612931,102.248475,33.717449,-43.191620,112.47,2
2773,12.99,2.3280499,0.1223107,0.0509254,101.335597,37.243740,-39.620962,38.66,2
2774,11.27,3.1910023,0.1086797,0.1701246,63.134055,166.582502,-89.159181,0.99,-2
2775,13.32,2.4215848,0.1688996,0.0489864,95.519065,41.257580,-46.024971,47.01,2
2776,12.70,2.3677984,0.2135567,0.0888700,98.793215,38.355226,-45.917717,34.11,2
2777,12.83,2.3705605,0.1245576,0.0766882,98.620938,38.297288,-41.266250,13.83,2
2778,13.00,2.2812835,0.0887274,0.0681577,104.468334,35.247088,-36.696793,2.98,2
2779,13.06,2.2126237,0.1088586,0.0597069,109.370112,33.136609,-34.899374,37.59,2
2780,13.49,2.1937143,0.1426072,0.1018770,110.792490,31.709800,-35.169607,27.10,2
2781,11.86,3.1536664,0.1541987,0.0306053,64.254812,147.098688,-106.302152,0.45,-2
2782,13.43,2.6809563,0.1931857,0.0662091,81.991685,56.644093,-63.762932,0.91,-2
2784,12.68,2.2415663,0.1395095,0.1018431,107.257679,33.207227,-36.609091,9.50,2
2785,12.25,2.8733548,0.0414524,0.0396110,73.893171,71.316920,-65.731791,1.58,-2
2786,11.76,2.6062332,0.1486815,0.2244697,85.547985,41.716024,-49.996942,12.84,-2
2787,11.39,3.0199648,0.0658348,0.1734563,68.576274,74.611539,-71.997374,14.96,-2
2788,13.11,2.5598509,0.1107289,0.0473402,87.881263,52.211944,-50.417711,24.12,10
2789,13.38,2.2275477,0.1356936,0.0794949,108.271888,33.266933,-36.167559,15.08,2
2790,12.28,2.6526936,0.1731181,0.2318244,83.308799,42.341867,-53.951733,1.68,-2
2791,12.12,2.3977643,0.2653016,0.4854456,96.952652,8.079130,-36.848369,20.55,2
2792,13.02,2.2768286,0.1635830,0.1584155,104.775105,32.457771,-38.233158,33.28,2
2793,11.22,3.1639916,0.0756705,0.3777463,63.951817,57.854740,-60.153357,1.49,-2
2794,12.86,2.4448318,0.1940488,0.1453773,94.161767,39.845376,-47.395138,31.71,2
2795,12.77,2.2957432,0.0755689,0.1155644,103.482889,34.506783,-36.490249,2.42,2
2796,12.05,2.6430637,0.1476544,0.2361586,83.765032,41.426700,-51.274901,1.49,-2
2798,12.94,2.4184837,0.0445524,0.1037896,95.703921,38.607171,-40.694643,1.90,2
2799,13.98,2.3882865,0.1039874,0.1055057,97.525039,37.987871,-40.917579,4.78,2
2800,12.53,3.1463916,0.1524281,0.0314949,64.478028,140.214162,-104.646373,15.54,-2
2801,11.69,2.8007980,0.1356264,0.1566029,76.785164,57.795656,-63.351480,1.69,-2
2802,10.87,3.1167557,0.1489481,0.1514044,65.402997,104.290698,-92.256817,0.55,-2
2803,11.85,3.1483432,0.1524004,0.0292079,64.418011,142.003084,-104.981051,15.56,-2
2804,11.26,3.0143725,0.0810998,0.1728499,68.767288,74.182261,-72.714868,0.00,-2
2805,12.34,2.6939706,0.1021127,0.1066829,81.399568,54.789383,-55.845687,1.49,-2
2806,13.08,2.3787053,0.0557160,0.0309862,98.114968,39.142805,-39.903842,3.02,2
2807,12.59,2.7955689,0.1973429,0.1362293,76.999444,61.093445,-71.120115,1.52,-2
2808,11.23,3.0065856,0.0704810,0.1709320,69.034838,73.355649,-71.534309,1.49,-2
2809,13.39,2.4282240,0.1432361,0.0457234,95.127692,41.264765,-44.929830,2.59,2
2810,12.38,2.6066529,0.1592608,0.2299635,85.526193,41.247597,-50.531005,1.81,-2
2811,11.73,2.8651245,0.0456787,0.0337099,74.211945,70.806840,-65.384310,1.49,-2
2812,12.88,2.2244529,0.1539034,0.1108901,108.498502,32.441604,-36.506227,27.29,2
2813,10.87,3.1384326,0.1477943,0.2738005,64.730518,80.981593,-79.563234,16.54,-2
2814,12.04,2.8683704,0.0475420,0.0363973,74.085931,71.028409,-65.647882,1.48,-2
2815,12.63,2.2330446,0.1200970,0.0924425,107.872458,33.163029,-35.686103,2.28,2
2816,11.84,2.7269124,0.1446315,0.1180039,79.927961,56.194037,-60.692034,1.45,-2
2817,13.67,2.3577736,0.1387899,0.0569761,99.424453,38.298039,-41.481711,2.85,2
2818,13.94,2.3761584,0.1899796,0.0387115,98.271913,39.570480,-45.187691,17.21,2
2819,11.83,2.7583315,0.1648246,0.0413814,78.564506,62.351036,-66.766899,0.93,-2
2820,12.82,2.2293554,0.1281655,0.0629824,108.140269,33.625360,-36.043018,7.06,2
2821,13.22,2.4387509,0.1816764,0.0994133,94.512120,41.089980,-47.108228,8.26,2
2822,12.36,2.5815194,0.1593846,0.2354469,86.779265,40.415630,-49.080006,1.51,-2
2823,12.95,2.4106223,0.0618577,0.0818687,96.172406,39.238543,-40.964135,3.47,2
2824,13.07,2.3258325,0.1750481,0.0726006,101.479970,36.938514,-41.751419,2.90,2
2825,13.08,2.2456019,0.1663689,0.0671082,106.964832,34.174777,-38.099045,30.45,2
2826,10.99,3.2254421,0.0502316,0.2577466,62.129937,251.741987,-71.111601,15.27,-2
2827,12.00,2.3090477,0.0799468,0.1490468,102.589762,33.688686,-36.646515,1.93,2
2828,12.89,2.2418265,0.1235005,0.0456392,107.239193,34.281089,-36.409212,13.90,2
2829,10.74,3.0885541,0.1882913,0.2515759,66.303953,72.443930,-85.708457,1.38,-2
2830,12.22,2.3777054,0.2427669,0.4099939,98.179779,16.240542,-38.295749,130.36,2
2831,12.55,2.2254334,0.1455649,0.0598247,108.426336,33.567266,-36.549874,13.37,2
2832,12.24,2.4773288,0.1073117,0.0692254,92.312824,43.918736,-45.379036,3.84,2
2833,11.73,2.8757968,0.0486062,0.0371735,73.798961,71.674751,-66.195036,1.49,-2
2835,12.08,2.7456710,0.0437903,0.0298288,79.110117,60.968716,-57.645864,1.49,-2
2836,11.41,3.0009099,0.0818231,0.1758673,69.230897,71.978909,-71.622178,1.24,-2
2837,11.84,2.9036384,0.0485574,0.0360238,72.738733,74.408368,-68.177236,18.75,-2
2838,14.02,2.3410504,0.1775282,0.0204925,100.490669,38.257068,-42.869961,17.97,2
2839,12.77,2.2166016,0.1472087,0.0695873,109.075064,33.125368,-36.223823,21.02,2
2840,12.45,2.3987475,0.0564733,0.1357415,96.888001,37.257497,-39.656996,2.25,2
2841,12.88,2.2524857,0.1326420,0.0763141,106.478410,34.175725,-36.929248,10.01,2
2842,11.38,2.6176824,0.1419943,0.2176581,84.986699,42.637693,-50.406298,14.83,-2
2843,12.87,2.2985117,0.1735403,0.1099554,103.293806,34.964108,-40.151585,27.93,2
2844,13.11,2.2211029,0.1481096,0.0446064,108.741843,33.634159,-36.564153,10.61,2
2845,13.10,2.2609974,0.1393674,0.1008571,105.877752,33.900115,-37.290965,21.32,2
2846,11.20,3.2320438,0.0629016,0.1847939,61.937610,353.560255,-79.567526,2.48,-2
2847,12.65,2.1690779,0.1107268,0.0484932,112.680469,31.854330,-33.663552,19.65,2
2848,11.59,3.2132066,0.1567018,0.0343720,62.475289,307.741820,-123.254342,1.73,-2
2849,12.82,2.5661585,0.0237188,0.1071662,87.559186,49.316485,-46.554126,1.49,-2
2850,12.41,2.4492488,0.0674971,0.1224698,93.905854,38.792729,-42.133320,3.03,2
2851,12.03,2.4782680,0.1231538,0.1348246,92.260665,42.835251,-45.046362,5.70,2
2852,12.56,2.7852605,0.0480596,0.0119443,77.428478,64.028851,-60.329685,1.50,-2
2853,12.78,2.3446360,0.1317438,0.0804085,100.261102,37.294957,-40.439071,34.37,2
2854,12.64,2.2051945,0.1599946,0.1090945,109.923387,31.902142,-36.149008,68.30,2
2855,12.99,2.4541291,0.1707422,0.1507747,93.625408,39.781604,-46.178605,12.24,2
2856,11.12,3.0282078,0.0466508,0.1699605,68.296802,76.167646,-71.733239,80.06,10
2857,12.51,2.4002945,0.1255451,0.0944891,96.793710,38.915510,-42.382018,9.24,2
2858,13.29,2.2667848,0.1494137,0.1035516,105.471993,34.020277,-37.900641,35.88,2
2859,13.17,2.2386951,0.1702115,0.0650243,107.464697,33.972700,-38.027045,58.19,2
2860,12.44,2.3323512,0.1608613,0.3921842,101.058443,16.390946,-33.259703,0.90,2
2861,12.67,2.4715874,0.0670095,0.0753053,92.634968,41.098858,-43.738832,2.97,2
2862,12.73,2.2013172,0.1750530,0.0734273,110.215186,32.612693,-36.859635,48.98,2
2863,12.18,3.1743572,0.1585353,0.0158150,63.626840,173.744242,-111.486104,16.51,-2
2864,12.80,2.7476236,0.1808620,0.0402101,79.024263,61.803711,-67.842339,2.18,-2
2865,11.25,2.5605442,0.0816511,0.2577210,87.849008,37.631368,-43.353837,1.48,-2
2866,11.68,2.9110475,0.1725545,0.1548458,72.461434,67.532027,-76.386131,2.56,-2
2867,12.43,2.3635362,0.1082622,0.1625099,99.061755,34.833217,-39.176115,1.72,2
2868,12.84,2.8151493,0.1368307,0.1163196,76.197723,68.042853,-66.251985,3.20,-2
2869,11.80,2.6359118,0.1491820,0.2291494,84.106164,41.998981,-51.335565,1.43,-2
2870,12.76,2.3920379,0.1730775,0.0568824,97.294948,39.836085,-44.784805,34.07,2
2871,12.64,2.2582009,0.0957954,0.0895282,106.074624,34.028057,-35.899051,3.77,2
2872,12.08,2.7409870,0.1403428,0.0677354,79.312377,59.931369,-62.558114,1.38,-2
2873,12.63,2.2510706,0.1484104,0.0911512,106.578733,33.836950,-37.337817,31.72,2
2874,12.79,2.2447405,0.1224580,0.0726658,107.030204,33.960290,-36.331520,2.16,2
2875,12.11,2.7976497,0.1399157,0.1636289,76.914951,56.789874,-63.198968,1.38,-2
2876,12.75,2.6020786,0.1384240,0.2596183,85.753092,37.851690,-47.684215,1.49,-2
2877,12.03,3.1121499,0.1743550,0.0221803,65.545161,121.631515,-106.333375,39.74,-2
2878,11.68,3.0451107,0.0611669,0.1917258,67.728667,74.985507,-72.045380,3.03,-2
2879,11.87,2.7679500,0.1925204,0.1719997,78.156223,54.409909,-66.371221,1.22,-2
2880,12.68,2.2032956,0.1252288,0.0902790,110.064813,32.217786,-34.953650,17.80,2
2881,12.96,2.2475628,0.2066511,0.0860605,106.829777,33.960178,-40.096463,131.55,2
2882,11.54,3.1661366,0.1638506,0.0252739,63.874729,163.611263,-111.919787,1.56,-2
2883,13.10,2.2456688,0.1231650,0.0138360,106.964075,34.655799,-36.612800,28.26,2
2884,12.03,3.1153254,0.1487547,0.0292796,65.445897,120.301162,-99.547767,1.71,-2
2885,13.83,2.2375734,0.1706085,0.0511891,107.544661,34.150390,-38.092694,26.80,2
2886,13.01,2.3663229,0.1616361,0.0107394,98.885695,39.223039,-43.159895,6.12,2
2887,12.88,2.2590558,0.1415427,0.0674525,106.015772,34.599026,-37.566884,27.31,2
2888,12.51,2.2575996,0.1457958,0.1304400,106.117535,32.997762,-37.109047,26.43,2
2889,11.36,3.0218237,0.0835795,0.1786890,68.513041,74.221054,-73.039502,1.76,-2
2890,12.99,2.2601152,0.1493196,0.1121518,105.939725,33.559886,-37.559216,16.97,2
2891,10.97,3.3651922,0.0845563,0.1423075,58.282586,242.825734,-137.197602,11.36,-2
2892,10.45,3.1622350,0.1740762,0.3152506,64.001906,82.235338,-80.464688,8.25,-2
2894,12.49,3.1142575,0.1562503,0.0249893,65.479753,120.612756,-101.265829,77.81,10
2896,12.61,2.2202089,0.1408478,0.1085545,108.809467,32.342096,-35.890737,10.61,2
2897,13.15,2.2475325,0.1544636,0.0928019,106.831422,33.672633,-37.477436,16.20,2
2898,11.71,2.5561316,0.0282921,0.2333619,88.076410,39.929328,-42.806493,2.49,-2
2899,13.29,2.2621817,0.1110376,0.0513109,105.794506,34.899065,-36.708966,1.89,2
2900,11.77,3.0239243,0.0882462,0.1763728,68.441493,75.016212,-73.760541,0.79,-2
2901,11.94,2.8642735,0.0419696,0.0386965,74.245079,70.556195,-65.138767,1.47,-2
2902,13.76,2.2033294,0.1334927,0.0771594,110.062133,32.515794,-35.289207,39.04,2
2903,11.62,2.5619532,0.0972179,0.2629136,87.776530,37.153490,-43.817798,1.42,-2
2904,11.56,2.6029942,0.1364930,0.2462930,85.707611,39.311410,-48.167874,1.50,-2
2905,11.93,2.8038341,0.1288574,0.1550538,76.660472,58.191413,-63.015425,1.22,-2
2906,10.16,3.1622684,0.1602842,0.4915203,64.008802,15.903397,-53.822672,13.56,10
2907,11.64,3.0169180,0.0595646,0.1715230,68.680382,74.479555,-71.521786,0.36,-2
2908,11.71,2.9788138,0.1253605,0.2414622,70.004305,58.426664,-68.949483,1.95,-2
2909,11.12,3.0206992,0.0709038,0.1777339,68.551431,74.107121,-72.050070,1.50,-2
2910,13.09,2.2024014,0.1146105,0.0375453,110.132009,33.039698,-34.814371,2.34,2
2911,11.55,2.7942034,0.1311811,0.1576244,77.057375,56.954726,-62.471535,1.53,-2
2912,12.51,2.2892681,0.1174718,0.1185991,103.922209,34.258196,-37.363960,3.30,2
2913,12.05,2.7044417,0.2413421,0.2453887,80.928069,42.008191,-65.060923,185.20,10
2914,13.22,2.2614928,0.1068080,0.0548113,105.842890,34.812958,-36.548954,5.36,2
2915,12.82,2.5630101,0.1490685,0.2229632,87.721206,41.797866,-48.011001,1.58,-2
2916,13.41,2.2349367,0.1421888,0.0688988,107.735043,33.742630,-36.694654,27.74,2
2917,11.74,2.7954705,0.0835700,0.2269803,77.006668,48.373491,-55.866225,1.54,-2
2918,11.89,3.1775524,0.1382582,0.0234517,63.531452,175.872410,-105.242319,27.28,-2
2919,11.91,3.1334115,0.1542044,0.0247853,64.879308,131.194078,-103.460055,7.90,-2
2921,13.14,3.2223024,0.1581133,0.0207086,62.210236,388.833695,-131.388694,15.54,-2
2922,13.60,2.3715770,0.1844759,0.0567997,98.556189,39.068645,-44.500980,28.15,2
2923,13.54,2.4533283,0.1691791,0.0545359,93.670679,43.217003,-47.579068,12.08,2
2924,11.92,2.8876973,0.0447130,0.0356757,73.342964,72.793950,-66.892374,1.42,-2
2925,13.58,2.3864194,0.2246057,0.0529960,97.637533,40.080602,-48.073250,60.55,2
2926,13.14,2.2745469,0.1224992,0.0696566,104.932752,35.037408,-37.430519,3.48,2
2927,11.84,2.5334082,0.1234840,0.2750755,89.264661,38.831616,-43.291040,1.68,-2
2928,11.42,3.0073750,0.0805944,0.1812529,69.007783,71.845642,-71.604639,0.79,-2
2929,11.63,3.1230928,0.0975073,0.2420393,65.207834,82.302384,-75.429235,23.22,-2
2930,12.85,2.7802120,0.0466181,0.0758127,77.639876,61.763481,-59.227458,1.70,-2
2931,11.75,2.8750345,0.0474495,0.0373327,73.828338,71.590451,-66.094236,1.49,-2
2932,11.46,3.6242462,0.0664662,0.0376906,52.137163,213.295572,-182.991017,22.44,-2
2933,11.63,2.6089046,0.0148812,0.1100829,85.415287,50.399232,-48.508178,1.49,-2
2934,11.55,3.1666019,0.0614644,0.1599064,63.866039,129.683689,-81.818706,4.76,-2
2935,12.91,2.5989115,0.1221069,0.2140414,85.909322,42.450876,-48.430142,0.17,-2
2936,11.94,2.6787732,0.0622062,0.1571745,82.094405,50.244427,-51.777074,1.49,-2
2937,12.89,2.3203544,0.2639444,0.4028708,101.842514,16.674935,-37.944286,56.31,2
2938,11.51,3.1451548,0.3976166,0.6049806,64.540934,-57.988001,-57.988054,25.98,-2
2939,12.46,2.4397542,0.1874865,0.0768966,94.453627,41.986009,-47.867990,0.00,2
2940,13.98,2.7845161,0.1945990,0.1366319,77.458715,59.372626,-69.755690,1.52,-2
2941,13.21,2.1515483,0.1324379,0.0434201,114.060112,31.398239,-33.806089,31.63,2
2942,12.86,2.2385595,0.1332115,0.1067414,107.474030,32.961198,-36.252243,23.92,2
2943,12.51,2.4482196,0.1055453,0.2330159,93.965986,32.644266,-40.724461,4.12,2
2944,12.60,2.6495014,0.1298666,0.1878476,83.460822,46.498423,-52.453227,50.62,10
2945,12.58,2.6691764,0.1032013,0.0257881,82.536444,56.384788,-55.683119,1.49,-2
2946,13.10,2.4549407,0.1664425,0.0247204,93.578423,43.735285,-47.678052,11.73,2
2947,12.68,2.3079466,0.1447699,0.0661598,102.662449,36.324624,-39.601500,8.44,2
2948,12.56,2.8634368,0.1062214,0.2239476,74.280461,53.385721,-61.307056,16.00,-2
2949,13.00,2.1946797,0.0904161,0.0872365,110.714098,31.986075,-33.770628,0.82,2
2950,11.70,2.7565586,0.2259440,0.1540938,78.640445,56.037027,-71.076453,4.81,-2
2951,10.33,3.1272408,0.1455651,0.2500216,65.077586,83.291182,-81.394171,54.10,10
2952,13.98,2.3134801,0.1521008,0.0677215,102.294196,36.514616,-40.135664,3.23,2
2953,11.69,2.8282010,0.0558546,0.0380152,75.673930,73.374096,-63.257935,43.88,-2
2954,13.33,2.2888714,0.2275908,0.0665635,103.946417,35.878657,-43.364052,162.17,2
2955,13.21,2.1802654,0.1072019,0.0570776,111.813938,32.100483,-33.828836,17.54,2
2956,12.09,2.7650398,0.1197832,0.0319929,78.279250,62.606816,-62.972355,1.49,-2
2957,10.92,3.0220757,0.0748303,0.1693502,68.504343,75.740582,-73.035571,1.53,-2
2958,12.27,2.8735237,0.0458374,0.0373792,73.886622,71.438701,-65.927268,1.44,-2
2959,11.05,3.9668399,0.2125106,0.0711253,45.568629,-327.362157,-57.722978,1.03,-2
2960,13.24,2.2210034,0.1595881,0.0781178,108.748787,33.133492,-36.847498,37.86,2
2961,12.99,2.2681334,0.1387725,0.0890591,105.378233,34.426872,-37.638433,0.63,2
2962,11.05,2.5678711,0.0874101,0.2579250,87.473147,37.549296,-43.854003,1.43,-2
2963,12.20,2.8707625,0.0465903,0.0371859,73.993304,71.205949,-65.767187,1.33,-2
2964,12.45,2.5935228,0.1595441,0.2490505,86.177549,39.052789,-49.085984,1.50,-2
2965,12.19,2.3912978,0.2123403,0.4151573,97.340802,15.211261,-36.692482,21.46,2
2966,13.07,2.4491957,0.1521895,0.0347107,93.907983,42.715832,-46.483404,3.67,2
2967,11.02,3.2104449,0.1158697,0.2962288,62.565254,168.349020,-76.693091,7.34,-2
2968,14.48,2.3714359,0.2729376,0.1688812,98.577328,35.701074,-49.415911,298.99,2
2969,12.44,2.8452736,0.0459122,0.0370674,74.990423,69.221147,-64.005480,1.48,-2
2970,12.41,2.6386739,0.1339497,0.2199676,83.974029,42.973633,-50.860626,1.80,-2
2971,13.11,2.2463094,0.1341350,0.1083835,106.918139,33.175746,-36.526874,5.68,2
2972,13.39,2.1510953,0.1008709,0.0311392,114.096418,31.456069,-32.842535,8.98,2
2973,12.93,2.4687196,0.1490106,0.0376324,92.795866,44.939453,-47.281879,3.62,2
2974,13.06,2.3122643,0.0940595,0.1235912,102.375505,34.802850,-37.431544,3.33,2
2975,12.92,2.2483129,0.1421132,0.1304633,106.775448,32.581140,-36.662626,18.93,2
2976,10.69,3.3575925,0.0976194,0.1731345,58.481389,254.050232,-136.526786,6.56,-2
2977,12.34,2.7846483,0.1348884,0.1575985,77.454498,56.297422,-62.163949,1.33,-2
2978,12.08,3.0999495,0.1503866,0.0347010,65.933822,113.530214,-97.926447,0.31,-2
2979,12.27,3.1260352,0.1315340,0.1800616,65.111964,100.861713,-86.906163,17.06,-2
2980,13.32,2.5685832,0.1718630,0.1279336,87.434225,49.451637,-53.060692,1.49,-2
2981,12.45,3.1457532,0.1782041,0.0252784,64.496384,143.949082,-113.263305,33.62,-2
2982,11.67,2.9993070,0.0624133,0.1674192,69.286433,72.955724,-70.729030,1.50,-2
2983,11.45,2.8470696,0.0327325,0.0923756,74.919879,66.449887,-62.652070,1.48,-2
2984,12.99,2.4723316,0.1545054,0.0371806,92.592601,46.279344,-47.827667,16.73,2
2985,11.98,2.8478849,0.0401935,0.0409042,74.887295,69.192653,-63.944253,1.53,-2
2986,11.97,3.1743842,0.1301723,0.0334615,63.635422,167.801603,-101.878850,95.03,10
2987,12.26,2.8867955,0.0959379,0.0226984,73.376838,73.700443,-70.032775,1.49,-2
2988,11.65,2.6075917,0.1481702,0.2383510,85.481420,40.304922,-49.447955,7.84,-2
2989,12.85,2.2383010,0.1234303,0.0503430,107.492465,34.106254,-36.255892,2.76,2
2990,13.54,2.4388220,0.1522005,0.0501305,94.508034,41.836318,-45.877032,2.29,2
2991,13.38,2.3373933,0.1968389,0.0704195,100.722115,37.528489,-43.553331,76.50,2
2992,13.32,2.7462598,0.1879474,0.1288599,79.083826,56.981968,-66.205985,1.50,-2
2993,11.96,2.5866311,0.1520325,0.2325849,86.522088,40.660022,-48.932724,1.44,-2
2994,13.65,2.4184140,0.1984337,0.0461365,95.706574,41.254200,-47.772474,29.35,2
2995,11.87,2.6150302,0.1848870,0.2505210,85.115922,39.356328,-52.006756,34.76,-2
2996,11.98,2.7822805,0.0476322,0.0757563,77.553253,61.925855,-59.380494,1.47,-2
2997,12.76,2.5549380,0.1664477,0.1245321,88.135903,50.183294,-52.072904,1.48,-2
2998,13.80,2.4226045,0.1594833,0.0480976,95.459387,41.186688,-45.524316,34.73,2
2999,13.40,2.2708104,0.1474045,0.1065222,105.191909,34.071612,-37.913861,11.78,2
3000,13.65,2.3511847,0.1474410,0.0560218,99.842904,38.102770,-41.599092,27.97,2
3001,11.85,2.3565079,0.0293792,0.3170008,99.507312,23.749901,-33.480757,2.97,2