,0,1,2,3,4,median,Objname
0,0,0,0,0,0,0.0,15760
1,1,1,1,1,1,1.0,15789
2,0,0,0,0,0,0.0,15807
3,1,1,1,1,1,1.0,15809
4,1,1,1,1,1,1.0,15810
5,1,1,1,1,1,1.0,15836
6,0,0,0,0,0,0.0,15883
7,0,0,0,0,0,0.0,16684
8,0,0,0,0,0,0.0,19255
9,1,1,1,1,1,1.0,19299
10,0,0,0,0,0,0.0,19308
11,0,0,0,0,0,0.0,19521
12,0,0,0,0,0,0.0,20000
13,1,1,1,1,1,1.0,20108
14,0,0,0,0,0,0.0,24835
15,1,1,1,1,1,1.0,24952
16,0,0,0,0,0,0.0,24978
17,1,1,1,1,1,1.0,28978
18,1,1,1,1,1,1.0,32929
19,0,0,0,0,0,0.0,33001
20,1,1,1,1,1,1.0,33340
21,0,0,0,0,0,0.0,35671
22,0,0,0,0,0,0.0,38083
23,1,1,1,1,1,1.0,38628
24,1,1,1,1,1,1.0,42301
25,0,0,0,0,0,0.0,45802
26,1,1,1,1,1,1.0,47171
27,1,1,1,1,1,1.0,47932
28,0,0,0,0,0,0.0,48639
29,0,0,0,0,0,0.0,49673
30,0,0,0,0,0,0.0,50000
31,0,0,0,0,0,0.0,52747
32,0,0,0,0,0,0.0,53311
33,0,0,0,0,0,0.0,55565
34,0,0,0,0,0,0.0,55636
35,0,0,0,0,0,0.0,55637
36,1,1,1,1,1,1.0,55638
37,0,0,0,0,0,0.0,58534
38,0,0,0,0,0,0.0,60454
39,1,1,1,1,1,1.0,60620
40,0,0,0,0,0,0.0,66452
41,0,0,1,1,1,1.0,66652
42,1,1,1,1,1,1.0,69986
43,0,0,0,0,0,0.0,69987
44,1,1,1,1,1,1.0,69990
45,0,0,0,0,0,0.0,76803
46,0,0,0,0,0,0.0,79360
47,1,1,1,1,1,1.0,79969
48,1,1,1,1,1,1.0,79978
49,0,0,0,0,0,0.0,79983
50,0,0,0,0,0,0.0,80806
51,1,1,1,1,1,1.0,82075
52,0,0,0,0,0,0.0,82157
53,1,1,1,1,1,1.0,84522
54,1,1,1,1,1,1.0,84719
55,1,1,1,1,1,1.0,84922
56,0,0,0,0,0,0.0,85627
57,0,0,0,0,0,0.0,85633
58,0,0,0,0,0,0.0,86047
59,0,0,0,0,0,0.0,86177
60,0,0,0,0,0,0.0,88267
61,0,0,0,0,0,0.0,88268
62,0,0,0,0,0,0.0,88611
63,1,1,1,1,1,1.0,90482
64,0,0,0,0,0,0.0,90568
65,1,1,1,1,1,1.0,91133
66,1,1,1,1,1,1.0,91205
67,1,1,1,1,1,1.0,118228
68,0,1,1,1,0,1.0,118378
69,1,1,1,1,1,1.0,118698
70,1,1,1,1,1,1.0,119066
71,1,1,1,1,1,1.0,119067
72,1,1,1,1,1,1.0,119069
73,1,1,1,1,1,1.0,119070
74,1,1,1,1,1,1.0,119473
75,0,0,0,0,0,0.0,119951
76,1,1,1,1,1,1.0,119956
77,1,1,1,1,1,1.0,119979
78,0,0,0,0,0,0.0,120132
79,0,0,0,0,0,0.0,120178
80,0,0,0,0,0,0.0,120347
81,0,0,0,0,0,0.0,120348
82,0,0,0,0,0,0.0,123509
83,1,1,1,1,1,1.0,126154
84,1,1,1,1,1,1.0,126155
85,0,0,0,0,0,0.0,126719
86,1,1,1,1,1,1.0,127871
87,1,1,1,1,1,1.0,129746
88,1,1,1,1,1,1.0,129772
89,1,1,1,1,1,1.0,130391
90,1,1,1,1,1,1.0,131318
91,1,1,1,1,1,1.0,131695
92,1,1,1,1,1,1.0,131697
93,1,1,1,1,1,1.0,133067
94,10,10,10,10,10,10.0,134340
95,1,1,1,1,1,1.0,134568
96,0,0,0,0,0,0.0,134860
97,1,1,1,1,1,1.0,135024
98,0,0,0,0,0,0.0,135182
99,1,1,1,1,1,1.0,135742
100,1,1,1,1,1,1.0,136108
101,0,0,0,0,0,0.0,136472
102,0,0,0,0,0,0.0,137294
103,0,0,0,0,0,0.0,138537
104,1,1,1,1,1,1.0,139775
105,1,1,1,1,1,1.0,143685
106,1,1,1,1,1,1.0,143751
107,0,0,0,0,0,0.0,143991
108,0,0,0,0,0,0.0,144897
109,0,0,0,0,0,0.0,145452
110,0,0,0,0,0,0.0,145453
111,0,0,0,0,0,0.0,148112
112,0,0,0,0,0,0.0,148780
113,1,0,1,0,0,0.0,149348
114,1,1,1,1,1,1.0,149349
115,0,0,0,0,0,0.0,150642
116,0,0,0,0,0,0.0,160091
117,1,1,1,0,1,1.0,160147
118,0,0,0,0,0,0.0,160256
119,1,1,1,1,1,1.0,168700
120,0,0,0,0,0,0.0,168703
121,1,1,1,1,1,1.0,169071
122,1,0,1,1,1,1.0,174567
123,0,0,0,0,0,0.0,175113
124,0,0,0,0,0,0.0,181708
125,0,1,0,0,0,0.0,181855
126,1,1,1,1,1,1.0,181867
127,0,0,0,0,0,0.0,181868
128,1,1,1,1,1,1.0,181871
129,0,0,0,0,1,0.0,181874
130,1,0,1,1,1,1.0,182222
131,1,1,1,1,1,1.0,182294
132,1,1,1,1,1,1.0,182397
133,0,0,0,0,0,0.0,182926
134,0,0,0,0,0,0.0,182933
135,0,0,0,0,0,0.0,182934
136,0,1,0,0,0,0.0,183595
137,0,0,0,0,0,0.0,183963
138,0,0,0,0,0,0.0,184314
139,0,0,0,0,0,0.0,202421
140,1,1,1,1,1,1.0,208996
141,0,0,0,0,0,0.0,230965
142,0,0,0,0,0,0.0,275809
143,0,0,0,0,0,0.0,278361
144,0,0,0,0,0,0.0,303712
145,1,1,1,1,1,1.0,306792
146,0,0,0,0,0,0.0,307251
147,0,0,0,1,0,0.0,307261
148,1,1,1,1,1,1.0,307463
149,0,0,0,0,0,0.0,307616
150,0,0,0,0,0,0.0,308193
151,1,1,1,1,1,1.0,308379
152,1,1,1,1,1,1.0,308460
153,0,0,0,0,0,0.0,308634
154,0,0,0,0,0,0.0,315530
155,1,1,1,1,1,1.0,341520
156,0,0,0,0,0,0.0,363330
157,0,0,0,0,0,0.0,363401
158,0,0,0,0,0,0.0,364171
159,1,1,1,1,1,1.0,385185
160,0,0,0,0,0,0.0,385191
161,0,0,0,0,0,0.0,385194
162,0,0,0,0,0,0.0,385199
163,0,0,0,0,0,0.0,385201
164,0,0,0,0,0,0.0,385266
165,0,0,0,0,0,0.0,385362
166,0,0,0,0,0,0.0,385363
167,0,0,0,0,0,0.0,385437
168,1,1,1,1,1,1.0,385445
169,1,1,1,1,1,1.0,385446
170,0,0,0,0,0,0.0,385447
171,1,1,1,0,1,1.0,385458
172,1,1,1,0,1,1.0,385533
173,1,1,1,1,1,1.0,385571
174,1,1,1,1,1,1.0,385695
175,0,0,0,0,0,0.0,386723
176,0,0,0,0,0,0.0,408832
177,0,0,0,0,0,0.0,415720
178,0,0,0,0,0,0.0,416400
179,0,0,0,0,0,0.0,420356
180,1,1,1,1,1,1.0,427581
181,0,0,0,0,0,0.0,427614
182,1,1,1,1,1,1.0,432949
183,0,0,0,0,0,0.0,434194
184,1,1,1,1,1,1.0,434709
185,0,0,0,0,0,0.0,437871
186,1,1,1,1,1,1.0,437915
187,1,1,1,1,1,1.0,438028
188,0,0,0,0,0,0.0,439858
189,0,0,0,0,0,0.0,443843
190,0,0,0,0,0,0.0,444018
191,0,0,0,0,0,0.0,444025
192,0,0,0,0,0,0.0,444030
193,1,1,1,1,1,1.0,444745
194,1,1,1,1,1,1.0,450265
195,0,0,0,0,0,0.0,455171
196,0,0,0,0,0,0.0,455206
197,0,0,0,0,0,0.0,455209
198,1,1,1,1,1,1.0,455502
199,1,1,1,1,1,1.0,456826
200,0,0,0,0,0,0.0,468422
201,1,1,1,1,1,1.0,469306
202,0,0,0,0,0,0.0,469361
203,1,1,1,1,1,1.0,469362
204,1,1,1,1,1,1.0,469372
205,1,1,1,1,1,1.0,469420
206,1,1,1,1,1,1.0,469421
207,0,0,0,0,0,0.0,469438
208,1,1,1,1,1,1.0,469505
209,1,1,1,1,1,1.0,469506
210,0,0,0,0,0,0.0,469509
211,0,0,0,0,0,0.0,469514
212,1,1,1,1,1,1.0,469584
213,0,0,0,0,0,0.0,469610
214,0,0,0,0,0,0.0,469615
215,1,1,1,1,1,1.0,469704
216,0,0,0,0,0,0.0,469705
217,1,1,1,1,1,1.0,469707
218,0,0,0,0,0,0.0,470027
219,1,1,1,1,1,1.0,470308
220,0,0,0,0,0,0.0,470316
221,0,0,0,0,0,0.0,470443
222,1,1,1,1,1,1.0,470523
223,0,0,0,0,0,0.0,470596
224,0,0,0,0,0,0.0,471150
225,0,0,0,0,0,0.0,471196
226,0,0,0,0,0,0.0,471210
227,1,1,1,1,1,1.0,471288
228,0,0,0,0,0,0.0,471318
229,0,0,0,0,0,0.0,471921
230,0,0,0,0,0,0.0,471954
231,0,0,0,0,0,0.0,472231
232,0,0,0,0,0,0.0,472232
233,0,0,0,0,0,0.0,472271
234,0,0,0,0,0,0.0,483002
235,10,10,10,10,10,10.0,486958
236,1,1,1,1,1,1.0,487581
237,0,0,0,0,0,0.0,488644
238,1,1,1,1,1,1.0,491767
239,0,0,0,0,0,0.0,491768
240,0,0,0,0,0,0.0,493480
241,0,0,0,0,0,0.0,1994 ES2
242,0,0,0,0,0,0.0,1994 EV3
243,0,0,0,0,0,0.0,1995 DB2
244,0,0,0,0,0,0.0,1995 DC2
245,1,1,1,1,1,1.0,1995 HM5
246,0,0,0,0,0,0.0,1995 WY2
247,0,0,0,0,0,0.0,1996 KV1
248,0,0,0,0,0,0.0,1996 RQ20
249,1,1,1,1,1,1.0,1996 RR20
250,0,0,0,0,0,0.0,1996 TK66
251,0,0,0,0,0,0.0,1996 TS66
252,0,0,0,0,0,0.0,1997 CT29
253,0,0,0,1,0,0.0,1997 CV29
254,0,0,0,0,0,0.0,1997 QH4
255,0,0,0,0,0,0.0,1997 RX9
256,0,0,0,0,0,0.0,1998 FS144
257,1,1,1,1,1,1.0,1998 HH151
258,0,0,0,0,0,0.0,1998 HL151
259,0,1,1,1,0,1.0,1998 HN151
260,0,0,0,0,0,0.0,1998 HO151
261,1,1,1,1,1,1.0,1998 HQ151
262,0,0,0,0,0,0.0,1998 KS65
263,0,0,0,0,0,0.0,1998 KY61
264,1,1,1,1,1,1.0,1998 UR43
265,1,1,1,1,1,1.0,1998 UU43
266,0,0,0,0,0,0.0,1998 WG24
267,1,1,1,1,1,1.0,1998 WS31
268,0,0,0,0,0,0.0,1998 WV24
269,1,1,1,1,1,1.0,1998 WV31
270,0,0,0,0,0,0.0,1998 WW31
271,0,0,0,0,0,0.0,1998 WX24
272,0,1,0,0,1,0.0,1998 WX31
273,0,0,0,0,0,0.0,1998 WY24
274,0,0,0,0,0,0.0,1998 WY31
275,1,1,1,1,1,1.0,1998 WZ31
276,0,0,0,0,0,0.0,1999 CB119
277,0,0,0,0,0,0.0,1999 CC119
278,0,0,0,0,0,0.0,1999 CG154
279,0,0,0,0,0,0.0,1999 CH119
280,0,0,0,0,0,0.0,1999 CH154
281,0,0,0,0,0,0.0,1999 CJ119
282,0,0,0,0,0,0.0,1999 CK158
283,0,0,0,0,0,0.0,1999 CL119
284,10,10,10,10,10,10.0,1999 CM119
285,0,0,0,0,0,0.0,1999 CM153
286,1,1,1,1,1,1.0,1999 CM158
287,0,0,0,0,0,0.0,1999 CN119
288,0,0,0,0,1,0.0,1999 CP153
289,0,0,0,0,0,0.0,1999 CQ133
290,0,2,0,2,0,0.0,1999 CS153
291,0,0,0,0,0,0.0,1999 CU153
292,10,10,10,10,10,10.0,1999 CW131
293,1,1,1,1,1,1.0,1999 CX131
294,0,0,0,0,0,0.0,1999 DA
295,0,0,0,0,0,0.0,1999 DH8
296,0,0,0,0,0,0.0,1999 GS46
297,1,1,1,1,1,1.0,1999 HG12
298,0,0,0,0,0,0.0,1999 HH12
299,0,0,0,0,0,0.0,1999 HJ12
300,0,0,0,0,0,0.0,1999 HS11
301,0,0,0,0,0,0.0,1999 HV11
302,0,0,0,0,0,0.0,1999 JD132
303,1,1,1,1,1,1.0,1999 KR18
304,0,1,0,0,0,0.0,1999 OA4
305,1,0,1,1,1,1.0,1999 OC4
306,0,0,0,0,0,0.0,1999 OD4
307,0,0,0,0,0,0.0,1999 OG4
308,0,0,0,0,0,0.0,1999 OH4
309,0,0,0,0,0,0.0,1999 OJ4
310,0,0,1,0,0,0.0,1999 OK4
311,0,0,0,0,0,0.0,1999 OZ3
312,0,0,0,0,0,0.0,1999 RC215
313,0,0,0,0,0,0.0,1999 RG215
314,1,1,1,1,1,1.0,1999 RK215
315,0,2,2,0,0,0.0,1999 RR215
316,0,0,0,0,0,0.0,1999 RT214
317,10,10,10,10,10,10.0,1999 RV214
318,0,0,0,0,0,0.0,1999 RV215
319,0,0,0,0,0,0.0,1999 RW214
320,1,1,1,1,1,1.0,1999 RW215
321,0,0,0,0,0,0.0,1999 RX214
322,0,0,0,0,0,0.0,1999 RX215
323,0,0,0,0,0,0.0,1999 RY214
324,1,1,1,1,1,1.0,1999 TR11
325,0,0,0,0,0,0.0,1999 XY143
326,0,0,0,0,0,0.0,2000 AF255
327,0,0,0,0,0,0.0,2000 CE105
328,0,0,0,0,0,0.0,2000 CF105
329,0,0,0,0,0,0.0,2000 CG105
330,0,0,0,0,0,0.0,2000 CJ105
331,1,1,1,1,1,1.0,2000 CK105
332,0,0,0,0,0,0.0,2000 CL104
333,0,0,0,0,0,0.0,2000 CL105
334,0,0,0,0,0,0.0,2000 CN105
335,0,0,0,0,0,0.0,2000 CN114
336,0,0,0,0,0,0.0,2000 CO105
337,0,0,0,0,0,0.0,2000 CP104
338,0,0,0,0,0,0.0,2000 CQ114
339,1,1,1,1,1,1.0,2000 FB8
340,0,0,0,0,0,0.0,2000 FC8
341,0,0,0,0,0,0.0,2000 FF8
342,0,0,0,0,0,0.0,2000 FG8
343,0,0,0,0,0,0.0,2000 FH8
344,1,1,0,1,1,1.0,2000 FR53
345,0,0,0,0,0,0.0,2000 FS53
346,0,0,0,0,0,0.0,2000 FT53
347,1,1,0,1,1,1.0,2000 FX53
348,0,0,0,0,0,0.0,2000 GV146
349,0,0,0,0,0,0.0,2000 GX146
350,0,0,0,0,0,0.0,2000 GY146
351,0,0,0,0,0,0.0,2000 JF81
352,0,0,0,0,0,0.0,2000 KK4
353,0,0,1,0,0,0.0,2000 KL4
354,0,0,0,0,1,0.0,2000 OB51
355,0,0,0,0,0,0.0,2000 OH67
356,0,0,0,0,0,0.0,2000 ON67
357,1,1,1,1,1,1.0,2000 OP67
358,0,0,0,0,0,0.0,2000 OU69
359,0,0,0,0,0,0.0,2000 PA30
360,0,0,0,0,0,0.0,2000 PC30
361,0,0,0,0,0,0.0,2000 PD30
362,0,0,0,0,0,0.0,2000 PG30
363,1,1,1,1,1,1.0,2000 PL30
364,0,0,0,0,0,0.0,2000 PM30
365,0,0,0,0,0,0.0,2000 PN30
366,0,0,0,0,0,0.0,2000 PU29
367,0,0,0,0,0,0.0,2000 PW29
368,0,0,0,0,0,0.0,2000 PX29
369,0,0,0,0,0,0.0,2000 PY29
370,0,0,0,0,0,0.0,2000 QC226
371,0,0,0,0,0,0.0,2000 QE226
372,1,1,1,1,1,1.0,2000 QL251
373,1,1,1,1,1,1.0,2000 QN251
374,10,10,10,10,10,10.0,2000 ST331
375,0,0,0,0,0,0.0,2000 SY370
376,0,0,0,0,0,0.0,2000 WL183
377,0,0,0,0,0,0.0,2000 WM183
378,0,0,0,1,0,0.0,2000 WN183
379,0,0,0,0,0,0.0,2000 WO183
380,0,0,0,0,0,0.0,2000 WT169
381,0,0,0,0,0,0.0,2000 WV12
382,0,0,0,0,0,0.0,2000 YA2
383,0,0,0,0,0,0.0,2000 YB2
384,1,1,1,1,1,1.0,2000 YE2
385,0,0,0,0,0,0.0,2000 YF2
386,0,0,0,0,0,0.0,2000 YV1
387,0,0,0,0,0,0.0,2000 YX1
388,10,10,10,10,10,10.0,2000 YZ1
389,0,0,0,0,0,0.0,2001 DB106
390,0,0,0,0,0,0.0,2001 DC106
391,0,0,0,0,0,0.0,2001 DD106
392,0,0,0,0,0,0.0,2001 ES24
393,0,0,0,0,0,0.0,2001 FK185
394,0,0,0,0,0,0.0,2001 FK193
395,0,0,0,0,0,0.0,2001 FL185
396,10,10,10,10,10,10.0,2001 FL193
397,1,1,1,1,1,1.0,2001 FQ185
398,0,0,0,0,0,0.0,2001 FT185
399,1,1,1,1,1,1.0,2001 FU172
400,0,0,1,0,0,0.0,2001 HA59
401,0,0,0,0,0,0.0,2001 HZ58
402,0,0,0,0,0,0.0,2001 KA77
403,1,1,1,1,1,1.0,2001 KD77
404,0,0,0,0,0,0.0,2001 KE77
405,0,0,0,0,0,0.0,2001 KF76
406,0,0,0,0,0,0.0,2001 KH76
407,1,1,1,1,1,1.0,2001 KL76
408,0,0,0,0,0,0.0,2001 KO77
409,0,0,0,0,0,0.0,2001 KW76
410,1,1,1,1,1,1.0,2001 KY76
411,0,0,0,0,0,0.0,2001 OG109
412,0,0,0,0,0,0.0,2001 OK108
413,0,0,0,0,0,0.0,2001 OQ108
414,0,0,0,0,0,0.0,2001 OZ108
415,0,0,0,0,0,0.0,2001 PK47
416,0,0,0,0,0,0.0,2001 QA298
417,0,0,0,0,0,0.0,2001 QC298
418,0,0,0,0,0,0.0,2001 QD298
419,1,1,1,1,1,1.0,2001 QE298
420,1,1,1,1,1,1.0,2001 QF331
421,1,1,1,1,1,1.0,2001 QH298
422,0,0,0,0,0,0.0,2001 QO297
423,0,0,0,0,0,0.0,2001 QP297
424,0,0,0,0,0,0.0,2001 QQ297
425,0,0,0,0,0,0.0,2001 QQ322
426,0,0,0,0,0,0.0,2001 QR297
427,0,0,0,0,0,0.0,2001 QS322
428,0,0,0,0,0,0.0,2001 QW322
429,0,0,0,0,0,0.0,2001 QX297
430,0,0,0,0,0,0.0,2001 QZ297
431,1,1,1,1,1,1.0,2001 RU143
432,0,0,0,0,0,0.0,2001 RW143
433,1,1,1,1,1,1.0,2001 RX143
434,0,0,0,0,0,0.0,2001 RZ143
435,0,0,0,0,0,0.0,2001 SE291
436,0,0,0,0,0,0.0,2001 UN18
437,1,1,1,1,1,1.0,2001 UP18
438,1,1,1,1,1,1.0,2001 VN71
439,0,0,0,0,0,0.0,2001 XR254
440,0,0,0,0,0,0.0,2001 XU254
441,0,0,0,0,0,0.0,2001 XX254
442,0,0,0,0,0,0.0,2002 CB225
443,0,0,0,0,0,0.0,2002 CD251
444,1,1,1,1,1,1.0,2002 CE251
445,10,10,10,10,10,10.0,2002 CP154
446,0,0,0,0,0,0.0,2002 CS154
447,0,0,0,0,0,0.0,2002 CT154
448,0,0,0,0,0,0.0,2002 CU154
449,1,1,1,1,1,1.0,2002 CW224
450,0,1,0,1,0,0.0,2002 CX224
451,0,0,0,0,0,0.0,2002 CY154
452,0,0,0,0,0,0.0,2002 CY248
453,0,0,0,0,0,0.0,2002 CZ154
454,0,0,0,0,0,0.0,2002 CZ224
455,0,0,0,0,0,0.0,2002 FV6
456,0,0,0,0,0,0.0,2002 FW36
457,1,1,1,1,1,1.0,2002 FW6
458,0,0,0,0,0,0.0,2002 FX36
459,1,1,1,1,1,1.0,2002 GE32
460,1,1,1,1,1,1.0,2002 GF32
461,1,1,1,1,1,1.0,2002 GH166
462,0,0,0,0,0,0.0,2002 GH32
463,1,1,1,1,1,1.0,2002 GL32
464,1,1,1,2,1,1.0,2002 GR32
465,1,1,1,1,1,1.0,2002 GS32
466,1,1,1,1,1,1.0,2002 GV32
467,1,1,1,1,1,1.0,2002 GW31
468,1,1,1,1,1,1.0,2002 GW32
469,1,1,1,1,1,1.0,2002 GY32
470,0,0,0,0,0,0.0,2002 PA171
471,0,0,0,0,0,0.0,2002 PC171
472,0,0,0,0,0,0.0,2002 PD155
473,0,0,0,0,0,0.0,2002 PO149
474,0,0,0,0,0,0.0,2002 PP149
475,1,1,1,1,1,1.0,2002 PU170
476,0,0,0,0,0,0.0,2002 PV170
477,0,0,0,0,0,0.0,2002 PX170
478,0,0,0,0,0,0.0,2002 PY170
479,0,0,0,0,0,0.0,2002 VB131
480,0,0,0,0,0,0.0,2002 VD131
481,1,1,1,1,1,1.0,2002 VD138
482,0,1,0,0,0,0.0,2002 VE130
483,0,0,0,0,1,0.0,2002 VF130
484,0,0,0,0,0,0.0,2002 VF131
485,0,0,0,0,0,0.0,2002 VT130
486,1,1,1,1,1,1.0,2002 VV130
487,1,1,1,1,1,1.0,2002 VX130
488,0,0,0,0,0,0.0,2002 WL21
489,0,0,0,0,0,0.0,2002 XH91
490,1,1,1,1,1,1.0,2002 XV93
491,0,0,0,0,0,0.0,2003 FA130
492,0,0,0,0,0,0.0,2003 FD128
493,1,1,1,1,1,1.0,2003 FL127
494,0,0,0,0,0,0.0,2003 FM127
495,0,0,0,0,0,0.0,2003 FM129
496,0,0,0,0,0,0.0,2003 GF55
497,1,1,1,1,1,1.0,2003 HA57
498,1,1,1,1,1,1.0,2003 HD57
499,0,0,0,0,0,0.0,2003 HE57
500,1,1,1,1,1,1.0,2003 HF57
501,0,1,0,0,0,0.0,2003 HG57
502,0,0,0,0,0,0.0,2003 HH57
503,0,0,0,0,0,0.0,2003 HX56
504,0,0,0,0,0,0.0,2003 HZ56
505,0,0,0,0,0,0.0,2003 KO20
506,0,0,0,0,0,0.0,2003 LD9
507,0,0,0,0,0,0.0,2003 QA112
508,0,0,0,0,0,0.0,2003 QA92
509,0,0,0,0,0,0.0,2003 QB112
510,1,1,1,1,1,1.0,2003 QB91
511,0,0,0,0,0,0.0,2003 QD91
512,0,0,0,0,0,0.0,2003 QE112
513,0,0,0,0,0,0.0,2003 QE91
514,0,0,0,0,0,0.0,2003 QF91
515,0,0,0,0,0,0.0,2003 QG91
516,0,0,0,0,0,0.0,2003 QJ91
517,0,0,0,0,0,0.0,2003 QL91
518,0,0,0,0,0,0.0,2003 QN91
519,0,0,0,0,0,0.0,2003 QO91
520,0,0,0,0,0,0.0,2003 QQ91
521,0,0,0,0,0,0.0,2003 QR91
522,0,0,0,0,1,0.0,2003 QS91
523,0,0,0,0,0,0.0,2003 QT91
524,0,0,0,0,0,0.0,2003 QV90
525,1,1,1,1,1,1.0,2003 QX111
526,0,0,0,0,0,0.0,2003 QX113
527,0,0,0,0,0,0.0,2003 QX90
528,1,1,1,1,1,1.0,2003 QX91
529,0,0,0,0,0,0.0,2003 QY111
530,0,0,0,0,0,0.0,2003 QY90
531,0,0,0,0,0,0.0,2003 QZ111
532,0,0,0,0,0,0.0,2003 SN317
533,1,1,1,1,1,1.0,2003 SO317
534,0,0,0,0,0,0.0,2003 SQ317
535,1,1,1,1,1,1.0,2003 SR317
536,1,1,1,1,1,1.0,2003 TH58
537,0,0,0,0,0,0.0,2003 TJ58
538,0,0,0,0,0,0.0,2003 TK58
539,0,0,0,0,0,0.0,2003 TL58
540,0,0,0,0,0,0.0,2003 UB292
541,0,0,0,0,0,0.0,2003 UN284
542,0,0,0,0,0,0.0,2003 UN292
543,0,0,0,0,0,0.0,2003 UT291
544,1,1,1,1,1,1.0,2003 UT292
545,1,1,1,1,1,1.0,2003 UV292
546,0,0,0,0,0,0.0,2003 UY291
547,0,0,0,0,0,0.0,2003 UY413
548,0,0,0,0,1,0.0,2003 UZ291
549,1,1,1,1,1,1.0,2003 WA191
550,0,0,0,0,0,0.0,2003 WU188
551,0,1,0,0,1,0.0,2003 YJ179
552,0,0,0,0,0,0.0,2003 YK179
553,0,0,0,0,0,0.0,2003 YL179
554,0,0,0,0,0,0.0,2003 YM179
555,0,0,0,0,0,0.0,2003 YN179
556,0,0,0,0,0,0.0,2003 YP179
557,0,0,0,0,0,0.0,2003 YR179
558,0,0,0,0,0,0.0,2003 YS179
559,0,0,0,0,0,0.0,2003 YT179
560,0,0,0,0,0,0.0,2003 YU179
561,0,0,0,0,0,0.0,2003 YV179
562,0,0,0,0,0,0.0,2003 YX179
563,0,0,0,0,0,0.0,2004 DH64
564,0,0,0,0,0,0.0,2004 DM71
565,1,1,1,1,1,1.0,2004 EJ96
566,10,10,10,10,10,10.0,2004 EP95
567,0,0,0,0,0,0.0,2004 ES95
568,1,1,1,1,1,1.0,2004 EV95
569,1,1,1,1,1,1.0,2004 FU148
570,1,1,1,1,1,1.0,2004 FW164
571,1,1,1,1,1,1.0,2004 HA79
572,1,1,1,1,1,1.0,2004 HB79
573,0,0,0,0,0,0.0,2004 HC79
574,0,0,0,0,0,0.0,2004 HD79
575,0,0,0,0,0,0.0,2004 HE79
576,0,0,0,0,0,0.0,2004 HG79
577,0,0,0,0,0,0.0,2004 HH79
578,0,0,0,0,0,0.0,2004 HK79
579,0,0,0,0,0,0.0,2004 HL79
580,1,1,1,1,1,1.0,2004 HM79
581,1,1,1,1,1,1.0,2004 HN79
582,1,1,1,1,1,1.0,2004 HP79
583,1,1,1,1,1,1.0,2004 HX78
584,1,1,1,1,1,1.0,2004 HY78
585,1,1,1,1,1,1.0,2004 HZ78
586,1,1,1,1,1,1.0,2004 KB19
587,1,1,1,1,1,1.0,2004 KC19
588,0,0,0,0,0,0.0,2004 KD19
589,0,0,0,0,0,0.0,2004 KE19
590,0,0,0,0,0,0.0,2004 KF19
591,0,0,0,0,0,0.0,2004 KG19
592,0,0,0,0,0,0.0,2004 KH19
593,0,0,0,0,0,0.0,2004 KJ19
594,1,1,0,1,1,1.0,2004 KK19
595,1,1,1,1,1,1.0,2004 KM19
596,0,0,0,0,0,0.0,2004 LW31
597,1,1,1,1,1,1.0,2004 MS8
598,0,0,0,0,0,0.0,2004 MT8
599,0,0,0,0,0,0.0,2004 MU8
600,0,0,0,0,0,0.0,2004 MV8
601,0,0,0,0,0,0.0,2004 OJ14
602,0,0,0,0,0,0.0,2004 OP15
603,1,1,1,1,1,1.0,2004 OQ15
604,0,0,0,0,0,0.0,2004 PA112
605,0,0,0,0,0,0.0,2004 PB108
606,0,0,0,0,0,0.0,2004 PS107
607,0,0,0,0,0,0.0,2004 PT117
608,0,0,0,0,0,0.0,2004 PU117
609,0,0,0,0,0,0.0,2004 PV117
610,1,1,1,1,1,1.0,2004 PW107
611,0,0,0,0,0,0.0,2004 PW117
612,0,0,0,0,0,0.0,2004 PX107
613,0,0,0,0,0,0.0,2004 PX117
614,0,0,0,0,0,0.0,2004 PY107
615,1,1,1,1,1,1.0,2004 PZ107
616,0,0,0,0,0,0.0,2004 QE29
617,0,0,0,0,0,0.0,2004 QG29
618,0,1,1,0,0,0.0,2004 QH29
619,1,1,1,1,1,1.0,2004 SC60
620,1,1,1,1,1,1.0,2004 TV357
621,1,1,1,1,1,1.0,2004 TX357
622,0,0,0,0,0,0.0,2004 UD10
623,1,1,1,1,1,1.0,2004 US10
624,10,10,10,10,10,10.0,2004 VA131
625,10,10,10,10,10,10.0,2004 VB131
626,0,0,0,0,0,0.0,2004 VC131
627,0,0,0,0,0,0.0,2004 VD131
628,1,1,1,1,1,1.0,2004 VE131
629,1,1,1,1,1,1.0,2004 VF131
630,1,0,1,1,1,1.0,2004 VS75
631,1,1,1,1,1,1.0,2004 VT75
632,1,1,1,1,1,1.0,2004 VU75
633,1,1,1,1,1,1.0,2004 VV130
634,1,1,1,1,1,1.0,2004 VX130
635,1,1,1,1,1,1.0,2004 VY130
636,1,1,1,1,1,1.0,2004 VZ130
637,1,1,1,1,1,1.0,2004 VZ75
638,0,0,0,0,0,0.0,2004 XX190
639,0,0,0,0,0,0.0,2005 BV49
640,0,0,0,0,0,0.0,2005 BW49
641,1,1,1,1,1,1.0,2005 CA79
642,1,1,1,1,1,1.0,2005 CD81
643,0,0,0,0,0,0.0,2005 CE81
644,1,1,1,1,1,1.0,2005 CF81
645,0,0,0,0,0,0.0,2005 CG81
646,0,1,1,1,0,1.0,2005 EB318
647,0,0,0,0,0,0.0,2005 EC318
648,0,0,0,0,0,0.0,2005 EE296
649,0,0,0,0,0,0.0,2005 EM303
650,0,0,0,0,0,0.0,2005 EN302
651,0,0,0,0,0,0.0,2005 EO304
652,1,1,1,1,1,1.0,2005 ER318
653,0,0,1,0,0,0.0,2005 EW318
654,0,0,0,0,0,0.0,2005 EX297
655,1,1,1,1,1,1.0,2005 EX318
656,1,1,1,1,1,1.0,2005 EZ300
657,1,1,1,1,1,1.0,2005 GA187
658,0,1,0,0,0,0.0,2005 GC187
659,0,0,0,0,0,0.0,2005 GD187
660,1,1,1,1,1,1.0,2005 GF187
661,1,1,1,1,1,1.0,2005 GV210
662,0,0,0,0,0,0.0,2005 GX186
663,0,0,0,0,0,0.0,2005 JA175
664,0,0,0,0,0,0.0,2005 JB186
665,0,0,1,0,0,0.0,2005 JH177
666,0,0,0,0,0,0.0,2005 JJ186
667,0,0,0,0,0,0.0,2005 JK186
668,0,0,0,0,0,0.0,2005 JP179
669,0,0,0,0,0,0.0,2005 JR179
670,0,0,0,0,0,0.0,2005 JY185
671,0,0,0,0,0,0.0,2005 JZ174
672,0,0,0,0,0,0.0,2005 LA54
673,1,0,1,1,1,1.0,2005 LB54
674,0,0,0,0,0,0.0,2005 PL21
675,0,1,1,0,0,0.0,2005 PS21
676,0,0,0,0,0,0.0,2005 RQ43
677,1,1,1,1,1,1.0,2005 SD278
678,1,1,1,1,1,1.0,2005 SE278
679,1,1,1,1,1,1.0,2005 SF278
680,1,1,1,1,1,1.0,2005 TN53
681,1,1,1,1,1,1.0,2005 TN74
682,1,1,1,1,1,1.0,2005 TV189
683,1,1,1,1,1,1.0,2005 VA123
684,0,0,0,1,0,0.0,2006 AO98
685,0,0,0,0,0,0.0,2006 BR284
686,0,0,0,0,0,0.0,2006 CH69
687,0,0,0,0,0,0.0,2006 HA123
688,0,0,0,0,0,0.0,2006 HB123
689,0,1,0,1,1,1.0,2006 HN122
690,0,0,0,0,0,0.0,2006 HP122
691,0,0,0,0,0,0.0,2006 HW122
692,0,0,0,0,0,0.0,2006 JU58
693,0,0,0,0,0,0.0,2006 JV58
694,0,0,0,0,0,0.0,2006 QF181
695,1,1,1,1,1,1.0,2006 QQ180
696,0,0,0,0,0,0.0,2006 QR181
697,0,0,0,0,0,0.0,2006 SE415
698,0,0,0,0,0,0.0,2006 SF415
699,0,0,0,0,0,0.0,2006 SH415
700,1,1,1,1,1,1.0,2006 TO130
701,1,1,1,1,1,1.0,2006 TP130
702,0,0,0,0,0,0.0,2006 UO321
703,1,1,1,1,1,1.0,2006 UZ184
704,0,0,0,0,0,0.0,2006 WF206
705,0,0,1,1,0,0.0,2006 WG206
706,1,1,1,1,1,1.0,2006 WS195
707,0,0,0,0,0,0.0,2007 CQ79
708,0,0,0,0,0,0.0,2007 CR79
709,0,0,0,0,0,0.0,2007 CS79
710,0,0,0,0,0,0.0,2007 DS101
711,0,0,0,0,0,0.0,2007 FM51
712,0,0,0,0,0,0.0,2007 FO51
713,1,0,0,1,0,0.0,2007 FP51
714,0,0,0,0,0,0.0,2007 HV90
715,1,1,1,1,1,1.0,2007 JF45
716,0,0,0,0,0,0.0,2007 LE38
717,1,1,1,1,1,1.0,2007 PS45
718,0,0,0,0,0,0.0,2007 RL314
719,1,1,1,1,1,1.0,2007 RT15
720,0,0,1,0,0,0.0,2007 RW326
721,0,0,0,0,0,0.0,2007 RX326
722,0,0,0,1,1,0.0,2007 RY326
723,0,0,0,0,0,0.0,2007 TD418
724,0,0,0,0,0,0.0,2007 TZ417
725,0,0,0,0,0,0.0,2007 VJ302
726,0,0,0,0,0,0.0,2008 AQ118
727,1,1,1,1,1,1.0,2008 LC18
728,1,1,0,0,1,1.0,2008 QB43
729,1,1,1,1,1,1.0,2008 SO266
730,0,0,0,0,0,0.0,2008 SP266
731,0,0,0,0,0,0.0,2009 DL143
732,1,1,1,1,1,1.0,2009 DN143
733,0,0,0,0,0,0.0,2009 DR143
734,0,0,0,0,0,0.0,2009 DS143
735,1,1,1,1,1,1.0,2009 JZ18
736,0,0,1,0,0,0.0,2009 KL30
737,0,0,0,0,0,0.0,2009 KO30
738,0,0,0,0,0,0.0,2009 UF156
739,0,0,0,0,0,0.0,2010 AH2
740,1,1,1,1,1,1.0,2010 EL139
741,0,0,0,0,0,0.0,2010 FX86
742,0,0,0,0,0,0.0,2010 JK124
743,0,0,0,0,0,0.0,2010 KZ39
744,1,1,1,1,1,1.0,2010 LB136
745,10,10,10,10,10,10.0,2010 LP68
746,1,0,0,0,1,0.0,2010 MQ116
747,1,1,1,1,1,1.0,2010 OO127
748,0,0,0,0,0,0.0,2010 PP81
749,0,0,0,0,0,0.0,2010 RD188
750,0,0,0,0,0,0.0,2010 RE188
751,0,0,0,0,0,0.0,2010 RF43
752,0,0,0,0,0,0.0,2010 RF64
753,0,0,0,0,0,0.0,2010 RN64
754,0,0,0,0,0,0.0,2010 RO64
755,0,0,0,0,0,0.0,2010 SS43
756,0,0,0,0,0,0.0,2010 TA192
757,0,0,0,0,0,0.0,2010 TD192
758,0,0,0,0,0,0.0,2010 TE192
759,0,0,0,0,0,0.0,2010 TF192
760,0,0,0,0,0,0.0,2010 TG192
761,1,1,1,1,1,1.0,2010 TJ182
762,0,0,0,0,0,0.0,2010 TK192
763,0,0,0,0,0,0.0,2010 TL182
764,1,1,1,1,1,1.0,2010 TM182
765,1,1,1,1,1,1.0,2010 TN182
766,0,0,0,0,0,0.0,2010 TP182
767,1,1,1,1,1,1.0,2010 TT191
768,0,0,0,0,0,0.0,2010 VK201
769,1,1,1,1,1,1.0,2010 VL201
770,0,0,0,0,0,0.0,2010 VQ11
771,0,0,0,0,0,0.0,2010 VR11
772,0,1,0,0,0,0.0,2010 VV224
773,1,1,1,1,1,1.0,2010 VX11
774,2,2,1,2,2,2.0,2010 VX224
775,0,0,0,0,0,0.0,2011 BS163
776,0,0,0,0,0,0.0,2011 BV163
777,0,0,0,0,0,0.0,2011 CX119
778,1,1,1,1,1,1.0,2011 HE103
779,0,0,0,0,0,0.0,2011 HF103
780,1,1,1,1,1,1.0,2011 HM102
781,0,0,0,0,0,0.0,2011 HZ102
782,0,0,0,0,0,0.0,2011 JW31
783,0,0,0,0,0,0.0,2011 JX31
784,0,0,0,0,0,0.0,2011 JY31
785,1,0,0,1,0,0.0,2011 OA60
786,1,1,1,1,1,1.0,2011 SO277
787,1,1,1,1,1,1.0,2011 UA411
788,0,0,0,0,0,0.0,2011 UA412
789,1,1,1,1,1,1.0,2011 UA413
790,0,0,0,0,0,0.0,2011 UB412
791,1,1,1,1,1,1.0,2011 UC411
792,0,0,0,0,0,0.0,2011 UC412
793,1,1,1,1,1,1.0,2011 UD411
794,0,0,0,0,0,0.0,2011 UD412
795,0,0,0,0,0,0.0,2011 UE412
796,10,10,10,10,10,10.0,2011 UF412
797,1,1,1,1,1,1.0,2011 UG411
798,0,0,0,0,0,0.0,2011 UG412
799,1,1,1,0,1,1.0,2011 UH411
800,0,0,0,0,0,0.0,2011 UH412
801,1,1,1,1,1,1.0,2011 UJ411
802,0,0,0,0,0,0.0,2011 UJ412
803,1,1,1,1,1,1.0,2011 UK411
804,0,0,0,0,0,0.0,2011 UK412
805,1,1,1,1,1,1.0,2011 UK413
806,1,1,1,1,1,1.0,2011 UL411
807,0,0,0,0,0,0.0,2011 UL412
808,1,1,1,1,1,1.0,2011 UM411
809,0,1,0,1,0,0.0,2011 UM412
810,1,1,1,1,1,1.0,2011 UN411
811,0,0,0,0,0,0.0,2011 UN412
812,1,1,1,1,1,1.0,2011 UO411
813,1,1,1,1,1,1.0,2011 UP410
814,1,1,1,1,1,1.0,2011 UQ410
815,1,1,1,1,1,1.0,2011 UR410
816,1,1,1,1,1,1.0,2011 US410
817,0,0,0,0,0,0.0,2011 US412
818,1,1,1,1,1,1.0,2011 UT410
819,0,0,0,0,0,0.0,2011 UT412
820,1,1,1,1,1,1.0,2011 UU410
821,0,0,0,0,0,0.0,2011 UU411
822,1,1,1,1,1,1.0,2011 UV410
823,0,0,0,0,0,0.0,2011 UV411
824,1,1,1,1,1,1.0,2011 UW410
825,0,0,0,0,0,0.0,2011 UW411
826,0,0,0,0,0,0.0,2011 UX411
827,1,1,1,1,1,1.0,2011 UY410
828,0,0,0,0,0,0.0,2011 UY411
829,1,1,1,1,1,1.0,2011 UZ410
830,0,0,0,0,0,0.0,2011 UZ411
831,1,1,1,1,1,1.0,2011 UZ412
832,1,1,1,1,1,1.0,2011 VJ24
833,0,0,0,0,0,0.0,2011 XJ4
834,0,0,0,0,0,0.0,2012 BV154
835,1,1,1,1,1,1.0,2012 BY154
836,0,0,0,0,0,0.0,2012 CS57
837,0,0,0,0,0,0.0,2012 DA99
838,1,1,1,1,1,1.0,2012 DB99
839,0,0,0,0,0,0.0,2012 DW98
840,1,1,1,1,1,1.0,2012 DX98
841,0,0,0,0,0,0.0,2012 DZ98
842,0,0,0,1,0,0.0,2012 FH84
843,0,0,0,0,0,0.0,2012 FK84
844,1,1,1,1,1,1.0,2012 HE85
845,0,0,0,0,0,0.0,2012 HG84
846,0,0,0,0,0,0.0,2012 HL85
847,1,0,1,0,1,1.0,2012 HZ84
848,1,1,1,1,1,1.0,2012 JH67
849,1,1,1,1,1,1.0,2012 KW51
850,0,0,0,0,0,0.0,2012 OL6
851,0,0,0,0,0,0.0,2012 SB67
852,1,1,1,1,1,1.0,2012 TC324
853,1,1,1,1,1,1.0,2012 TD324
854,0,0,0,0,0,0.0,2012 TE324
855,0,0,0,0,0,0.0,2012 TF324
856,0,0,0,0,0,0.0,2012 UB178
857,1,1,1,1,1,1.0,2012 UC178
858,0,0,0,0,0,0.0,2012 UE178
859,1,1,1,1,1,1.0,2012 UG177
860,1,1,1,1,1,1.0,2012 UH177
861,0,0,0,1,0,0.0,2012 UL177
862,0,0,0,0,0,0.0,2012 UM177
863,0,0,0,0,0,0.0,2012 UN177
864,0,0,0,1,1,0.0,2012 UO177
865,1,1,0,0,1,1.0,2012 UP177
866,0,1,1,0,1,1.0,2012 UT177
867,1,1,1,1,1,1.0,2012 VR113
868,1,1,1,1,1,1.0,2012 XR157
869,1,1,1,1,1,1.0,2012 YO9
870,0,0,0,0,0,0.0,2013 AQ183
871,1,1,1,1,1,1.0,2013 BN82
872,1,1,1,1,1,1.0,2013 CD223
873,0,0,0,0,0,0.0,2013 EC138
874,0,0,0,0,0,0.0,2013 EJ154
875,0,0,0,0,0,0.0,2013 EM149
876,0,0,0,0,0,0.0,2013 FA28
877,0,0,0,0,0,0.0,2013 FB28
878,1,1,1,1,1,1.0,2013 FD28
879,0,0,0,0,0,0.0,2013 FH28
880,0,1,0,0,1,0.0,2013 FQ28
881,1,1,1,1,1,1.0,2013 FR28
882,1,1,1,0,1,1.0,2013 FZ27
883,0,0,0,0,0,0.0,2013 GA138
884,0,0,0,0,0,0.0,2013 GB138
885,0,0,0,0,0,0.0,2013 GC137
886,0,0,0,0,0,0.0,2013 GC138
887,1,1,1,1,1,1.0,2013 GD137
888,0,0,0,0,0,0.0,2013 GD138
889,1,1,1,1,1,1.0,2013 GE137
890,0,0,0,0,0,0.0,2013 GE138
891,1,1,1,1,1,1.0,2013 GF137
892,0,0,0,0,0,0.0,2013 GF138
893,1,1,1,1,1,1.0,2013 GG137
894,0,0,0,0,0,0.0,2013 GG138
895,1,1,1,1,1,1.0,2013 GH137
896,1,1,1,1,1,1.0,2013 GJ137
897,1,1,1,1,1,1.0,2013 GK137
898,1,1,1,1,1,1.0,2013 GL137
899,0,0,0,0,0,0.0,2013 GM137
900,0,0,0,0,0,0.0,2013 GN137
901,0,0,0,0,0,0.0,2013 GO136
902,0,0,0,0,0,0.0,2013 GO137
903,0,0,0,0,0,0.0,2013 GP137
904,0,0,0,0,0,0.0,2013 GQ136
905,0,0,0,0,0,0.0,2013 GQ137
906,1,1,1,1,1,1.0,2013 GR136
907,0,0,0,0,0,0.0,2013 GR137
908,0,0,0,0,0,0.0,2013 GS137
909,0,0,0,1,0,0.0,2013 GT136
910,0,0,0,0,0,0.0,2013 GT137
911,0,1,0,0,0,0.0,2013 GU136
912,0,0,0,0,0,0.0,2013 GU137
913,0,0,0,0,0,0.0,2013 GV136
914,0,0,0,0,0,0.0,2013 GV137
915,0,0,0,0,0,0.0,2013 GW137
916,1,1,1,1,1,1.0,2013 GX136
917,0,0,0,0,0,0.0,2013 GX137
918,0,0,0,0,0,0.0,2013 GY137
919,0,0,0,0,0,0.0,2013 GZ137
920,1,1,1,1,1,1.0,2013 HR156
921,0,0,0,0,1,0.0,2013 HS156
922,0,0,0,0,0,0.0,2013 HT156
923,1,1,1,1,1,1.0,2013 HU156
924,0,0,0,0,0,0.0,2013 HV156
925,1,1,1,1,1,1.0,2013 HW156
926,1,1,1,1,1,1.0,2013 HY156
927,0,0,0,0,0,0.0,2013 HZ156
928,1,1,1,1,1,1.0,2013 JA65
929,1,1,1,1,1,1.0,2013 JB65
930,1,1,1,1,1,1.0,2013 JD65
931,1,1,1,1,1,1.0,2013 JE64
932,1,1,1,1,1,1.0,2013 JE65
933,1,1,1,1,1,1.0,2013 JF65
934,1,0,1,1,1,1.0,2013 JG64
935,1,1,1,1,1,1.0,2013 JG65
936,1,1,1,1,1,1.0,2013 JH65
937,1,1,1,1,1,1.0,2013 JJ64
938,1,1,1,1,1,1.0,2013 JJ65
939,1,1,1,1,1,1.0,2013 JK65
940,1,1,1,1,1,1.0,2013 JL65
941,0,1,1,1,0,1.0,2013 JM64
942,0,0,0,0,0,0.0,2013 JM65
943,1,1,1,1,1,1.0,2013 JN64
944,0,0,0,0,0,0.0,2013 JN65
945,0,0,0,0,0,0.0,2013 JO65
946,0,0,0,0,0,0.0,2013 JP65
947,0,0,0,0,0,0.0,2013 JQ65
948,0,0,0,0,0,0.0,2013 JR65
949,0,0,0,0,0,0.0,2013 JS64
950,0,0,0,0,0,0.0,2013 JS65
951,0,0,0,0,0,0.0,2013 JT65
952,0,1,0,1,1,1.0,2013 JU64
953,0,0,0,0,0,0.0,2013 JV63
954,0,0,0,0,0,0.0,2013 JV65
955,0,0,0,0,0,0.0,2013 JW63
956,1,1,1,1,1,1.0,2013 JZ64
957,0,0,0,0,0,0.0,2013 LY35
958,0,0,0,0,0,0.0,2013 MA12
959,10,10,10,10,10,10.0,2013 NK24
960,0,0,0,0,1,0.0,2013 NM24
961,1,1,1,1,1,1.0,2013 PV74
962,0,0,0,0,0,0.0,2013 PW74
963,1,1,1,1,1,1.0,2013 PX74
964,1,1,1,0,1,1.0,2013 QO95
965,1,1,1,1,1,1.0,2013 RB98
966,1,1,1,1,1,1.0,2013 RD98
967,0,0,0,0,0,0.0,2013 RP98
968,0,0,0,0,0,0.0,2013 SP99
969,0,0,0,0,0,0.0,2013 SQ99
970,0,0,0,1,0,0.0,2013 TH159
971,0,0,0,0,0,0.0,2013 TM159
972,1,1,1,1,1,1.0,2013 UF15
973,0,0,1,0,0,0.0,2013 UJ15
974,1,1,1,1,1,1.0,2013 UK15
975,0,0,0,0,0,0.0,2013 UL15
976,1,1,1,1,1,1.0,2013 UM15
977,0,0,0,0,0,0.0,2013 UN15
978,0,0,0,0,0,0.0,2013 UO15
979,0,0,0,0,0,0.0,2013 UP15
980,0,0,0,0,0,0.0,2013 XB26
981,0,0,0,0,0,0.0,2013 XD26
982,1,1,1,1,1,1.0,2014 AL55
983,0,0,0,0,0,0.0,2014 AM55
984,0,0,0,0,0,0.0,2014 BV64
985,0,0,0,0,0,0.0,2014 BX64
986,1,0,1,1,0,1.0,2014 BZ57
987,0,0,0,0,0,0.0,2014 CP23
988,1,1,1,1,1,1.0,2014 CQ23
989,0,0,0,0,0,0.0,2014 DD143
990,0,0,0,0,0,0.0,2014 DE143
991,0,0,0,0,0,0.0,2014 DF143
992,1,1,1,1,1,1.0,2014 DH143
993,0,0,0,0,0,0.0,2014 DJ143
994,1,1,1,1,1,1.0,2014 DK143
995,0,0,0,0,0,0.0,2014 DL143
996,0,0,0,0,0,0.0,2014 DM143
997,0,0,0,0,0,0.0,2014 DN143
998,1,1,1,1,1,1.0,2014 DO143
999,1,1,1,1,1,1.0,2014 DP143
1000,1,1,1,1,1,1.0,2014 DR143
1001,1,1,1,1,1,1.0,2014 DU143
1002,0,0,0,0,0,0.0,2014 EA52
1003,0,0,0,0,0,0.0,2014 EZ51
1004,1,1,1,1,1,1.0,2014 FB62
1005,0,0,0,1,0,0.0,2014 FF72
1006,0,0,0,0,1,0.0,2014 FG72
1007,0,0,0,0,0,0.0,2014 FP43
1008,1,0,0,0,0,0.0,2014 FT71
1009,0,0,0,0,0,0.0,2014 FX61
1010,0,0,0,0,0,0.0,2014 FY71
1011,0,0,0,0,1,0.0,2014 FZ71
1012,1,1,1,1,1,1.0,2014 GC54
1013,1,1,1,1,1,1.0,2014 GE54
1014,1,1,1,1,1,1.0,2014 GF54
1015,1,1,1,1,1,1.0,2014 GJ54
1016,0,0,0,0,0,0.0,2014 GT53
1017,0,0,0,0,0,0.0,2014 GU53
1018,0,0,0,0,0,0.0,2014 GV53
1019,0,0,0,0,0,0.0,2014 GW53
1020,1,1,1,1,1,1.0,2014 GY53
1021,0,0,0,0,0,0.0,2014 GZ53
1022,1,1,1,1,1,1.0,2014 HB200
1023,1,1,1,1,1,1.0,2014 HD200
1024,1,1,1,1,1,1.0,2014 HT199
1025,0,0,0,0,0,0.0,2014 HU199
1026,0,0,0,0,0,0.0,2014 HV199
1027,0,0,0,0,0,0.0,2014 HW199
1028,1,1,1,1,1,1.0,2014 HX199
1029,0,0,0,0,0,0.0,2014 HZ199
1030,1,1,1,1,1,1.0,2014 JK80
1031,1,1,1,1,1,1.0,2014 JL80
1032,0,0,0,0,0,0.0,2014 JM80
1033,1,1,1,1,1,1.0,2014 JP80
1034,1,1,1,1,1,1.0,2014 JQ80
1035,1,1,1,1,1,1.0,2014 JR80
1036,0,0,0,0,0,0.0,2014 JS80
1037,1,1,1,1,1,1.0,2014 JT80
1038,1,1,1,1,1,1.0,2014 KC102
1039,1,1,1,1,1,1.0,2014 KD102
1040,0,0,0,0,0,0.0,2014 KS101
1041,1,1,1,1,1,1.0,2014 KU101
1042,1,1,1,1,1,1.0,2014 KV101
1043,0,0,0,0,0,0.0,2014 KW101
1044,1,1,1,1,1,1.0,2014 KX101
1045,1,1,1,1,1,1.0,2014 KY101
1046,0,0,0,0,0,0.0,2014 LO28
1047,0,0,0,0,0,0.0,2014 LP28
1048,0,0,0,0,0,0.0,2014 LQ28
1049,0,0,0,0,0,0.0,2014 LR28
1050,0,0,0,0,0,0.0,2014 LS28
1051,0,0,0,0,0,0.0,2014 LT28
1052,0,0,0,0,0,0.0,2014 MA70
1053,0,0,0,0,0,0.0,2014 MB70
1054,1,1,1,1,1,1.0,2014 MC70
1055,0,1,1,0,1,1.0,2014 MD70
1056,1,1,1,1,1,1.0,2014 MF70
1057,0,0,0,0,0,0.0,2014 MG70
1058,1,1,1,1,1,1.0,2014 MH70
1059,0,0,0,0,0,0.0,2014 MY69
1060,0,0,0,0,0,0.0,2014 MZ69
1061,0,0,0,0,0,0.0,2014 NB66
1062,0,0,0,0,0,0.0,2014 NZ65
1063,0,0,0,0,0,0.0,2014 OA394
1064,0,0,0,0,0,0.0,2014 OB394
1065,0,0,0,0,0,0.0,2014 OE394
1066,0,0,0,0,0,0.0,2014 OG394
1067,0,0,0,0,0,0.0,2014 OH394
1068,0,0,0,0,0,0.0,2014 OJ394
1069,1,1,1,1,1,1.0,2014 OK394
1070,1,1,1,1,1,1.0,2014 OL394
1071,0,0,0,0,0,0.0,2014 OM394
1072,0,0,0,0,0,0.0,2014 OZ393
1073,0,0,0,0,0,0.0,2014 PN70
1074,0,0,0,0,0,0.0,2014 QA442
1075,0,0,0,0,0,0.0,2014 QE442
1076,0,0,0,0,0,0.0,2014 QF433
1077,0,0,0,0,0,0.0,2014 QL441
1078,1,1,1,1,1,1.0,2014 QM441
1079,1,1,1,1,1,1.0,2014 QO441
1080,0,0,0,0,0,0.0,2014 QU441
1081,0,0,0,0,0,0.0,2014 QW441
1082,0,0,0,0,0,0.0,2014 QX441
1083,1,1,1,1,1,1.0,2014 QY441
1084,1,1,1,1,1,1.0,2014 QZ441
1085,1,1,1,1,1,1.0,2014 RQ63
1086,0,0,0,0,0,0.0,2014 SH349
1087,1,1,1,1,1,1.0,2014 SK349
1088,0,0,1,0,1,0.0,2014 SN350
1089,1,1,1,1,1,1.0,2014 SQ350
1090,0,0,2,1,2,1.0,2014 ST349
1091,1,1,1,1,1,1.0,2014 TA86
1092,0,0,0,0,0,0.0,2014 TC86
1093,0,0,0,0,0,0.0,2014 TD86
1094,0,0,0,0,0,0.0,2014 TE86
1095,0,0,0,0,0,0.0,2014 TF86
1096,0,0,0,0,0,0.0,2014 TT85
1097,0,0,0,0,0,0.0,2014 TW85
1098,0,0,0,0,0,0.0,2014 TX85
1099,1,1,1,1,1,1.0,2014 TZ85
1100,0,0,0,0,0,0.0,2014 UD225
1101,0,0,0,0,0,0.0,2014 UE225
1102,0,0,0,0,0,0.0,2014 UF224
1103,0,0,0,0,0,0.0,2014 UP224
1104,0,0,0,0,0,0.0,2014 UQ224
1105,1,1,1,1,1,1.0,2014 UR224
1106,0,0,0,0,0,0.0,2014 US224
1107,1,1,1,1,1,1.0,2014 UT224
1108,1,1,1,1,1,1.0,2014 UU224
1109,0,0,0,0,0,0.0,2014 VU37
1110,0,0,0,0,0,0.0,2014 WA509
1111,0,0,0,0,0,0.0,2014 WA510
1112,1,1,1,1,1,1.0,2014 WC510
1113,0,0,0,0,0,0.0,2014 WD509
1114,0,0,0,0,0,0.0,2014 WF509
1115,1,1,1,1,1,1.0,2014 WF510
1116,0,0,0,0,0,0.0,2014 WG509
1117,1,1,1,1,1,1.0,2014 WG510
1118,1,1,0,0,0,0.0,2014 WH509
1119,0,0,0,0,0,0.0,2014 WJ509
1120,0,0,0,0,0,0.0,2014 WK509
1121,1,0,1,1,1,1.0,2014 WN509
1122,0,0,0,0,0,0.0,2014 WO509
1123,1,1,1,1,1,1.0,2014 WO510
1124,0,0,0,0,0,0.0,2014 WP509
1125,1,1,1,1,1,1.0,2014 WP510
1126,1,1,1,1,1,1.0,2014 WQ509
1127,1,1,1,1,1,1.0,2014 WQ510
1128,1,1,1,1,1,1.0,2014 WR510
1129,0,0,0,0,0,0.0,2014 WS509
1130,1,1,1,1,1,1.0,2014 WT509
1131,1,1,1,1,1,1.0,2014 WT69
1132,0,0,0,0,0,0.0,2014 WU509
1133,0,0,0,0,0,0.0,2014 WV509
1134,0,0,0,0,0,0.0,2014 WW509
1135,0,0,0,0,0,0.0,2014 WX509
1136,0,0,0,0,0,0.0,2014 WY509
1137,0,0,0,0,0,0.0,2014 WZ509
1138,0,0,0,0,0,0.0,2014 XR40
1139,0,0,0,0,0,0.0,2014 XS40
1140,1,1,1,1,1,1.0,2014 XT40
1141,1,1,1,1,1,1.0,2014 XU40
1142,0,0,0,0,0,0.0,2014 XY40
1143,0,0,0,0,0,0.0,2014 YA50
1144,0,0,0,0,0,0.0,2014 YB50
1145,1,1,1,1,1,1.0,2014 YG50
1146,1,1,1,1,1,1.0,2014 YJ50
1147,1,1,1,1,1,1.0,2015 AJ281
1148,1,1,1,1,1,1.0,2015 AM281
1149,0,0,0,0,0,0.0,2015 AN281
1150,1,1,1,1,1,1.0,2015 BA519
1151,0,0,0,0,0,0.0,2015 BG519
1152,1,1,1,1,1,1.0,2015 BM518
1153,0,0,0,0,0,0.0,2015 BN518
1154,0,0,0,0,0,0.0,2015 BO518
1155,1,1,1,1,1,1.0,2015 BP518
1156,0,0,0,0,0,0.0,2015 BQ518
1157,0,0,0,0,0,0.0,2015 BT518
1158,1,1,1,1,1,1.0,2015 BU518
1159,0,0,0,0,0,0.0,2015 BV518
1160,0,0,0,0,0,0.0,2015 BW518
1161,0,0,0,0,0,0.0,2015 BZ518
1162,0,0,0,0,0,0.0,2015 CL62
1163,0,0,0,0,0,0.0,2015 FG345
1164,1,1,1,0,0,1.0,2015 FJ345
1165,0,0,0,0,0,0.0,2015 FL345
1166,0,0,0,0,0,0.0,2015 FM345
1167,0,0,0,0,0,0.0,2015 FN345
1168,0,1,0,0,0,0.0,2015 FO345
1169,1,1,1,1,1,1.0,2015 FP345
1170,1,1,1,1,1,1.0,2015 FR345
1171,0,0,0,0,0,0.0,2015 FS345
1172,0,0,0,0,0,0.0,2015 FW392
1173,0,0,0,0,0,0.0,2015 GO50
1174,0,0,0,0,0,0.0,2015 GP50
1175,0,0,0,0,0,0.0,2015 GQ50
1176,0,1,1,0,0,0.0,2015 GR50
1177,1,1,1,1,1,1.0,2015 GS50
1178,0,0,0,0,0,0.0,2015 OV79
1179,0,0,0,0,0,0.0,2015 PF312
1180,0,0,0,0,0,0.0,2015 PL312
1181,1,0,0,0,0,0.0,2015 RS245
1182,0,0,0,0,0,0.0,2015 UK84
1183,0,0,0,0,0,0.0,2016 BP81
1184,0,0,0,0,0,0.0,2016 FP59
1185,0,0,0,0,0,0.0,2016 FW59
