Name,a,e,sinI,n,g,s,lam-fit,My
15760,0.00000042,0.0012452,0.0020283,0.000000,0.000521,0.001453,1.2775,100
15789,0.00001053,0.0000743,0.0001098,0.000000,0.000061,0.000032,18.1258,100
15807,0.00018227,0.0005082,0.0001124,0.000005,0.000727,0.000107,140.4697,100
15809,0.00005707,0.0049742,0.0032094,0.000002,0.019235,0.001195,56.4293,100
15810,0.00001037,0.0000228,0.0001258,0.000000,0.000315,0.000031,21.6884,100
15836,0.00000891,0.0000308,0.0006299,0.000001,0.005497,0.000353,19.1055,100
15883,0.00006614,0.0001224,0.0002261,0.000003,0.000029,0.000032,103.9214,100
16684,0.00000119,0.0016862,0.0012080,0.000000,0.000687,0.000478,1.2939,100
19255,0.00000111,0.0005301,0.0010603,0.000000,0.000381,0.002984,1.3168,100
19299,0.00007913,0.0052640,0.0077505,0.000003,0.035580,0.002730,77.0823,100
19308,0.00003543,0.0005974,0.0002626,0.000002,0.002438,0.000137,45.6949,100
19521,0.00077810,0.0004615,0.0003441,0.000022,0.000462,0.000144,744.6033,100
20000,0.00000429,0.0000448,0.0000830,0.000000,0.000032,0.000006,4.2941,100
20108,0.00004506,0.0012711,0.0004227,0.000003,0.036991,0.000930,63.9762,100
24835,0.00012026,0.0000571,0.0002001,0.000004,0.000028,0.000007,123.0031,100
24952,0.00001748,0.0010509,0.0011228,0.000000,0.000161,0.000074,19.7841,100
24978,0.00000062,0.0004722,0.0009978,0.000000,0.000343,0.001425,0.8037,100
28978,0.00002804,0.0061135,0.0015953,0.000000,0.000363,0.000262,16.1077,100
32929,0.00002796,0.0001686,0.0002177,0.000000,0.001500,0.001165,29.3825,100
33001,0.00000035,0.0009824,0.0008281,0.000000,0.000773,0.000484,0.8261,100
33340,0.00001746,0.0001351,0.0002943,0.000000,0.000045,0.000103,23.0467,100
35671,0.00005856,0.0002244,0.0001590,0.000001,0.000231,0.000109,23.9531,100
38083,0.08682126,0.0186185,0.0306126,0.004400,0.509469,0.080679,112244.8236,100
38628,0.00001220,0.0012326,0.0018029,0.000000,0.000726,0.000827,13.3849,100
42301,0.00000755,0.0249628,0.0002217,0.000000,0.004187,0.000174,9.1797,100
45802,0.00000325,0.0063691,0.0001623,0.000000,11.146382,0.000159,3.0114,100
47171,0.00002701,0.0021153,0.0027318,0.000001,0.006945,0.006989,34.0807,100
47932,0.00000685,0.0008549,0.0006163,0.000000,0.001903,0.000589,13.4769,100
48639,0.00037130,0.0002073,0.0009425,0.000009,0.000156,0.000710,229.8127,100
49673,0.00002506,0.0000387,0.0000537,0.000001,0.000015,0.000008,25.4454,100
50000,0.00030986,0.0019011,0.0005052,0.000016,0.001274,0.000292,315.4652,100
52747,0.00004289,0.0003182,0.0005819,0.000002,0.000103,0.001102,45.7074,100
53311,0.00001118,0.0004355,0.0013162,0.000000,0.000257,0.001081,10.3947,100
55565,0.00001432,0.0001180,0.0001453,0.000000,0.000071,0.000041,7.7747,100
55636,0.00135313,0.0002244,0.0001392,0.000060,0.001406,0.000026,1467.2553,100
55637,0.00024389,0.0012263,0.0006486,0.000012,0.001026,0.000687,258.6980,100
55638,0.00002373,0.0033573,0.0035518,0.000001,0.015635,0.002876,27.2941,100
58534,0.00001063,0.0008080,0.0041372,0.000000,0.000193,0.002164,10.1204,100
60454,0.00000141,0.0013430,0.0023025,0.000000,0.000592,0.001406,1.2520,100
60620,0.00016030,0.0032601,0.0032331,0.000006,0.019574,0.004643,130.3345,100
66452,0.00009852,0.0004607,0.0007891,0.000004,0.000217,0.000578,88.8104,100
66652,0.00445150,0.0054180,0.0002770,0.000150,0.019854,0.005891,4333.6260,100
69986,0.00008048,0.0088499,0.0074277,0.000004,0.046471,0.004113,120.7680,100
69987,0.00000134,0.0018827,0.0017625,0.000000,0.000651,0.001313,1.5454,100
69990,0.00001902,0.0000957,0.0001199,0.000000,0.000977,0.000915,23.2855,100
76803,0.04301653,0.0020243,0.0004051,0.002446,0.009116,0.000270,59650.5251,100
79360,0.00000070,0.0021087,0.0006068,0.000000,0.001259,0.000209,1.0213,100
79969,0.00001916,0.0001490,0.0001363,0.000001,0.019396,0.001106,26.8839,100
79978,0.00072178,0.0024373,0.0019276,0.000014,0.016375,0.000864,716.2432,100
79983,0.00003981,0.0005201,0.0003813,0.000003,0.000097,0.000314,101.5048,100
80806,0.00002568,0.0010886,0.0031190,0.000001,0.000602,0.003722,54.3738,100
82075,0.00001683,0.0056605,0.0029371,0.000000,0.000369,0.000154,9.5557,100
82157,0.00341108,0.0004896,0.0002635,0.000196,0.003040,0.001079,5243.6883,100
84522,0.00002517,0.0105916,0.0030567,0.000000,0.002137,0.000358,25.2125,100
84719,0.00001117,0.0026007,0.0018023,0.000000,0.000242,0.000037,9.1125,100
84922,0.00000776,0.0000420,0.0002149,0.000001,0.008828,0.000108,20.3349,100
85627,0.00013088,0.0000955,0.0012760,0.000005,0.000086,0.006420,130.4047,100
85633,0.00000786,0.0000512,0.0001480,0.000000,0.000262,0.001335,7.8289,100
86047,0.00034937,0.0003430,0.0001142,0.000017,0.000141,0.000017,440.8490,100
86177,0.00820830,0.0010172,0.0005200,0.000249,0.005170,0.001101,6469.5411,100
88267,0.00000015,0.0012200,0.0012652,0.000000,0.000830,0.001130,0.9007,100
88268,0.00000047,0.0005821,0.0017018,0.000000,0.000657,0.003451,0.5121,100
88611,0.00000266,0.0026050,0.0011257,0.000000,0.000840,0.000372,2.3440,100
90482,0.00001296,0.0005279,0.0005956,0.000000,0.000253,0.000255,17.1895,100
90568,0.00085558,0.0000839,0.0001660,0.000017,0.000081,0.000021,711.1499,100
91133,0.00001679,0.0021030,0.0056318,0.000002,0.023569,0.004840,45.3509,100
91205,0.00006003,0.0016129,0.0014158,0.000002,0.018594,0.003769,66.0663,100
118228,0.00000600,0.0000631,0.0001379,0.000000,0.001736,0.000049,8.8905,100
118378,0.00005030,0.0002259,0.0003532,0.000003,0.024310,0.001002,54.9997,100
118698,0.00004795,0.0052092,0.0056314,0.000001,0.008467,0.002244,28.1258,100
119066,0.00009843,0.0128820,0.0014789,0.000005,0.036736,0.000114,89.4909,100
119067,0.02204073,0.0148501,0.0068434,0.001308,0.068034,0.033374,26994.8671,100
119069,0.00003465,0.0001058,0.0007557,0.000001,0.003625,0.002630,31.5692,100
119070,0.00001467,0.0002178,0.0003847,0.000001,0.013801,0.003230,33.1448,100
119473,0.00000968,0.0001181,0.0001134,0.000000,0.000337,0.000308,21.2506,100
119951,0.00000424,0.0002869,0.0006042,0.000000,0.000413,0.000201,6.2289,100
119956,0.00003449,0.0041655,0.0023641,0.000002,0.017737,0.002884,52.5585,100
119979,0.00001399,0.0118015,0.0074675,0.000001,0.007199,0.000389,27.0300,100
120132,0.00204361,0.0008221,0.0008717,0.000059,0.006211,0.001461,1883.7217,100
120178,0.00010817,0.0000474,0.0000784,0.000004,0.000051,0.000008,102.4386,100
120347,0.00027785,0.0004231,0.0002109,0.000014,0.000583,0.000122,304.8223,100
120348,0.00127144,0.0002215,0.0001670,0.000076,0.002175,0.000159,1865.0953,100
123509,0.00040673,0.0008960,0.0009027,0.000026,0.000534,0.000578,736.5514,100
126154,0.00000759,0.0001164,0.0009755,0.000000,0.001994,0.000514,12.1066,100
126155,0.00001382,0.0006336,0.0001510,0.000000,0.000111,0.000131,18.1626,100
126719,0.00019328,0.0002025,0.0008058,0.000008,0.000114,0.000237,158.0826,100
127871,0.00001070,0.0000150,0.0013431,0.000001,0.006627,0.001037,16.3125,100
129746,0.00001114,0.0002075,0.0001646,0.000000,0.000704,0.000431,21.7636,100
129772,0.00100969,0.0011962,0.0006464,0.000053,0.040437,0.001456,1050.6945,100
130391,0.14059348,0.0270596,0.0019761,0.005685,0.088536,0.021321,113532.1624,100
131318,0.00000991,0.0005709,0.0002972,0.000001,0.009241,0.000711,23.4296,100
131695,0.00038924,0.0030551,0.0016718,0.000025,0.255721,0.008653,602.9775,100
131697,0.00002447,0.0002502,0.0001968,0.000002,0.036861,0.001910,36.8595,100
133067,0.00003977,0.0028661,0.0030853,0.000002,0.027635,0.001705,52.9196,100
134340,0.00001699,0.0034853,0.0005262,0.000000,0.000215,0.000096,20.1840,100
134568,0.00003947,0.0018558,0.0047405,0.000002,0.001127,0.001210,48.1001,100
134860,0.00020006,0.0126963,0.0005189,0.000008,15.545637,0.000807,194.3642,100
135024,0.00001687,0.0005611,0.0012590,0.000001,0.004572,0.000256,15.7542,100
135182,0.00077234,0.0014537,0.0005793,0.000030,0.009806,0.004849,1227.5325,100
135742,0.00022976,0.0198702,0.0136186,0.000009,0.178414,0.003711,231.9853,100
136108,0.00249891,0.0346967,0.0011919,0.000145,0.045007,0.001072,3852.2873,100
136472,0.00000532,0.0005077,0.0001124,0.000000,0.000100,0.000026,6.1355,100
137294,0.00002698,0.0005385,0.0018699,0.000001,0.000236,0.001687,15.3452,100
138537,0.00138449,0.0021230,0.0035122,0.000059,0.000673,0.001030,1302.0571,100
139775,0.00001981,0.0001454,0.0001710,0.000000,0.001317,0.000837,23.5619,100
143685,0.00004311,0.0070939,0.0262577,0.000001,0.020083,0.013175,56.4504,100
143751,0.00001258,0.0003809,0.0008447,0.000000,0.000484,0.000518,11.6089,100
143991,0.00028860,0.0004354,0.0001541,0.000014,0.000207,0.000017,281.2173,100
144897,0.00011572,0.0000964,0.0019280,0.000009,0.001031,0.000305,267.7305,100
145452,0.00001340,0.0001219,0.0002691,0.000001,0.000022,0.000005,15.6689,100
145453,0.00021364,0.0002110,0.0001354,0.000005,0.000061,0.000010,240.9966,100
148112,0.00000042,0.0008490,0.0007679,0.000000,0.000630,0.000520,0.7348,100
148780,0.00174588,0.0040819,0.0023668,0.000086,0.001023,0.000828,1654.7163,100
149348,0.00168202,0.0003513,0.0005166,0.000052,0.008601,0.000257,1364.4056,100
149349,0.00000611,0.0001418,0.0000953,0.000000,0.000620,0.000038,7.4122,100
150642,0.00012102,0.0006848,0.0005357,0.000004,0.000221,0.000401,98.9566,100
160091,0.00001015,0.0014692,0.0027951,0.000000,0.000330,0.001253,8.7016,100
160147,0.00145786,0.0019273,0.0001463,0.000031,0.067624,0.000695,1181.8379,100
160256,0.00000075,0.0026754,0.0037060,0.000000,0.000854,0.001799,2.3058,100
168700,0.00005903,0.0048209,0.0097616,0.000003,0.036969,0.005382,65.3784,100
168703,0.00177554,0.0072622,0.0097226,0.000060,0.036791,0.010912,1743.1670,100
169071,0.00002439,0.0004309,0.0001205,0.000000,0.006141,0.001218,24.5548,100
174567,0.00224605,0.0000889,0.0002495,0.000091,0.000458,0.000092,2322.1653,100
175113,0.00088819,0.0133972,0.0374705,0.000048,0.020072,0.026827,1118.2886,100
181708,0.00013876,0.0030732,0.0009877,0.000007,0.003740,0.000264,131.7861,100
181855,0.01070720,0.0007189,0.0003115,0.000329,0.001350,0.000472,9375.2994,100
181867,0.00001706,0.0005447,0.0001991,0.000000,0.001668,0.000502,8.6922,100
181868,0.10610212,0.0016591,0.0003312,0.002572,0.011166,0.000860,59929.3302,100
181871,0.00005125,0.0022765,0.0001653,0.000002,0.014195,0.000460,46.1086,100
181874,0.00761785,0.0005049,0.0002930,0.000231,0.009043,0.000942,4637.3345,100
182222,0.00425792,0.0031767,0.0014179,0.000223,0.001272,0.001628,4951.6750,100
182294,0.00101584,0.0037267,0.0025191,0.000060,0.028178,0.001544,1169.4016,100
182397,0.00001623,0.0008053,0.0015595,0.000000,0.001408,0.000174,10.1039,100
182926,0.00003125,0.0002805,0.0021650,0.000001,0.000044,0.003702,28.6010,100
182933,0.00008905,0.0001193,0.0016641,0.000002,0.000030,0.002693,51.7796,100
182934,0.00547640,0.0011027,0.0004381,0.000192,0.001253,0.000615,4310.2823,100
183595,0.00587128,0.0027029,0.0003005,0.000305,0.003897,0.003076,6206.3216,100
183963,0.00027747,0.0000445,0.0004028,0.000013,0.000132,0.002137,276.8427,100
184314,0.00020836,0.0050323,0.0059901,0.000007,0.002578,0.002352,178.8370,100
202421,0.00023556,0.0003709,0.0000955,0.000014,0.000047,0.000010,276.7356,100
208996,0.00001048,0.0001573,0.0001256,0.000000,0.000582,0.000022,11.6392,100
230965,0.00216881,0.0067473,0.0006468,0.000057,0.002282,0.000042,1314.9533,100
275809,0.00000999,0.0001481,0.0003231,0.000001,0.000168,0.001764,11.1906,100
278361,0.04818911,0.0019732,0.0027577,0.000741,0.013340,0.001360,26303.2873,100
303712,0.00031041,0.0014278,0.0039042,0.000008,0.000520,0.001989,307.7184,100
306792,0.00001276,0.0000779,0.0004464,0.000000,0.001976,0.000369,16.5643,100
307251,0.00046032,0.0017704,0.0024979,0.000015,0.000091,0.001449,325.8797,100
307261,0.00090878,0.0010557,0.0004555,0.000051,0.008855,0.000732,1940.8047,100
307463,0.00002578,0.0002708,0.0006538,0.000000,0.003617,0.000248,29.1430,100
307616,0.00005376,0.0039755,0.0016086,0.000002,0.004258,0.000892,48.4308,100
308193,0.00001501,0.0001361,0.0000469,0.000001,0.000065,0.000006,21.0053,100
308379,0.00000949,0.0002962,0.0000811,0.000000,0.000063,0.000013,7.6833,100
308460,0.00000910,0.0000603,0.0000351,0.000001,0.027350,0.001174,24.3769,100
308634,0.00069638,0.0086539,0.0058640,0.000034,0.006430,0.004765,741.4325,100
315530,0.00889783,0.0003373,0.0002731,0.000506,0.007583,0.000240,10029.0294,100
341520,0.00003554,0.0005935,0.0003407,0.000000,0.003683,0.002387,28.7230,100
363330,0.00001187,0.0015135,0.0014195,0.000001,0.000581,0.000937,11.9583,100
363401,0.00001068,0.0007320,0.0039133,0.000000,0.000365,0.002906,10.4726,100
364171,0.00000084,0.0011615,0.0018414,0.000000,0.000436,0.000795,1.0438,100
385185,0.00003884,0.0007738,0.0006988,0.000000,0.003789,0.002700,26.8789,100
385191,0.00000151,0.0003985,0.0004455,0.000000,0.000143,0.000007,5.3895,100
385194,0.00002671,0.0003311,0.0003171,0.000001,0.000304,0.000932,25.7219,100
385199,0.00000166,0.0001838,0.0003636,0.000000,0.000134,0.000433,1.7531,100
385201,0.00000115,0.0002947,0.0001418,0.000000,0.000144,0.000040,2.3604,100
385266,0.00332658,0.0006806,0.0005190,0.000139,0.001615,0.000745,3302.8672,100
385362,0.00001809,0.0034760,0.0059507,0.000001,0.000769,0.001660,17.8410,100
385363,0.00006241,0.0042383,0.0037786,0.000003,0.000729,0.001141,60.1920,100
385437,0.00001897,0.0005010,0.0017258,0.000000,0.000290,0.002010,13.1737,100
385445,0.00001296,0.0000090,0.0000577,0.000000,0.000375,0.000134,25.5196,100
385446,0.00000778,0.0003090,0.0001612,0.000000,0.000334,0.000061,9.9489,100
385447,0.00000168,0.0017878,0.0010589,0.000000,0.000963,0.000409,1.7781,100
385458,0.00001073,0.0000483,0.0003285,0.000001,0.002478,0.000199,11.0435,100
385533,0.00048390,0.0022019,0.0006591,0.000025,0.016484,0.000882,655.7635,100
385571,0.00000294,0.0000964,0.0057745,0.000000,0.000632,0.009597,8.6481,100
385695,0.00000644,0.0000438,0.0028266,0.000000,0.000990,0.056386,8.7893,100
386723,0.00073876,0.0001762,0.0008692,0.000030,0.000135,0.000012,697.5004,100
408832,0.00000296,0.0007087,0.0008297,0.000000,0.000587,0.000726,3.5867,100
415720,0.00369384,0.0122486,0.0072885,0.000129,0.010352,0.004083,3818.2474,100
416400,0.00223834,0.0019620,0.0015772,0.000043,0.000158,0.000488,1551.9269,100
420356,0.00000204,0.0122901,0.0009167,0.000000,15.513890,0.000358,2.9229,100
427581,0.00000446,0.0004307,0.0002365,0.000000,0.000363,0.000043,6.9511,100
427614,0.00006082,0.0000548,0.0003394,0.000002,0.000024,0.000010,61.1483,100
432949,0.00000910,0.0010065,0.0002454,0.000000,0.001250,0.001248,7.1395,100
434194,0.00000182,0.0004802,0.0009225,0.000000,0.000403,0.019021,3.4182,100
434709,0.00008329,0.0081052,0.0040166,0.000005,0.044740,0.001648,97.6204,100
437871,0.00000380,0.0002455,0.0001015,0.000000,0.000206,0.000055,5.2902,100
437915,0.00001359,0.0491373,0.0004389,0.000001,0.013454,0.000343,17.9380,100
438028,0.00001771,0.0001263,0.0001796,0.000000,0.000610,0.000274,21.7625,100
439858,0.00004210,0.0017213,0.0016162,0.000003,0.000317,0.001292,52.7292,100
443843,0.00002361,0.0008140,0.0004373,0.000001,0.000105,0.000211,16.5154,100
444018,0.00009887,0.0003787,0.0006363,0.000003,0.000257,0.000769,74.9029,100
444025,0.00000051,0.0009867,0.0011870,0.000000,0.000557,0.000665,0.8487,100
444030,0.00003162,0.0005600,0.0004478,0.000001,0.000178,0.000069,29.9178,100
444745,0.00001894,0.0009680,0.0012897,0.000001,0.014888,0.000483,29.3165,100
450265,0.00009135,0.0004718,0.0010482,0.000001,0.008572,0.007118,28.3718,100
455171,0.00000299,0.0002099,0.0015682,0.000000,0.000110,0.001818,2.5475,100
455206,0.00000408,0.0001538,0.0004256,0.000000,0.000133,0.000577,3.2759,100
455209,0.00000357,0.0009737,0.0017767,0.000000,0.000231,0.000712,2.4828,100
455502,0.00002197,0.0004660,0.0010135,0.000000,0.001377,0.001297,25.7925,100
456826,0.00000916,0.0010212,0.0005064,0.000000,0.000031,0.000052,14.2498,100
468422,0.00000024,0.0006091,0.0004555,0.000000,0.000889,0.000399,0.5959,100
469306,0.00220535,0.0014431,0.0007613,0.000173,0.014446,0.000712,4048.1688,100
469361,0.00013118,0.0001227,0.0000990,0.000005,0.000026,0.000015,108.8319,100
469362,0.00001472,0.0024838,0.0018550,0.000000,0.003122,0.001222,33.4106,100
469372,0.00000774,0.0000541,0.0001393,0.000000,0.001595,0.000041,10.8954,100
469420,0.00007548,0.0067771,0.0075362,0.000006,0.054509,0.010368,138.7633,100
469421,0.00010732,0.0027168,0.0005116,0.000006,0.064991,0.002459,124.2008,100
469438,0.00001570,0.0002137,0.0024118,0.000001,0.000191,0.003243,16.4742,100
469505,0.00021181,0.0161545,0.0004097,0.000002,0.015424,0.003823,61.6686,100
469506,0.00001226,0.0002264,0.0014397,0.000000,0.001161,0.000664,16.0354,100
469509,0.00000584,0.0016672,0.0020345,0.000000,0.000804,0.001187,4.0840,100
469514,0.00000350,0.0001437,0.0007390,0.000000,0.000089,0.002112,4.4646,100
469584,0.00012659,0.0110302,0.0197741,0.000009,0.086995,0.002826,199.2748,100
469610,0.00000021,0.0001840,0.0005284,0.000000,0.000340,0.001883,0.3253,100
469615,0.00000558,0.0000718,0.0002643,0.000000,0.000040,0.000003,6.6915,100
469704,0.00001502,0.0000283,0.0001047,0.000000,0.000038,0.000022,25.1062,100
469705,0.00001082,0.0009628,0.0027210,0.000000,0.000318,0.002038,8.9517,100
469707,0.00002014,0.0021635,0.0023895,0.000001,0.016099,0.001109,39.2523,100
470027,0.01504973,0.0004135,0.0002451,0.000902,0.004239,0.000668,16423.8948,100
470308,0.00367391,0.0315717,0.0037521,0.000080,0.190430,0.026097,3462.2990,100
470316,0.00714777,0.0016662,0.0007491,0.000182,0.005973,0.001407,6072.4667,100
470443,0.00002493,0.0000278,0.0003880,0.000001,0.000044,0.000018,23.0496,100
470523,0.00000791,0.0003394,0.0001123,0.000000,0.000743,0.000226,7.5165,100
470596,0.00834173,0.0016097,0.0005992,0.000442,0.013508,0.001342,11089.0644,100
471150,0.00269533,0.0009236,0.0002687,0.000126,0.000569,0.000041,2827.0331,100
471196,0.00065537,0.0001775,0.0004677,0.000031,0.002686,0.000058,734.1104,100
471210,0.00208298,0.0004714,0.0007195,0.000062,0.000595,0.000171,1557.3673,100
471288,0.00116367,0.0039703,0.0004392,0.000056,0.038927,0.001049,1578.0161,100
471318,0.00658788,0.0012103,0.0003314,0.000269,0.000820,0.000559,8373.9191,100
471921,0.00000073,0.0000555,0.0001047,0.000000,0.000027,0.000007,0.7703,100
471954,0.00002356,0.0004061,0.0004826,0.000001,0.000083,0.000006,28.1080,100
472231,0.00000716,0.0002554,0.0002608,0.000000,0.000155,0.000099,19.1150,100
472232,0.00000532,0.0000368,0.0001067,0.000000,0.000051,0.000010,5.4634,100
472271,0.00726668,0.0006911,0.0004187,0.000249,0.002194,0.000667,6157.4910,100
483002,0.00006078,0.0038943,0.0004457,0.000002,0.003353,0.000041,46.7190,100
486958,0.00007563,0.0008835,0.0008555,0.000004,0.000509,0.000432,84.5053,100
487581,0.00027475,0.0363754,0.0190337,0.000010,0.023842,0.003295,261.3901,100
488644,0.00007579,0.0015620,0.0019167,0.000004,0.000748,0.001271,74.8087,100
491767,0.00014665,0.0018251,0.0004124,0.000015,0.168762,0.001018,457.4818,100
491768,0.00000963,0.0004453,0.0001095,0.000000,0.000016,0.000014,7.0465,100
493480,0.00018421,0.0004583,0.0001612,0.000008,0.000324,0.000045,254.9188,100
1994ES2,0.00032322,0.0004803,0.0017676,0.000014,0.000273,0.001382,379.2761,100
1994EV3,0.00000053,0.0009216,0.0016826,0.000000,0.000568,0.002009,1.5051,100
1995DB2,0.00004496,0.0005820,0.0018181,0.000002,0.000325,0.001076,43.5387,100
1995DC2,0.00001221,0.0011950,0.0015636,0.000001,0.000617,0.000954,12.0877,100
1995HM5,0.00002895,0.0020959,0.0036924,0.000001,0.009049,0.004728,54.7492,100
1995WY2,0.00000713,0.0000374,0.0008691,0.000000,0.000045,0.002976,9.2881,100
1996KV1,0.00002030,0.0036111,0.0035562,0.000001,0.000684,0.001069,20.3319,100
1996RQ20,0.00000330,0.0009528,0.0003014,0.000000,0.000093,0.000018,2.9956,100
1996RR20,0.00000573,0.0000532,0.0000672,0.000000,0.000023,0.000009,17.8036,100
1996TK66,0.00051898,0.0252980,0.0031560,0.000032,16.430560,0.002295,739.3299,100
1996TS66,0.00019275,0.0071535,0.0062653,0.000005,0.004056,0.002872,149.7565,100
1997CT29,0.00000286,0.0002083,0.0003569,0.000000,0.000217,0.000850,2.9114,100
1997CV29,0.00093882,0.0201656,0.0100493,0.000024,0.322129,0.014295,1097.6509,100
1997QH4,0.00030881,0.0002087,0.0001335,0.000012,0.000052,0.000028,374.3307,100
1997RX9,0.00003788,0.0001656,0.0001818,0.000002,0.000072,0.000003,40.3925,100
1998FS144,0.00000126,0.0009262,0.0001587,0.000000,0.000390,0.000048,4.2076,100
1998HH151,0.00000902,0.0001629,0.0002284,0.000000,0.001411,0.000219,14.3572,100
1998HL151,0.00003022,0.0001869,0.0002374,0.000001,0.000050,0.000030,27.5637,100
1998HN151,0.00780020,0.0003261,0.0007281,0.000393,0.003948,0.000371,9119.1686,100
1998HO151,0.00123564,0.0002452,0.0003965,0.000072,0.002009,0.000091,1795.7125,100
1998HQ151,0.00000424,0.0008342,0.0007401,0.000000,0.003308,0.001222,11.5609,100
1998KS65,0.00000808,0.0001946,0.0005301,0.000000,0.000216,0.001070,7.9545,100
1998KY61,0.00011993,0.0001690,0.0005034,0.000005,0.000221,0.001098,119.6226,100
1998UR43,0.00000545,0.0002089,0.0000960,0.000000,0.000277,0.000151,11.4879,100
1998UU43,0.00005609,0.0017567,0.0016906,0.000005,0.078111,0.002345,95.5318,100
1998WG24,0.00002525,0.0003281,0.0035511,0.000001,0.000151,0.012017,22.3987,100
1998WS31,0.00000519,0.0001141,0.0001634,0.000000,0.000100,0.000012,9.1168,100
1998WV24,0.00001424,0.0001049,0.0007139,0.000001,0.000587,0.000476,18.7600,100
1998WV31,0.00001724,0.0002084,0.0002024,0.000000,0.001065,0.000822,20.5681,100
1998WW31,0.00000061,0.0030351,0.0017429,0.000000,0.000436,0.000769,1.3858,100
1998WX24,0.00000112,0.0003978,0.0007541,0.000000,0.000413,0.001092,1.0083,100
1998WX31,0.00001074,0.0001253,0.0001722,0.000000,0.002123,0.000125,11.1118,100
1998WY24,0.00000369,0.0002918,0.0005040,0.000000,0.000198,0.010103,3.8955,100
1998WY31,0.00004588,0.0005080,0.0033105,0.000002,0.000234,0.003647,41.8961,100
1998WZ31,0.00001928,0.0003821,0.0003749,0.000001,0.010471,0.001789,24.7332,100
1999CB119,0.00000876,0.0017060,0.0016516,0.000000,0.000189,0.000325,7.3309,100
1999CC119,0.00001281,0.0005607,0.0011084,0.000000,0.000337,0.000930,10.1161,100
1999CG154,0.00008545,0.0006741,0.0010726,0.000003,0.000602,0.000396,70.7419,100
1999CH119,0.00005448,0.0001044,0.0001253,0.000002,0.000019,0.000010,56.2831,100
1999CH154,0.00019578,0.0012637,0.0007108,0.000010,0.001757,0.000650,208.6447,100
1999CJ119,0.00000359,0.0022533,0.0020372,0.000000,0.000643,0.000659,3.9346,100
1999CK158,0.00045432,0.0000867,0.0004678,0.000024,0.000099,0.000029,526.2220,100
1999CL119,0.00000064,0.0000256,0.0000205,0.000000,0.000100,0.000010,0.6928,100
1999CM119,0.00033074,0.0003351,0.0012296,0.000016,0.000183,0.002672,324.9395,100
1999CM153,0.00050760,0.0006112,0.0034389,0.000018,0.000211,0.002499,461.3770,100
1999CM158,0.00002923,0.0025723,0.0009213,0.000001,0.004491,0.001737,28.7087,100
1999CN119,0.00000265,0.0006624,0.0006362,0.000000,0.000319,0.000449,2.5372,100
1999CP153,0.00006069,0.0011587,0.0025482,0.000003,0.000565,0.001662,63.4418,100
1999CQ133,0.00001690,0.0013901,0.0005364,0.000000,0.001101,0.000382,27.6229,100
1999CS153,0.00040888,0.0009901,0.0008841,0.000019,0.000496,0.000580,418.3422,100
1999CU153,0.00000182,0.0008966,0.0019581,0.000000,0.000388,0.001216,1.4948,100
1999CW131,0.00710774,0.0020397,0.0010191,0.000338,0.006716,0.001454,7318.1115,100
1999CX131,0.00005661,0.0035400,0.0024314,0.000002,0.019044,0.001684,50.1990,100
1999DA,0.00000054,0.0002329,0.0008455,0.000000,0.000310,0.002286,1.2825,100
1999DH8,0.00001415,0.0014774,0.0020592,0.000001,0.000743,0.001236,11.2857,100
1999GS46,0.00004054,0.0028801,0.0030839,0.000001,0.000411,0.000811,26.7222,100
1999HG12,0.00013771,0.0147209,0.0183608,0.000006,0.061356,0.017321,138.6104,100
1999HH12,0.00000060,0.0012732,0.0005500,0.000000,0.001675,0.000279,1.0738,100
1999HJ12,0.00677475,0.0018358,0.0019530,0.000265,0.001118,0.001498,6821.7356,100
1999HS11,0.00000630,0.0003417,0.0001100,0.000000,0.000561,0.000264,6.8843,100
1999HV11,0.00000182,0.0038264,0.0021080,0.000000,0.001734,0.000763,2.0120,100
1999JD132,0.00000983,0.0006085,0.0001495,0.000001,0.000319,0.000130,10.4549,100
1999KR18,0.00001433,0.0035145,0.0102353,0.000001,0.004486,0.002656,22.3117,100
1999OA4,0.00003270,0.0009264,0.0012734,0.000001,0.000261,0.000729,32.1004,100
1999OC4,0.00000736,0.0000528,0.0001287,0.000000,0.000464,0.000041,6.7099,100
1999OD4,0.00148535,0.0003423,0.0002470,0.000089,0.003177,0.000303,2294.6673,100
1999OG4,0.00000202,0.0000412,0.0002850,0.000000,0.000024,0.000225,1.5175,100
1999OH4,0.00002461,0.0000193,0.0001089,0.000004,0.000036,0.000012,95.2734,100
1999OJ4,0.00002070,0.0001708,0.0000752,0.000000,0.000176,0.000096,6.6255,100
1999OK4,0.00024115,0.0000742,0.0001911,0.000008,0.000063,0.000014,190.8516,100
1999OZ3,0.00004617,0.0010568,0.0024764,0.000002,0.000329,0.001946,45.8698,100
1999RC215,0.00001496,0.0010496,0.0016492,0.000001,0.000628,0.001225,13.7323,100
1999RG215,0.00000231,0.0000634,0.0001881,0.000000,0.000089,0.000324,1.8521,100
1999RK215,0.00001967,0.0004404,0.0005897,0.000001,0.008924,0.000164,26.1488,100
1999RR215,0.00003243,0.0016816,0.0038671,0.000002,0.000351,0.002157,31.9262,100
1999RT214,0.00001308,0.0009431,0.0009220,0.000001,0.000383,0.000331,16.0746,100
1999RV214,0.00000113,0.0000700,0.0000322,0.000000,0.000039,0.000089,0.9422,100
1999RV215,0.00029791,0.0001462,0.0000947,0.000009,0.000200,0.000099,256.3119,100
1999RW214,0.00000044,0.0020204,0.0013061,0.000000,0.001821,0.000747,0.9146,100
1999RW215,0.00005499,0.0004644,0.0024786,0.000001,0.017723,0.009541,32.9219,100
1999RX214,0.00130368,0.0029934,0.0068860,0.000058,0.001050,0.001742,1921.0636,100
1999RX215,0.00001462,0.0000566,0.0003606,0.000001,0.000023,0.000238,11.3600,100
1999RY214,0.00041143,0.0003790,0.0002748,0.000025,0.000870,0.000169,528.4020,100
1999TR11,0.00003884,0.0049164,0.0048826,0.000003,0.036013,0.001628,65.3041,100
1999XY143,0.00009697,0.0000873,0.0000970,0.000004,0.000982,0.000509,88.0653,100
2000AF255,0.00123184,0.0012998,0.0005224,0.000053,0.000312,0.000030,1035.5023,100
2000CE105,0.00000166,0.0001668,0.0008827,0.000000,0.000212,0.001537,2.0356,100
2000CF105,0.00000396,0.0004253,0.0008065,0.000000,0.000277,0.000967,3.5934,100
2000CG105,0.00000384,0.0005829,0.0000346,0.000000,0.000234,0.000025,3.1806,100
2000CJ105,0.00005242,0.0004513,0.0002578,0.000002,0.000104,0.000089,47.3367,100
2000CK105,0.00002132,0.0021092,0.0026741,0.000002,0.016002,0.003425,48.6207,100
2000CL104,0.00000192,0.0000452,0.0001019,0.000000,0.000068,0.001236,3.2902,100
2000CL105,0.00010023,0.0035320,0.0034852,0.000002,0.000749,0.001240,83.3457,100
2000CN105,0.00559799,0.0002908,0.0004113,0.000276,0.001216,0.000361,5501.6548,100
2000CN114,0.00000059,0.0000718,0.0005022,0.000000,0.000101,0.057749,0.6869,100
2000CO105,0.00001602,0.0000639,0.0002811,0.000001,0.000022,0.000016,13.6686,100
2000CP104,0.00212839,0.0027880,0.0018309,0.000114,0.001401,0.001051,2179.3345,100
2000CQ114,0.00000357,0.0008262,0.0021720,0.000000,0.000249,0.000765,2.4314,100
2000FB8,0.00001317,0.0000176,0.0000826,0.000000,0.000296,0.000185,19.7617,100
2000FC8,0.00009153,0.0005869,0.0011569,0.000004,0.000343,0.001367,89.7415,100
2000FF8,0.00004455,0.0045465,0.0050810,0.000002,0.000172,0.001579,39.3840,100
2000FG8,0.00000455,0.0007773,0.0015704,0.000000,0.000460,0.001294,4.2012,100
2000FH8,0.00000023,0.0006543,0.0006641,0.000000,0.000434,0.000664,1.1714,100
2000FR53,0.00001766,0.0006476,0.0003883,0.000001,0.007592,0.000522,22.0120,100
2000FS53,0.00004632,0.0009415,0.0012219,0.000002,0.000667,0.001334,47.8592,100
2000FT53,0.00033891,0.0002652,0.0001854,0.000010,0.000674,0.000276,265.2153,100
2000FX53,0.00343279,0.0038896,0.0032237,0.000153,0.054183,0.001105,4684.5939,100
2000GV146,0.00110487,0.0006235,0.0015925,0.000053,0.000405,0.001483,1059.6188,100
2000GX146,0.00000213,0.0003705,0.0001993,0.000000,0.000898,0.000222,2.0374,100
2000GY146,0.00000421,0.0013014,0.0006500,0.000000,0.000860,0.000331,4.1334,100
2000JF81,0.00004055,0.0004402,0.0010901,0.000001,0.000200,0.000608,38.1511,100
2000KK4,0.00011386,0.0000401,0.0000288,0.000006,0.000096,0.000035,124.6933,100
2000KL4,0.00170711,0.0009880,0.0011779,0.000095,0.026852,0.000526,2345.2072,100
2000OB51,0.00942067,0.0005523,0.0009446,0.000543,0.002294,0.000301,12787.1328,100
2000OH67,0.00001336,0.0019111,0.0004333,0.000000,0.002289,0.000185,13.2371,100
2000ON67,0.00000023,0.0009486,0.0013733,0.000000,0.000755,0.001198,0.8279,100
2000OP67,0.00001362,0.0008480,0.0009075,0.000000,0.001132,0.000848,9.0423,100
2000OU69,0.00002392,0.0022979,0.0023266,0.000001,0.000775,0.000998,24.1730,100
2000PA30,0.00000217,0.0000857,0.0003042,0.000000,0.000027,0.000073,1.8268,100
2000PC30,0.00044740,0.0004308,0.0011138,0.000019,0.000394,0.002012,523.2284,100
2000PD30,0.00004445,0.0008832,0.0002053,0.000002,0.000828,0.000043,45.5786,100
2000PG30,0.00000505,0.0020407,0.0039128,0.000000,0.000510,0.001611,7.4885,100
2000PL30,0.00001542,0.0083795,0.0016511,0.000005,0.050496,0.015210,159.0454,100
2000PM30,0.00000084,0.0006031,0.0012466,0.000000,0.000296,0.000999,1.1292,100
2000PN30,0.00000227,0.0007796,0.0026955,0.000000,0.000289,0.001433,1.6326,100
2000PU29,0.00000134,0.0130079,0.0013415,0.000000,14.755908,0.000442,1.7231,100
2000PW29,0.00000021,0.0004414,0.0010305,0.000000,0.000441,0.000900,0.7157,100
2000PX29,0.00001724,0.0044014,0.0032155,0.000001,0.001863,0.002021,26.2328,100
2000PY29,0.00136197,0.0004825,0.0008516,0.000057,0.000425,0.001242,1177.5909,100
2000QC226,0.00018272,0.0004268,0.0006101,0.000007,0.000263,0.001185,146.2166,100
2000QE226,0.00064317,0.0005111,0.0022412,0.000033,0.000223,0.003492,635.0470,100
2000QL251,0.00001737,0.0019900,0.0020187,0.000000,0.000976,0.000597,13.1432,100
2000QN251,0.00000953,0.0000695,0.0001471,0.000000,0.001417,0.000184,12.6876,100
2000ST331,0.00008513,0.0016122,0.0030487,0.000003,0.000859,0.001645,107.7923,100
2000SY370,0.00002384,0.0002544,0.0000644,0.000000,0.000159,0.000050,27.6685,100
2000WL183,0.00000223,0.0001538,0.0005131,0.000000,0.000054,0.000033,5.1025,100
2000WM183,0.00000367,0.0040066,0.0047055,0.000000,0.000659,0.001425,4.8286,100
2000WN183,0.00159792,0.0009543,0.0035246,0.000069,0.000392,0.002279,1702.5917,100
2000WO183,0.00000036,0.0000885,0.0003878,0.000000,0.000144,0.000654,4.4685,100
2000WT169,0.00000027,0.0000581,0.0001486,0.000000,0.000259,0.000265,0.2972,100
2000WV12,0.00000013,0.0002752,0.0003074,0.000000,0.000460,0.000740,0.5836,100
2000YA2,0.00000149,0.0007763,0.0014237,0.000000,0.000462,0.001077,2.0741,100
2000YB2,0.00067719,0.0000622,0.0002534,0.000033,0.000784,0.000319,1088.6178,100
2000YE2,0.00004667,0.0001761,0.0002995,0.000000,0.000263,0.000258,45.5441,100
2000YF2,0.00000726,0.0001141,0.0005733,0.000000,0.000045,0.001997,5.7285,100
2000YV1,0.00000046,0.0008254,0.0005957,0.000000,0.000749,0.000531,0.7156,100
2000YX1,0.00001984,0.0009564,0.0012979,0.000000,0.000318,0.000437,7.6096,100
2000YZ1,0.01241857,0.0131386,0.0233380,0.000503,0.007011,0.007307,12495.7052,100
2001DB106,0.00000133,0.0027591,0.0024711,0.000000,0.001337,0.001489,1.4167,100
2001DC106,0.00003981,0.0017845,0.0038704,0.000002,0.048787,0.002225,79.1485,100
2001DD106,0.00005003,0.0003793,0.0024368,0.000005,0.000225,0.004339,105.9775,100
2001ES24,0.00000060,0.0011527,0.0015913,0.000000,0.000605,0.001012,1.0024,100
2001FK185,0.00000019,0.0004638,0.0008398,0.000000,0.000378,0.001144,0.5598,100
2001FK193,0.00019256,0.0009492,0.0018116,0.000010,0.001189,0.001172,348.8299,100
2001FL185,0.00013088,0.0008963,0.0023238,0.000006,0.000365,0.001526,144.6872,100
2001FL193,0.00044201,0.0001659,0.0017667,0.000013,0.000047,0.000862,362.4894,100
2001FQ185,0.00000956,0.0000473,0.0001401,0.000000,0.001318,0.000098,14.2602,100
2001FT185,0.00010106,0.0002317,0.0005316,0.000004,0.000028,0.000005,88.1147,100
2001FU172,0.00000965,0.0014062,0.0005972,0.000000,0.000323,0.000042,14.3643,100
2001HA59,0.00230743,0.0009917,0.0007508,0.000055,0.010375,0.000555,2549.4373,100
2001HZ58,0.00000718,0.0002661,0.0002196,0.000000,0.000317,0.002235,8.6002,100
2001KA77,0.00000740,0.0002825,0.0002323,0.000000,0.000022,0.000011,8.5210,100
2001KD77,0.00001599,0.0000179,0.0003201,0.000000,0.000492,0.000108,23.4607,100
2001KE77,0.00923546,0.0002145,0.0001538,0.000290,0.000736,0.000252,7676.3095,100
2001KF76,0.00010066,0.0004278,0.0003968,0.000005,0.000463,0.000262,96.5830,100
2001KH76,0.00003224,0.0021178,0.0031839,0.000001,0.000646,0.000957,35.4663,100
2001KL76,0.00000676,0.0001270,0.0000859,0.000000,0.002126,0.000109,5.7055,100
2001KO77,0.00015246,0.0000811,0.0001845,0.000008,0.000045,0.000011,150.9529,100
2001KW76,0.00593037,0.0042768,0.0083235,0.000116,0.006066,0.002302,5656.4523,100
2001KY76,0.00000620,0.0002498,0.0017306,0.000000,0.001671,0.000932,16.7522,100
2001OG109,0.00001733,0.0003290,0.0001950,0.000001,0.001416,0.000256,18.1834,100
2001OK108,0.00000054,0.0008648,0.0010104,0.000000,0.000861,0.001192,0.8144,100
2001OQ108,0.00000293,0.0005091,0.0000502,0.000000,0.000350,0.000095,2.7248,100
2001OZ108,0.00000527,0.0006362,0.0009111,0.000000,0.000454,0.001343,4.5834,100
2001PK47,0.00029206,0.0048538,0.0107687,0.000019,0.012225,0.013195,394.3207,100
2001QA298,0.00114726,0.0002756,0.0004620,0.000027,0.000094,0.000014,767.7349,100
2001QC298,0.00004187,0.0001050,0.0001053,0.000002,0.000177,0.000028,37.0251,100
2001QD298,0.00001281,0.0019896,0.0020523,0.000001,0.000293,0.001357,14.9572,100
2001QE298,0.00000510,0.0014809,0.0016515,0.000000,0.002131,0.001772,15.2569,100
2001QF331,0.00000771,0.0005634,0.0049313,0.000001,0.003747,0.004035,14.5665,100
2001QH298,0.00001130,0.0000116,0.0000389,0.000000,0.001236,0.000250,16.4072,100
2001QO297,0.00000308,0.0010524,0.0015265,0.000000,0.000555,0.001789,2.5013,100
2001QP297,0.00096754,0.0006992,0.0032198,0.000029,0.000235,0.002859,762.0115,100
2001QQ297,0.00025503,0.0011096,0.0021184,0.000011,0.000391,0.000948,221.0608,100
2001QQ322,0.00001559,0.0011818,0.0017826,0.000001,0.000618,0.001232,13.6674,100
2001QR297,0.00001269,0.0023227,0.0009166,0.000000,0.000979,0.000330,11.0417,100
2001QS322,0.00000019,0.0003364,0.0005523,0.000000,0.000430,0.000705,0.4859,100
2001QW322,0.00000354,0.0017307,0.0005975,0.000000,0.001829,0.000312,3.3268,100
2001QX297,0.00001158,0.0006902,0.0005152,0.000000,0.000842,0.000412,9.8446,100
2001QZ297,0.00000184,0.0007506,0.0011323,0.000000,0.000308,0.000793,1.6836,100
2001RU143,0.00001495,0.0004305,0.0009725,0.000000,0.003413,0.000125,24.1527,100
2001RW143,0.00015507,0.0019514,0.0019281,0.000005,0.000989,0.001234,119.9102,100
2001RX143,0.00001535,0.0020300,0.0013449,0.000000,0.000206,0.000101,15.9872,100
2001RZ143,0.00001357,0.0014763,0.0023511,0.000001,0.000581,0.001176,13.3845,100
2001SE291,0.00003345,0.0001929,0.0020791,0.000001,0.000037,0.005067,25.8580,100
2001UN18,0.00202109,0.0014796,0.0021763,0.000058,0.000592,0.000829,1424.6522,100
2001UP18,0.00034878,0.0107834,0.0025176,0.000007,0.050316,0.001486,232.7821,100
2001VN71,0.00001562,0.0021018,0.0011206,0.000000,0.001247,0.001139,19.8217,100
2001XR254,0.00000244,0.0029211,0.0017031,0.000000,0.001413,0.000876,2.4283,100
2001XU254,0.00000236,0.0042590,0.0037402,0.000000,0.000391,0.001551,4.3024,100
2001XX254,0.00000022,0.0000574,0.0008055,0.000000,0.000164,0.077146,0.2984,100
2002CB225,0.00089363,0.0009202,0.0020029,0.000045,0.000526,0.001558,921.6972,100
2002CD251,0.00000014,0.0013252,0.0015222,0.000000,0.000545,0.001900,0.7317,100
2002CE251,0.00004084,0.0022519,0.0037175,0.000001,0.012142,0.001489,30.9396,100
2002CP154,0.00018519,0.0001118,0.0008617,0.000007,0.000021,0.000530,155.6131,100
2002CS154,0.00005020,0.0003426,0.0009709,0.000002,0.000378,0.001979,47.1068,100
2002CT154,0.00000160,0.0000919,0.0000978,0.000000,0.000109,0.000292,1.3768,100
2002CU154,0.00003166,0.0003452,0.0004577,0.000001,0.000134,0.000119,26.7711,100
2002CW224,0.00004230,0.0032596,0.0041283,0.000002,0.027580,0.008376,49.6110,100
2002CX224,0.00003440,0.0000905,0.0001277,0.000001,0.000028,0.000016,27.3178,100
2002CY154,0.00043959,0.0004122,0.0020658,0.000023,0.000595,0.002459,487.7905,100
2002CY248,0.00000149,0.0021044,0.0020653,0.000000,0.000077,0.000850,1.5105,100
2002CZ154,0.00000167,0.0001835,0.0001411,0.000000,0.000781,0.000266,3.3229,100
2002CZ224,0.00000149,0.0000974,0.0005698,0.000000,0.000087,0.001506,2.2653,100
2002FV6,0.00140105,0.0000946,0.0000606,0.000069,0.000205,0.000388,1257.7492,100
2002FW36,0.00000008,0.0006411,0.0008645,0.000000,0.001027,0.001111,0.4347,100
2002FW6,0.00007313,0.0016852,0.0041388,0.000005,0.076210,0.000898,105.2259,100
2002FX36,0.00000027,0.0008841,0.0011859,0.000000,0.000720,0.000803,0.6832,100
2002GE32,0.00001252,0.0005206,0.0006916,0.000000,0.000168,0.000031,21.2032,100
2002GF32,0.00001073,0.0000321,0.0000673,0.000000,0.000650,0.000772,23.3319,100
2002GH166,0.00003291,0.0009459,0.0002872,0.000000,0.001613,0.002329,24.5899,100
2002GH32,0.00001406,0.0001039,0.0001260,0.000001,0.000014,0.000011,15.5128,100
2002GL32,0.00001230,0.0000329,0.0001055,0.000000,0.001319,0.000174,14.5315,100
2002GR32,0.00002227,0.0003269,0.0002129,0.000000,0.001033,0.000979,22.1808,100
2002GS32,0.00096707,0.0077847,0.0086214,0.000057,0.087191,0.006370,1186.5729,100
2002GV32,0.00000366,0.0000375,0.0000925,0.000000,0.000233,0.000024,10.8349,100
2002GW31,0.00006155,0.0040140,0.0067456,0.000004,0.038276,0.009507,76.3045,100
2002GW32,0.00007358,0.0003763,0.0006513,0.000005,0.082294,0.001637,108.7310,100
2002GY32,0.00000588,0.0000282,0.0001540,0.000000,0.000048,0.000028,8.5197,100
2002PA171,0.00000834,0.0002334,0.0009051,0.000000,0.000143,0.002600,7.7614,100
2002PC171,0.00008588,0.0023042,0.0015603,0.000003,0.000876,0.000591,79.3793,100
2002PD155,0.00000023,0.0064528,0.0010316,0.000000,0.019438,0.000562,1.8716,100
2002PO149,0.00000139,0.0004004,0.0010235,0.000000,0.000331,0.001519,1.5927,100
2002PP149,0.00030702,0.0005737,0.0001618,0.000017,0.000331,0.000077,430.0195,100
2002PU170,0.00008298,0.0004108,0.0000984,0.000000,0.002337,0.002779,45.9603,100
2002PV170,0.00002282,0.0010568,0.0016153,0.000001,0.000450,0.002595,24.2553,100
2002PX170,0.00000340,0.0011658,0.0012479,0.000000,0.000550,0.001686,3.2681,100
2002PY170,0.00002573,0.0014059,0.0009572,0.000002,0.000974,0.000689,30.1105,100
2002VB131,0.00000065,0.0002842,0.0007379,0.000000,0.000288,0.002520,1.2130,100
2002VD131,0.00000100,0.0000893,0.0004504,0.000000,0.000090,0.001340,0.8937,100
2002VD138,0.00002069,0.0005699,0.0005460,0.000001,0.013464,0.000388,25.1660,100
2002VE130,0.00000820,0.0014822,0.0014149,0.000000,0.000323,0.000650,7.3095,100
2002VF130,0.00002539,0.0001595,0.0001342,0.000001,0.000037,0.000014,22.8969,100
2002VF131,0.00000692,0.0009044,0.0015299,0.000000,0.000382,0.000827,6.2033,100
2002VT130,0.00000854,0.0008048,0.0002986,0.000000,0.001331,0.000214,10.4125,100
2002VV130,0.00000472,0.0000497,0.0000478,0.000000,0.000467,0.000106,7.0458,100
2002VX130,0.00001941,0.0014565,0.0053271,0.000001,0.010150,0.002143,31.5566,100
2002WL21,0.00000740,0.0003481,0.0008832,0.000000,0.000315,0.002258,5.4749,100
2002XH91,0.00000193,0.0020168,0.0029741,0.000000,0.000457,0.001613,1.7757,100
2002XV93,0.00002050,0.0003390,0.0000509,0.000001,0.012349,0.000338,28.6829,100
2003FA130,0.00004789,0.0034602,0.0023372,0.000001,0.000327,0.001330,48.0857,100
2003FD128,0.00001256,0.0187148,0.0002149,0.000000,17.225122,0.000100,3.6546,100
2003FL127,0.00000921,0.0002744,0.0010812,0.000000,0.000965,0.000887,18.6617,100
2003FM127,0.00001752,0.0003735,0.0003614,0.000000,0.000084,0.000144,19.2938,100
2003FM129,0.00141870,0.0006466,0.0003241,0.000033,0.002277,0.000351,775.5558,100
2003GF55,0.00001606,0.0021524,0.0012079,0.000001,0.000643,0.000389,14.7822,100
2003HA57,0.00001642,0.0004407,0.0004701,0.000000,0.000727,0.000070,20.1712,100
2003HD57,0.00001023,0.0002012,0.0002599,0.000000,0.002536,0.000061,15.5018,100
2003HE57,0.00016308,0.0016851,0.0011017,0.000012,0.000583,0.000638,256.8144,100
2003HF57,0.00000868,0.0000564,0.0000779,0.000000,0.000017,0.000033,13.6957,100
2003HG57,0.00000270,0.0002428,0.0001920,0.000000,0.000229,0.000159,3.6491,100
2003HH57,0.00001657,0.0004867,0.0021389,0.000000,0.000399,0.002399,12.9627,100
2003HX56,0.00025015,0.0009733,0.0002303,0.000010,0.000100,0.000084,206.5891,100
2003HZ56,0.00000068,0.0002893,0.0000667,0.000000,0.000666,0.000164,0.6482,100
2003KO20,0.00007130,0.0017098,0.0015089,0.000004,0.000678,0.000489,86.4091,100
2003LD9,0.00079598,0.0001849,0.0002053,0.000032,0.000611,0.000163,651.7740,100
2003QA112,0.00012189,0.0001235,0.0003213,0.000005,0.000059,0.000027,148.1283,100
2003QA92,0.00002065,0.0002070,0.0001168,0.000001,0.000089,0.000068,20.0227,100
2003QB112,0.00034175,0.0003870,0.0002101,0.000006,0.000062,0.000034,212.8104,100
2003QB91,0.00001977,0.0011681,0.0001163,0.000001,0.010170,0.000542,30.3214,100
2003QD91,0.00000139,0.0002001,0.0003807,0.000000,0.000244,0.002422,1.4469,100
2003QE112,0.00000098,0.0016069,0.0021857,0.000000,0.000652,0.001327,1.8471,100
2003QE91,0.00001329,0.0031036,0.0022869,0.000001,0.001331,0.001069,15.5714,100
2003QF91,0.00000548,0.0003469,0.0007834,0.000000,0.000442,0.002402,5.5670,100
2003QG91,0.00000382,0.0016327,0.0015391,0.000000,0.000479,0.001428,3.4841,100
2003QJ91,0.00017597,0.0001573,0.0006891,0.000010,0.000102,0.001248,367.5618,100
2003QL91,0.00000081,0.0093845,0.0006880,0.000000,11.107287,0.000310,1.6047,100
2003QN91,0.00094846,0.0046761,0.0038474,0.000061,0.023475,0.007831,1180.6826,100
2003QO91,0.00000818,0.0020098,0.0025368,0.000000,0.000131,0.000778,7.1297,100
2003QQ91,0.00040940,0.0022378,0.0012806,0.000030,0.006279,0.002471,658.8499,100
2003QR91,0.00728178,0.0040308,0.0069194,0.000305,0.000285,0.001842,6211.2525,100
2003QS91,0.00005485,0.0018470,0.0030996,0.000002,0.000329,0.000727,52.9094,100
2003QT91,0.00002588,0.0007344,0.0023249,0.000001,0.000276,0.001552,26.0470,100
2003QV90,0.00000794,0.0003019,0.0008460,0.000000,0.000304,0.001240,7.8146,100
2003QX111,0.00002521,0.0005377,0.0009947,0.000001,0.012230,0.000356,42.0950,100
2003QX113,0.00091485,0.0024644,0.0080430,0.000050,0.000151,0.001213,921.4141,100
2003QX90,0.00000057,0.0005873,0.0005503,0.000000,0.000507,0.000437,0.7553,100
2003QX91,0.00000549,0.0013302,0.0005644,0.000000,0.000423,0.000050,10.1401,100
2003QY111,0.00000411,0.0004010,0.0005601,0.000000,0.000467,0.001099,4.3149,100
2003QY90,0.00000243,0.0003934,0.0007683,0.000000,0.000486,0.001819,2.6776,100
2003QZ111,0.00039975,0.0041581,0.0038397,0.000028,0.000915,0.001416,569.0749,100
2003SN317,0.00000230,0.0006092,0.0003722,0.000000,0.001459,0.000847,8.2500,100
2003SO317,0.00001916,0.0002279,0.0002572,0.000000,0.002470,0.001637,23.7605,100
2003SQ317,0.00154934,0.0010560,0.0001781,0.000036,0.000784,0.000252,1060.3202,100
2003SR317,0.00001334,0.0000393,0.0001072,0.000000,0.000219,0.000019,19.1415,100
2003TH58,0.00085527,0.0072377,0.0005383,0.000048,0.500417,0.002609,1124.5739,100
2003TJ58,0.00031810,0.0000508,0.0001233,0.000013,0.000072,0.001219,296.5965,100
2003TK58,0.00009903,0.0043031,0.0071616,0.000005,0.003047,0.000816,128.7443,100
2003TL58,0.00000688,0.0022402,0.0006202,0.000000,0.001635,0.000339,6.3085,100
2003UB292,0.00000143,0.0000946,0.0004607,0.000000,0.000026,0.000012,1.6078,100
2003UN284,0.00000461,0.0034700,0.0020228,0.000000,0.000837,0.000842,4.1499,100
2003UN292,0.00001471,0.0011569,0.0037875,0.000001,0.000235,0.001718,13.5840,100
2003UT291,0.00000131,0.0004111,0.0010270,0.000000,0.000367,0.003134,1.6818,100
2003UT292,0.00001271,0.0011864,0.0004542,0.000000,0.000427,0.000266,22.6457,100
2003UV292,0.00003745,0.0025400,0.0019864,0.000002,0.018701,0.006346,46.2872,100
2003UY291,0.00001714,0.0007941,0.0016612,0.000000,0.000158,0.000382,10.8901,100
2003UY413,0.00140319,0.0017532,0.0012340,0.000039,0.001417,0.000753,939.7644,100
2003UZ291,0.00002291,0.0014153,0.0017208,0.000001,0.000182,0.000402,16.0518,100
2003WA191,0.00002071,0.0020134,0.0048727,0.000001,0.011290,0.000620,35.0100,100
2003WU188,0.00002018,0.0008141,0.0008694,0.000001,0.000502,0.000780,18.9641,100
2003YJ179,0.00503245,0.0009815,0.0002616,0.000186,0.017421,0.001068,4629.4217,100
2003YK179,0.00051553,0.0001862,0.0002272,0.000052,0.000224,0.000206,1243.2069,100
2003YL179,0.00007972,0.0001452,0.0001156,0.000005,0.000068,0.000070,92.5206,100
2003YM179,0.00000903,0.0001333,0.0002621,0.000000,0.000030,0.000028,9.8683,100
2003YN179,0.00000012,0.0000619,0.0000478,0.000000,0.000433,0.000081,0.2986,100
2003YP179,0.00074965,0.0003089,0.0026728,0.000037,0.000197,0.003396,837.3101,100
2003YR179,0.00000348,0.0038242,0.0016713,0.000000,0.002028,0.001032,3.8403,100
2003YS179,0.00000095,0.0004588,0.0001606,0.000000,0.000749,0.000260,0.8873,100
2003YT179,0.00000068,0.0017611,0.0006578,0.000000,0.001971,0.000337,1.2669,100
2003YU179,0.00049375,0.0008074,0.0022484,0.000018,0.000360,0.001080,409.2760,100
2003YV179,0.00029881,0.0002174,0.0001307,0.000011,0.000201,0.000288,255.3702,100
2003YX179,0.00000393,0.0001643,0.0000774,0.000000,0.000178,0.000286,5.6469,100
2004DH64,0.00001126,0.0001293,0.0003413,0.000000,0.000140,0.000384,9.9252,100
2004DM71,0.00000710,0.0002288,0.0009270,0.000000,0.000308,0.002109,6.4914,100
2004EJ96,0.00002119,0.0004955,0.0007853,0.000000,0.000717,0.000624,23.9394,100
2004EP95,0.00000296,0.0001585,0.0000594,0.000000,0.001245,0.000035,3.0875,100
2004ES95,0.00043337,0.0016737,0.0059123,0.000014,0.000576,0.002832,361.2318,100
2004EV95,0.00001279,0.0001590,0.0001798,0.000000,0.000719,0.000184,12.4218,100
2004FU148,0.00001161,0.0024032,0.0005523,0.000000,0.000178,0.000055,20.2086,100
2004FW164,0.00000954,0.0001698,0.0004926,0.000000,0.001777,0.000015,22.5346,100
2004HA79,0.00000592,0.0004166,0.0002686,0.000000,0.000183,0.000187,12.8375,100
2004HB79,0.00006245,0.0039572,0.0089328,0.000004,0.037178,0.000976,76.6460,100
2004HC79,0.00234009,0.0004513,0.0029790,0.000091,0.000436,0.005176,1974.7373,100
2004HD79,0.00000017,0.0000973,0.0000701,0.000000,0.000123,0.000192,0.2134,100
2004HE79,0.00000080,0.0003996,0.0017134,0.000000,0.000230,0.002435,2.1645,100
2004HG79,0.00000194,0.0004493,0.0001883,0.000000,0.001156,0.000181,1.7503,100
2004HH79,0.00003269,0.0006076,0.0002283,0.000002,0.000190,0.000051,35.4187,100
2004HK79,0.00000866,0.0001770,0.0009081,0.000000,0.000056,0.021751,8.3095,100
2004HL79,0.00062966,0.0043956,0.0010243,0.000032,0.010804,0.001011,631.5078,100
2004HM79,0.00001000,0.0000214,0.0003773,0.000001,0.003422,0.000223,14.4826,100
2004HN79,0.06632188,0.0029677,0.0009373,0.002503,0.018189,0.005220,58390.1677,100
2004HP79,0.00022485,0.0103833,0.0014978,0.000007,0.052852,0.001405,133.7536,100
2004HX78,0.00000588,0.0001229,0.0001510,0.000000,0.002739,0.000041,19.9960,100
2004HY78,0.00002710,0.0004163,0.0003786,0.000001,0.005298,0.002014,23.4960,100
2004HZ78,0.00002267,0.0001430,0.0001803,0.000000,0.001941,0.000890,25.8274,100
2004KB19,0.00000815,0.0006211,0.0008400,0.000000,0.000200,0.000247,16.3676,100
2004KC19,0.00001464,0.0009223,0.0012574,0.000002,0.024282,0.002597,59.0266,100
2004KD19,0.00006937,0.0000373,0.0001500,0.000004,0.000069,0.000021,90.3275,100
2004KE19,0.00011990,0.0012036,0.0011380,0.000005,0.000570,0.000579,116.1702,100
2004KF19,0.00037052,0.0008161,0.0011848,0.000014,0.000440,0.001037,306.7991,100
2004KG19,0.00000560,0.0019772,0.0009340,0.000000,0.001881,0.000464,6.6111,100
2004KH19,0.00473778,0.0005877,0.0005366,0.000257,0.000677,0.000083,5598.6548,100
2004KJ19,0.00030495,0.0005578,0.0003744,0.000005,0.000052,0.000029,271.2990,100
2004KK19,0.00496672,0.0036178,0.0071940,0.000202,0.217891,0.008108,5908.9273,100
2004KM19,0.00000685,0.0008874,0.0041512,0.000001,0.004334,0.001737,18.3542,100
2004LW31,0.00000022,0.0000635,0.0000683,0.000000,0.000143,0.000115,0.3170,100
2004MS8,0.00003924,0.0151539,0.0022069,0.000001,0.013050,0.004296,37.2391,100
2004MT8,0.00003601,0.0001694,0.0009461,0.000001,0.000184,0.017731,34.9545,100
2004MU8,0.00000552,0.0007937,0.0019967,0.000000,0.000306,0.001105,3.8043,100
2004MV8,0.00024374,0.0001114,0.0000827,0.000011,0.000067,0.000020,301.1211,100
2004OJ14,0.02538104,0.0023032,0.0010706,0.000508,0.008217,0.001918,13526.7191,100
2004OP15,0.00249820,0.0001202,0.0000608,0.000101,0.002128,0.000075,3282.8543,100
2004OQ15,0.00002514,0.0046805,0.0011734,0.000001,0.013933,0.000399,33.3812,100
2004PA112,0.00806227,0.0007587,0.0001991,0.000573,0.005603,0.000166,11415.1051,100
2004PB108,0.00001636,0.0000827,0.0002002,0.000001,0.000058,0.000028,12.8712,100
2004PS107,0.00320874,0.0025872,0.0025231,0.000063,0.001104,0.000249,2390.4051,100
2004PT117,0.00000085,0.0017928,0.0018990,0.000000,0.001103,0.001492,1.3132,100
2004PU117,0.00001012,0.0015450,0.0011605,0.000000,0.001751,0.000876,10.5904,100
2004PV117,0.00027828,0.0046203,0.0067389,0.000011,0.000460,0.002078,389.8173,100
2004PW107,0.00284569,0.0019842,0.0001957,0.000091,0.031067,0.001908,3631.7759,100
2004PW117,0.00226060,0.0023379,0.0006633,0.000087,0.010757,0.022860,3274.7527,100
2004PX107,0.00000243,0.0001958,0.0002982,0.000000,0.000116,0.000120,2.9192,100
2004PX117,0.00159256,0.0013119,0.0035057,0.000058,0.002062,0.001781,1474.2285,100
2004PY107,0.00000232,0.0001273,0.0019041,0.000000,0.000157,0.006381,2.5470,100
2004PZ107,0.00000723,0.0004894,0.0003252,0.000001,0.008321,0.000423,19.1699,100
2004QE29,0.00002904,0.0000482,0.0001411,0.000002,0.000029,0.000005,34.3987,100
2004QG29,0.00339774,0.0018572,0.0011678,0.000125,0.000870,0.001129,2607.2943,100
2004QH29,0.00015854,0.0015084,0.0015308,0.000004,0.000765,0.000434,98.7308,100
2004SC60,0.00000929,0.0000514,0.0005009,0.000000,0.000615,0.000589,5.7272,100
2004TV357,0.00001517,0.0017930,0.0019559,0.000000,0.001981,0.000060,18.1859,100
2004TX357,0.00013561,0.0047928,0.0053890,0.000005,0.072758,0.019987,134.1799,100
2004UD10,0.00022474,0.0014788,0.0012035,0.000015,0.001664,0.001026,274.0370,100
2004US10,0.00001195,0.0002014,0.0000799,0.000000,0.001213,0.000137,22.0369,100
2004VA131,0.00001242,0.0005792,0.0016253,0.000001,0.000270,0.001145,10.9701,100
2004VB131,0.00000338,0.0003112,0.0012122,0.000000,0.000175,0.001819,2.9758,100
2004VC131,0.00084646,0.0002969,0.0007585,0.000035,0.001379,0.002353,1312.2663,100
2004VD131,0.00001047,0.0008963,0.0022369,0.000000,0.000360,0.000861,8.7781,100
2004VE131,0.00000523,0.0001786,0.0004895,0.000000,0.000227,0.000083,7.6635,100
2004VF131,0.00001402,0.0003323,0.0012064,0.000000,0.005485,0.003382,13.4176,100
2004VS75,0.00001168,0.0002687,0.0001566,0.000001,0.006019,0.000088,13.5373,100
2004VT75,0.00004356,0.0018256,0.0026240,0.000001,0.016869,0.006576,37.3341,100
2004VU75,0.01667774,0.0038450,0.0011609,0.000984,0.004155,0.001657,17843.9322,100
2004VV130,0.00001246,0.0005198,0.0002491,0.000001,0.005613,0.000119,16.8230,100
2004VX130,0.00001595,0.0003935,0.0005046,0.000001,0.013160,0.000480,19.2469,100
2004VY130,0.00000555,0.0007354,0.0004791,0.000000,0.000881,0.000146,9.7395,100
2004VZ130,0.00003882,0.0005602,0.0002188,0.000000,0.001398,0.002018,21.7024,100
2004VZ75,0.00001340,0.0001163,0.0000485,0.000000,0.000156,0.000123,14.7902,100
2004XX190,0.00000192,0.0002970,0.0028825,0.000000,0.000106,0.002827,2.1161,100
2005BV49,0.00065725,0.0075887,0.0035872,0.000012,0.072632,0.003989,586.8636,100
2005BW49,0.00000621,0.0004298,0.0019067,0.000000,0.000208,0.002470,6.4865,100
2005CA79,0.00032374,0.0197184,0.0106151,0.000008,0.052796,0.002171,187.8169,100
2005CD81,0.00002696,0.0003172,0.0000780,0.000000,0.007395,0.002049,23.9904,100
2005CE81,0.00000248,0.0002852,0.0003586,0.000000,0.000361,0.002097,3.2579,100
2005CF81,0.00000852,0.0000150,0.0002974,0.000001,0.004838,0.000134,13.5715,100
2005CG81,0.00000841,0.0001404,0.0000320,0.000000,0.000037,0.000013,23.4660,100
2005EB318,0.00146791,0.0021511,0.0023374,0.000017,0.015091,0.000828,970.2787,100
2005EC318,0.00000155,0.0002405,0.0001004,0.000000,0.000049,0.000555,2.6066,100
2005EE296,0.00000104,0.0030696,0.0027192,0.000000,0.001072,0.001088,1.7156,100
2005EM303,0.00000056,0.0102158,0.0005406,0.000000,17.375240,0.000228,1.2701,100
2005EN302,0.00000380,0.0008819,0.0019257,0.000000,0.000271,0.000952,3.1591,100
2005EO304,0.00000793,0.0002275,0.0004991,0.000000,0.000128,0.000454,9.9508,100
2005ER318,0.00006863,0.0005171,0.0013614,0.000001,0.006365,0.009194,17.7461,100
2005EW318,0.00206699,0.0003751,0.0003388,0.000072,0.003725,0.000592,2906.7413,100
2005EX297,0.00001497,0.0031356,0.0054331,0.000001,0.000780,0.002264,11.6866,100
2005EX318,0.00005035,0.0026265,0.0033455,0.000003,0.025400,0.002041,59.9344,100
2005EZ300,0.00007006,0.0044387,0.0034589,0.000002,0.022250,0.004004,67.7907,100
2005GA187,0.00001479,0.0065954,0.0017382,0.000000,0.000691,0.000294,16.3315,100
2005GC187,0.00140668,0.0017123,0.0033008,0.000050,0.006440,0.003212,1404.5350,100
2005GD187,0.00000998,0.0010832,0.0006314,0.000000,0.001755,0.000599,9.7474,100
2005GF187,0.00002401,0.0018836,0.0045122,0.000002,0.020333,0.004983,45.9293,100
2005GV210,0.00001392,0.0004141,0.0003942,0.000000,0.003886,0.000129,23.0188,100
2005GX186,0.00000065,0.0017481,0.0004572,0.000000,0.001310,0.000189,0.9446,100
2005JA175,0.00017297,0.0030724,0.0013442,0.000010,0.006381,0.001285,191.5481,100
2005JB186,0.00029326,0.0002110,0.0001722,0.000015,0.000094,0.000071,334.1688,100
2005JH177,0.00460533,0.0006319,0.0003986,0.000065,0.004619,0.000829,4248.3510,100
2005JJ186,0.00000214,0.0012470,0.0025117,0.000000,0.000391,0.001357,1.9171,100
2005JK186,0.00158733,0.0007577,0.0003151,0.000033,0.001217,0.000441,1370.0968,100
2005JP179,0.00000034,0.0015307,0.0013230,0.000000,0.001166,0.001057,1.0872,100
2005JR179,0.00000813,0.0001244,0.0002281,0.000000,0.000040,0.000192,6.4547,100
2005JY185,0.00000244,0.0010035,0.0020456,0.000000,0.000511,0.001521,2.2683,100
2005JZ174,0.00414831,0.0015510,0.0013640,0.000190,0.000598,0.000383,4593.5884,100
2005LA54,0.00000427,0.0051411,0.0023534,0.000000,0.000641,0.000787,4.6082,100
2005LB54,0.00575620,0.0020314,0.0001778,0.000147,0.004076,0.000759,4963.6323,100
2005PL21,0.00250085,0.0010826,0.0025081,0.000100,0.000321,0.000773,2525.1319,100
2005PS21,0.00337485,0.0008622,0.0003670,0.000172,0.001564,0.000872,6414.0086,100
2005RQ43,0.00006035,0.0001031,0.0002083,0.000003,0.000029,0.000009,70.2373,100
2005SD278,0.00001404,0.0025731,0.0030381,0.000000,0.000036,0.000063,9.9284,100
2005SE278,0.00000704,0.0000968,0.0001207,0.000000,0.000660,0.000081,8.1186,100
2005SF278,0.00005635,0.0057645,0.0085595,0.000001,0.010107,0.001426,36.8728,100
2005TN53,0.00000599,0.0000659,0.0000507,0.000000,0.000589,0.000609,8.7276,100
2005TN74,0.00006583,0.0073736,0.0121427,0.000001,0.012138,0.010552,47.1029,100
2005TV189,0.00003935,0.0016254,0.0005674,0.000002,0.018517,0.000089,65.7181,100
2005VA123,0.00003204,0.0024504,0.0103043,0.000001,0.012252,0.007592,56.3104,100
2006AO98,0.02120924,0.0033459,0.0011443,0.001062,0.011998,0.002283,26661.5321,100
2006BR284,0.00001068,0.0005994,0.0008674,0.000000,0.000331,0.000881,9.3354,100
2006CH69,0.00000135,0.0001303,0.0001431,0.000000,0.000139,0.000255,0.2630,100
2006HA123,0.00000035,0.0014911,0.0020176,0.000000,0.000630,0.001441,0.9949,100
2006HB123,0.00001725,0.0005203,0.0021625,0.000001,0.000345,0.002410,16.6952,100
2006HN122,0.00074152,0.0014754,0.0017505,0.000015,0.001412,0.001446,473.2781,100
2006HP122,0.00076911,0.0017814,0.0021411,0.000022,0.000349,0.001015,681.5950,100
2006HW122,0.00001080,0.0002126,0.0005408,0.000000,0.000123,0.000667,9.3250,100
2006JU58,0.00000376,0.0014306,0.0012752,0.000000,0.000061,0.000227,2.4499,100
2006JV58,0.00000121,0.0002521,0.0005821,0.000000,0.000217,0.000620,1.2371,100
2006QF181,0.00000194,0.0005509,0.0014575,0.000000,0.000296,0.001226,1.8351,100
2006QQ180,0.00000859,0.0002247,0.0004813,0.000000,0.001371,0.000186,12.0325,100
2006QR181,0.00012028,0.0003246,0.0003402,0.000005,0.000018,0.000059,102.6041,100
2006SE415,0.00009007,0.0000753,0.0000987,0.000008,0.000100,0.000010,201.2035,100
2006SF415,0.00000108,0.0003172,0.0001048,0.000000,0.000016,0.000008,1.8001,100
2006SH415,0.00013249,0.0010896,0.0006419,0.000003,0.001212,0.000843,104.7436,100
2006TO130,0.00000373,0.0000900,0.0015420,0.000000,0.001633,0.000462,5.3453,100
2006TP130,0.00007271,0.0004830,0.0005349,0.000001,0.013245,0.007034,32.7888,100
2006UO321,0.00410015,0.0011828,0.0005919,0.000192,0.019817,0.002687,4638.4047,100
2006UZ184,0.00001140,0.0013023,0.0011787,0.000000,0.000658,0.000519,21.8082,100
2006WF206,0.00004220,0.0000346,0.0000900,0.000002,0.000133,0.001127,44.7157,100
2006WG206,0.00053775,0.0011584,0.0011829,0.000004,0.021667,0.005138,442.0774,100
2006WS195,0.00001154,0.0008599,0.0005729,0.000000,0.000317,0.000085,13.3545,100
2007CQ79,0.00002170,0.0004488,0.0008709,0.000000,0.000194,0.000517,14.2540,100
2007CR79,0.00606037,0.0003952,0.0001409,0.000231,0.001596,0.000237,5371.0735,100
2007CS79,0.00000820,0.0012573,0.0011133,0.000000,0.000578,0.000430,8.0014,100
2007DS101,0.00000053,0.0007828,0.0023280,0.000000,0.000356,0.001775,1.2378,100
2007FM51,0.00014681,0.0007689,0.0001189,0.000004,0.000017,0.000048,134.8583,100
2007FO51,0.00169926,0.0019135,0.0010883,0.000044,0.001939,0.001628,1142.3036,100
2007FP51,0.00237600,0.0015009,0.0007870,0.000101,0.007071,0.000861,2430.4747,100
2007HV90,0.00006052,0.0002679,0.0009668,0.000002,0.000239,0.001914,54.0850,100
2007JF45,0.00000818,0.0020884,0.0001521,0.000000,0.003994,0.000665,19.6742,100
2007LE38,0.00001456,0.0033205,0.0010633,0.000000,0.001711,0.000105,11.8344,100
2007PS45,0.00030991,0.0207989,0.0084080,0.000003,0.020186,0.005189,72.6704,100
2007RL314,0.00219673,0.0002416,0.0001721,0.000046,0.021797,0.000207,2303.1913,100
2007RT15,0.00001043,0.0005772,0.0011162,0.000000,0.000241,0.000176,15.7862,100
2007RW326,0.01658564,0.0006022,0.0003988,0.001081,0.007157,0.000759,19088.9401,100
2007RX326,0.00542542,0.0001839,0.0001832,0.000119,0.000170,0.000054,4065.8327,100
2007RY326,0.00165635,0.0012508,0.0002729,0.000125,0.002331,0.000171,2378.0798,100
2007TD418,0.00044991,0.0021199,0.0018798,0.000017,0.000283,0.000569,406.8744,100
2007TZ417,0.00109819,0.0005957,0.0003958,0.000078,0.003120,0.000522,1402.5308,100
2007VJ302,0.00000190,0.0104681,0.0043219,0.000000,0.001183,0.002015,2.7634,100
2008AQ118,0.00000852,0.0001147,0.0000698,0.000000,0.000016,0.000010,10.2916,100
2008LC18,0.00000441,0.0000917,0.0002167,0.000000,0.000130,0.000201,8.9619,100
2008QB43,0.00000478,0.0004833,0.0001313,0.000000,0.001556,0.000021,7.4701,100
2008SO266,0.00003450,0.0029631,0.0051813,0.000003,0.038515,0.001556,77.2138,100
2008SP266,0.00324055,0.0002073,0.0001098,0.000172,0.003257,0.000163,3781.3814,100
2009DL143,0.00001668,0.0024812,0.0007798,0.000001,0.002252,0.000512,13.0025,100
2009DN143,0.00001797,0.0009162,0.0001113,0.000000,0.000754,0.000429,24.5382,100
2009DR143,0.00008516,0.0029481,0.0035042,0.000003,0.000600,0.001090,74.8144,100
2009DS143,0.00147516,0.0003664,0.0006294,0.000045,0.000146,0.000378,1137.2290,100
2009JZ18,0.00913648,0.0031051,0.0015360,0.000011,0.020731,0.020506,2403.0235,100
2009KL30,0.01945205,0.0003047,0.0003273,0.000580,0.001652,0.000243,14722.9816,100
2009KO30,0.00013068,0.0031375,0.0015689,0.000007,0.000353,0.000454,135.8299,100
2009UF156,0.00000010,0.0004717,0.0009583,0.000000,0.000395,0.002657,0.6345,100
2010AH2,0.00000778,0.0000246,0.0001287,0.000000,0.000105,0.000034,11.9068,100
2010EL139,0.00005728,0.0013418,0.0002552,0.000003,0.027673,0.002066,58.3738,100
2010FX86,0.00000305,0.0002595,0.0001588,0.000000,0.000031,0.000019,2.6414,100
2010JK124,0.00079372,0.0042789,0.0017552,0.000058,0.008946,0.004222,1297.5784,100
2010KZ39,0.00001178,0.0000765,0.0005253,0.000000,0.000061,0.000007,10.9342,100
2010LB136,0.00002917,0.0005943,0.0002036,0.000000,0.001657,0.000922,24.8832,100
2010LP68,0.00008142,0.0006704,0.0025102,0.000005,0.072859,0.007435,171.8816,100
2010MQ116,0.00186241,0.0094815,0.0059862,0.000048,0.036909,0.002351,2032.6689,100
2010OO127,0.00018018,0.0045494,0.0024573,0.000007,0.010964,0.001804,266.4332,100
2010PP81,0.04798021,0.0012744,0.0008709,0.000708,0.001789,0.000333,20720.2374,100
2010RD188,0.00003384,0.0000310,0.0000903,0.000002,0.000038,0.000007,48.3837,100
2010RE188,0.00011692,0.0026889,0.0033048,0.000004,0.000178,0.000874,105.0794,100
2010RF43,0.00880912,0.0023259,0.0011016,0.000230,0.001014,0.000550,5202.6682,100
2010RF64,0.00044000,0.0000819,0.0001673,0.000026,0.000078,0.000034,592.1205,100
2010RN64,0.00008524,0.0000875,0.0001288,0.000007,0.000023,0.000016,140.4384,100
2010RO64,0.00000581,0.0001687,0.0001198,0.000000,0.000027,0.000022,8.4202,100
2010SS43,0.00015711,0.0042289,0.0001307,0.000005,0.000313,0.000015,163.1178,100
2010TA192,0.00034034,0.0000463,0.0002033,0.000017,0.000142,0.000033,339.1883,100
2010TD192,0.00000050,0.0021066,0.0017745,0.000000,0.001170,0.001072,1.5008,100
2010TE192,0.00040527,0.0000451,0.0002064,0.000023,0.000368,0.000020,514.1241,100
2010TF192,0.00000810,0.0001714,0.0005068,0.000000,0.000249,0.001544,9.3598,100
2010TG192,0.00000138,0.0010852,0.0016131,0.000000,0.000655,0.001157,1.9390,100
2010TJ182,0.00002036,0.0006444,0.0003408,0.000001,0.005584,0.002041,31.9340,100
2010TK192,0.00000172,0.0001435,0.0000660,0.000000,0.000263,0.000022,1.3841,100
2010TL182,0.00001295,0.0000763,0.0003261,0.000001,0.000128,0.001514,11.4435,100
2010TM182,0.00001193,0.0000416,0.0001880,0.000000,0.000461,0.000028,19.2980,100
2010TN182,0.00001495,0.0002533,0.0003120,0.000000,0.001024,0.000764,26.3067,100
2010TP182,0.00217392,0.0018604,0.0008492,0.000029,0.018273,0.001407,1315.0110,100
2010TT191,0.00000462,0.0000436,0.0013756,0.000000,0.000993,0.000802,8.8462,100
2010VK201,0.00000339,0.0000506,0.0001630,0.000000,0.000081,0.000014,3.4198,100
2010VL201,0.00006695,0.0001053,0.0000809,0.000004,0.056671,0.000630,108.7689,100
2010VQ11,0.00039202,0.0001156,0.0001268,0.000019,0.000056,0.000035,364.9468,100
2010VR11,0.00227415,0.0002776,0.0001953,0.000066,0.003282,0.000100,2217.9020,100
2010VV224,0.00329012,0.0009798,0.0005532,0.000107,0.007571,0.000597,2651.1178,100
2010VX11,0.00001507,0.0006234,0.0014993,0.000000,0.000190,0.000065,10.8245,100
2010VX224,0.06150095,0.0213771,0.0164779,0.003202,0.299504,0.027312,74646.9104,100
2011BS163,0.00002057,0.0004078,0.0002968,0.000001,0.000215,0.000069,28.5640,100
2011BV163,0.00013130,0.0018381,0.0041725,0.000005,0.000337,0.001937,119.1937,100
2011CX119,0.00240159,0.0014943,0.0002658,0.000126,0.007996,0.000497,2961.9653,100
2011HE103,0.00034059,0.0049089,0.0029278,0.000016,0.002426,0.001044,345.9575,100
2011HF103,0.00000545,0.0033163,0.0031925,0.000000,0.000662,0.001503,4.9487,100
2011HM102,0.00000304,0.0001116,0.0004395,0.000000,0.000043,0.000071,8.7686,100
2011HZ102,0.00000052,0.0075403,0.0001870,0.000000,12.148803,0.000172,1.0830,100
2011JW31,0.00034905,0.0014999,0.0044162,0.000011,0.000494,0.001020,251.9999,100
2011JX31,0.00002262,0.0009974,0.0028307,0.000001,0.000381,0.001875,31.1641,100
2011JY31,0.00000688,0.0033401,0.0026367,0.000000,0.001097,0.001045,8.2600,100
2011OA60,0.01606369,0.0015943,0.0005721,0.000732,0.011889,0.000239,19368.2173,100
2011SO277,0.00002358,0.0000759,0.0207791,0.000000,0.012608,0.017304,8.8157,100
2011UA411,0.00011141,0.0009593,0.0015710,0.000001,0.014586,0.007252,38.5268,100
2011UA412,0.00009362,0.0020885,0.0047183,0.000003,0.000794,0.001412,85.7077,100
2011UA413,0.00009649,0.0017695,0.0029767,0.000005,0.063589,0.004012,121.4957,100
2011UB412,0.00000428,0.0000966,0.0001489,0.000000,0.000030,0.000017,3.9381,100
2011UC411,0.00001253,0.0002697,0.0002827,0.000000,0.001071,0.000853,23.0498,100
2011UC412,0.00069753,0.0035616,0.0034707,0.000040,0.002303,0.002483,844.6222,100
2011UD411,0.00004715,0.1025127,0.0027761,0.000001,0.014416,0.004087,33.9008,100
2011UD412,0.00143684,0.0032274,0.0018888,0.000119,0.000231,0.000679,2238.4506,100
2011UE412,0.00000463,0.0000578,0.0001050,0.000000,0.000015,0.000008,4.8836,100
2011UF412,0.00000044,0.0008811,0.0001279,0.000000,0.002031,0.000067,0.7237,100
2011UG411,0.00052641,0.0156213,0.0050200,0.000016,0.024622,0.002150,405.7568,100
2011UG412,0.00000532,0.0015498,0.0038678,0.000000,0.000599,0.001274,4.1965,100
2011UH411,0.00012961,0.0128527,0.0007181,0.000005,0.007401,0.000374,110.7639,100
2011UH412,0.00000960,0.0003019,0.0001266,0.000000,0.000329,0.000111,13.2020,100
2011UJ411,0.00000529,0.0000600,0.0001251,0.000000,0.000141,0.000015,5.6861,100
2011UJ412,0.00000401,0.0001131,0.0000880,0.000000,0.000088,0.000002,3.9814,100
2011UK411,0.00000835,0.0004478,0.0001644,0.000000,0.001690,0.000149,7.2129,100
2011UK412,0.00007738,0.0000881,0.0002355,0.000004,0.000062,0.000005,117.4814,100
2011UK413,0.00000405,0.0004136,0.0003548,0.000000,0.001566,0.000126,5.5229,100
2011UL411,0.00000874,0.0003705,0.0002452,0.000000,0.004822,0.000567,12.6831,100
2011UL412,0.00003633,0.0003449,0.0002366,0.000002,0.000205,0.000049,37.9220,100
2011UM411,0.00000410,0.0002292,0.0002386,0.000000,0.001169,0.000140,5.7699,100
2011UM412,0.00001683,0.0003415,0.0002251,0.000000,0.000063,0.000029,12.2314,100
2011UN411,0.00000718,0.0003208,0.0000794,0.000000,0.000246,0.000041,7.7814,100
2011UN412,0.00297397,0.0011627,0.0005350,0.000166,0.002452,0.000192,3997.3432,100
2011UO411,0.00000999,0.0010235,0.0001694,0.000001,0.006706,0.000597,9.2090,100
2011UP410,0.00002118,0.0000385,0.0001394,0.000000,0.000438,0.000363,25.4874,100
2011UQ410,0.00000770,0.0001186,0.0003876,0.000000,0.000264,0.000096,15.7751,100
2011UR410,0.00001169,0.0052069,0.0015904,0.000000,0.000282,0.000081,13.6784,100
2011US410,0.00001240,0.0002434,0.0005506,0.000000,0.000281,0.000299,21.3872,100
2011US412,0.04317174,0.0112392,0.0025659,0.001167,0.029331,0.008643,34238.2794,100
2011UT410,0.00002940,0.0002505,0.0001757,0.000001,0.004366,0.002767,28.1167,100
2011UT412,0.00156495,0.0003617,0.0005121,0.000077,0.001796,0.000183,1448.5120,100
2011UU410,0.00004292,0.0032876,0.0027353,0.000001,0.014954,0.001034,48.9965,100
2011UU411,0.00000945,0.0012026,0.0011105,0.000000,0.000584,0.000501,8.3115,100
2011UV410,0.00001444,0.0012202,0.0023907,0.000002,0.015281,0.009447,41.7455,100
2011UV411,0.00006565,0.0031672,0.0033383,0.000003,0.000947,0.001807,67.4457,100
2011UW410,0.00003174,0.0029369,0.0040863,0.000002,0.016431,0.000768,49.5131,100
2011UW411,0.01168729,0.0071547,0.0010823,0.000444,0.112756,0.005025,13373.9092,100
2011UX411,0.03380827,0.0074820,0.0249802,0.001440,0.181683,0.034742,41083.6582,100
2011UY410,0.00004564,0.0012440,0.0010468,0.000002,0.022465,0.000730,51.6746,100
2011UY411,0.00026277,0.0027153,0.0033071,0.000012,0.000925,0.001336,263.1299,100
2011UZ410,0.00001259,0.0000317,0.0000878,0.000000,0.001363,0.000418,16.3709,100
2011UZ411,0.00000068,0.0003682,0.0004520,0.000000,0.000261,0.000283,0.3834,100
2011UZ412,0.00001051,0.0000414,0.0007159,0.000000,0.002419,0.000200,13.2248,100
2011VJ24,0.00003656,0.0042112,0.0055128,0.000005,0.047416,0.009878,122.5828,100
2011XJ4,0.00811830,0.0003053,0.0003257,0.000362,0.001513,0.000377,7253.9802,100
2012BV154,0.00021593,0.0001088,0.0001080,0.000007,0.000059,0.000245,214.8618,100
2012BY154,0.00000387,0.0000347,0.0000980,0.000000,0.000576,0.000162,6.7600,100
2012CS57,0.00000117,0.0001139,0.0000937,0.000000,0.000065,0.000008,1.7031,100
2012DA99,0.00000091,0.0011818,0.0015716,0.000000,0.000913,0.001124,0.8206,100
2012DB99,0.00000852,0.0000319,0.0001298,0.000000,0.000304,0.000274,16.4813,100
2012DW98,0.00001969,0.0000729,0.0001178,0.000000,0.000101,0.000012,45.1849,100
2012DX98,0.02130542,0.0143590,0.0064709,0.000913,0.122200,0.018615,20497.4631,100
2012DZ98,0.00001001,0.0006869,0.0009759,0.000000,0.000993,0.001419,11.5160,100
2012FH84,0.00001818,0.0002117,0.0010163,0.000000,0.000064,0.000229,8.8109,100
2012FK84,0.00045622,0.0001653,0.0000710,0.000010,0.000025,0.000027,299.8324,100
2012HE85,0.00002137,0.0003858,0.0005179,0.000001,0.000213,0.000209,36.2145,100
2012HG84,0.00001661,0.0001475,0.0002377,0.000001,0.000184,0.000048,18.5608,100
2012HL85,0.00000924,0.0001852,0.0001397,0.000000,0.000307,0.000047,11.4622,100
2012HZ84,0.01572786,0.0039889,0.0047871,0.000541,0.001309,0.002555,11862.2876,100
2012JH67,0.00003922,0.0060999,0.0066912,0.000002,0.017370,0.000324,46.4783,100
2012KW51,0.00033592,0.0091962,0.0100913,0.000010,0.039275,0.000857,244.6991,100
2012OL6,0.00008002,0.0013432,0.0028178,0.000002,0.000021,0.000534,46.1956,100
2012SB67,0.00000228,0.0001798,0.0010898,0.000000,0.000037,0.000013,1.6164,100
2012TC324,0.00000604,0.0002942,0.0000366,0.000000,0.000610,0.000131,7.5816,100
2012TD324,0.00001966,0.0005449,0.0011619,0.000000,0.001710,0.000078,29.3323,100
2012TE324,0.00003814,0.0021187,0.0032631,0.000001,0.000691,0.001057,37.4767,100
2012TF324,0.00003767,0.0043967,0.0030741,0.000002,0.002512,0.002157,38.9661,100
2012UB178,0.00010684,0.0065600,0.0035694,0.000005,0.005329,0.002759,107.7910,100
2012UC178,0.00002367,0.0031801,0.0074092,0.000003,0.027411,0.012016,68.6733,100
2012UE178,0.00000304,0.0003708,0.0003900,0.000000,0.000172,0.000508,3.0681,100
2012UG177,0.00001521,0.0070347,0.0001907,0.000000,0.000263,0.000173,22.5673,100
2012UH177,0.00001125,0.0001650,0.0003054,0.000000,0.000957,0.000035,15.9351,100
2012UL177,0.00073361,0.0030151,0.0010877,0.000018,0.019160,0.000807,726.9397,100
2012UM177,0.00000116,0.0002993,0.0001543,0.000000,0.000033,0.000010,2.0223,100
2012UN177,0.00006318,0.0000621,0.0002033,0.000003,0.000036,0.000011,77.1038,100
2012UO177,0.00055338,0.0006276,0.0003124,0.000034,0.015627,0.000621,765.2317,100
2012UP177,0.00464301,0.0002713,0.0000682,0.000143,0.000707,0.000111,3714.3228,100
2012UT177,0.00022874,0.0001216,0.0010541,0.000009,0.000362,0.000028,192.3230,100
2012VR113,0.00000475,0.0011725,0.0009127,0.000000,0.000821,0.000060,6.9216,100
2012XR157,0.00000834,0.0004853,0.0005166,0.000000,0.000089,0.000030,7.2718,100
2012YO9,0.00001011,0.0020613,0.0023268,0.000000,0.000797,0.000713,12.0502,100
2013AQ183,0.00001075,0.0022704,0.0065881,0.000000,0.001058,0.002264,8.6754,100
2013BN82,0.00002521,0.0057790,0.0079765,0.000000,0.000612,0.001847,12.9816,100
2013CD223,0.00000574,0.0002835,0.0008547,0.000000,0.000859,0.000377,10.3826,100
2013EC138,0.04253310,0.0058140,0.0072182,0.000951,0.015313,0.016803,29932.3800,100
2013EJ154,0.00005917,0.0003312,0.0001811,0.000002,0.000088,0.000056,37.9105,100
2013EM149,0.00000202,0.0006729,0.0007585,0.000000,0.000286,0.000336,2.0088,100
2013FA28,0.00000011,0.0012823,0.0009566,0.000000,0.000629,0.000376,0.5900,100
2013FB28,0.00000974,0.0000284,0.0000814,0.000000,0.000034,0.000005,8.7120,100
2013FD28,0.00008846,0.0026891,0.0013356,0.000004,0.038639,0.015267,102.1660,100
2013FH28,0.00049160,0.0002575,0.0003077,0.000008,0.005911,0.000408,425.3055,100
2013FQ28,0.00004415,0.0002238,0.0006164,0.000000,0.000101,0.000138,19.3460,100
2013FR28,0.00000941,0.0006838,0.0062069,0.000001,0.002745,0.000716,9.6719,100
2013FZ27,0.03511745,0.0020822,0.0028370,0.001438,0.031681,0.004024,34423.4074,100
2013GA138,0.00000041,0.0007605,0.0007659,0.000000,0.000698,0.000633,0.6733,100
2013GB138,0.00015525,0.0048175,0.0042435,0.000007,0.001348,0.002191,160.8884,100
2013GC137,0.00003519,0.0006748,0.0008203,0.000002,0.000620,0.001155,36.5967,100
2013GC138,0.00000075,0.0007147,0.0012353,0.000000,0.000461,0.002278,1.4743,100
2013GD137,0.00000679,0.0000344,0.0002320,0.000000,0.001753,0.000283,14.5072,100
2013GD138,0.00016075,0.0043153,0.0085317,0.000008,0.001785,0.003455,211.0009,100
2013GE137,0.00001227,0.0000746,0.0004679,0.000000,0.000337,0.000092,19.2537,100
2013GE138,0.00004935,0.0017133,0.0020187,0.000001,0.000487,0.000763,57.4394,100
2013GF137,0.00001098,0.0002216,0.0002563,0.000000,0.005594,0.001071,22.5485,100
2013GF138,0.00002441,0.0007473,0.0003416,0.000001,0.000537,0.000353,23.1376,100
2013GG137,0.00000988,0.0001842,0.0009968,0.000000,0.004944,0.004168,16.0279,100
2013GG138,0.00000093,0.0000750,0.0000476,0.000000,0.000088,0.000014,1.1468,100
2013GH137,0.00005943,0.0038194,0.0025183,0.000002,0.026284,0.008566,56.7488,100
2013GJ137,0.00001497,0.0020770,0.0015568,0.000000,0.000261,0.000148,15.6622,100
2013GK137,0.00006944,0.0111438,0.0177507,0.000002,0.020976,0.009563,60.4519,100
2013GL137,0.00001756,0.0008731,0.0015320,0.000000,0.003479,0.001413,30.3699,100
2013GM137,0.00005632,0.0000389,0.0002126,0.000002,0.000017,0.000007,66.3627,100
2013GN137,0.00000423,0.0003963,0.0014013,0.000000,0.000224,0.001689,3.2114,100
2013GO136,0.00013893,0.0000464,0.0005411,0.000006,0.000075,0.000023,158.4433,100
2013GO137,0.00025510,0.0001558,0.0000938,0.000017,0.000785,0.000064,378.5654,100
2013GP137,0.00007273,0.0000636,0.0001539,0.000003,0.000292,0.000376,73.9083,100
2013GQ136,0.00000838,0.0003631,0.0012449,0.000000,0.000122,0.000582,6.2872,100
2013GQ137,0.00029192,0.0003135,0.0028388,0.000010,0.000120,0.003354,232.6919,100
2013GR136,0.00007442,0.0006000,0.0009290,0.000004,0.031084,0.000058,75.3379,100
2013GR137,0.00036267,0.0185080,0.0026800,0.000014,21.205502,0.001131,453.1501,100
2013GS137,0.00001322,0.0002522,0.0006380,0.000001,0.000054,0.001520,13.0099,100
2013GT136,0.01723917,0.0050496,0.0054635,0.000257,0.038810,0.013720,12717.3456,100
2013GT137,0.00000975,0.0000619,0.0000345,0.000000,0.000070,0.000984,13.3441,100
2013GU136,0.00622088,0.0054659,0.0051553,0.000301,0.053907,0.002534,6056.7892,100
2013GU137,0.00000107,0.0018358,0.0017083,0.000000,0.000570,0.000563,1.0654,100
2013GV136,0.00198189,0.0186707,0.0091565,0.000050,0.170266,0.007427,1613.9770,100
2013GV137,0.00001778,0.0003761,0.0001423,0.000000,0.000099,0.000421,21.8661,100
2013GW137,0.00000143,0.0038590,0.0032608,0.000000,0.000977,0.001235,1.5126,100
2013GX136,0.00012339,0.0010556,0.0000892,0.000000,0.002125,0.003775,47.9678,100
2013GX137,0.00003477,0.0013606,0.0017424,0.000002,0.000808,0.001109,36.2227,100
2013GY137,0.00001914,0.0025257,0.0033465,0.000001,0.000791,0.001193,17.3692,100
2013GZ137,0.00055520,0.0001583,0.0001782,0.000033,0.000550,0.000022,689.1830,100
2013HR156,0.00001806,0.0017812,0.0008209,0.000001,0.007162,0.000861,19.5228,100
2013HS156,0.01984512,0.0059449,0.0087286,0.000720,0.007391,0.001839,18204.7797,100
2013HT156,0.00000101,0.0009783,0.0004312,0.000000,0.000828,0.000275,1.1794,100
2013HU156,0.00003540,0.0010406,0.0003538,0.000001,0.013139,0.002201,33.6302,100
2013HV156,0.00013975,0.0004379,0.0002651,0.000006,0.000133,0.000042,118.7927,100
2013HW156,0.00006970,0.0050230,0.0082092,0.000004,0.038698,0.005881,82.6994,100
2013HY156,0.00012852,0.0000663,0.0001572,0.000007,0.000041,0.000016,156.6567,100
2013HZ156,0.00788812,0.0015648,0.0006409,0.000434,0.002354,0.001751,9219.8245,100
2013JA65,0.00004057,0.0012203,0.0020044,0.000002,0.022915,0.001316,53.5615,100
2013JB65,0.00000602,0.0002565,0.0002691,0.000000,0.001025,0.000034,8.3908,100
2013JD65,0.00000913,0.0002980,0.0002147,0.000000,0.000383,0.000015,10.1618,100
2013JE64,0.00000905,0.0006141,0.0015627,0.000000,0.000141,0.000037,9.2546,100
2013JE65,0.00002812,0.0026969,0.0033271,0.000001,0.013022,0.001049,43.8247,100
2013JF65,0.00000570,0.0003024,0.0005242,0.000000,0.003652,0.000081,5.3428,100
2013JG64,0.00809359,0.0009121,0.0005364,0.000450,0.013723,0.000976,9070.9262,100
2013JG65,0.00007201,0.0062549,0.0035804,0.000003,0.035407,0.006088,77.0486,100
2013JH65,0.00001556,0.0009826,0.0003923,0.000000,0.001904,0.000093,19.4789,100
2013JJ64,0.00254424,0.0104657,0.0029095,0.000097,0.158991,0.004708,1879.8070,100
2013JJ65,0.00000869,0.0011811,0.0008297,0.000000,0.000142,0.000124,10.4626,100
2013JK65,0.00006892,0.0125990,0.0094018,0.000007,0.071205,0.001932,141.8118,100
2013JL65,0.00004130,0.0044033,0.0095058,0.000003,0.037877,0.001548,74.6319,100
2013JM64,0.00024186,0.0160827,0.0040281,0.000010,0.087535,0.011997,225.0145,100
2013JM65,0.00000515,0.0012249,0.0009031,0.000000,0.000049,0.000262,3.8683,100
2013JN64,0.00004150,0.0011788,0.0021353,0.000003,0.019440,0.005410,81.1162,100
2013JN65,0.00000543,0.0000950,0.0001261,0.000000,0.000051,0.000007,6.6676,100
2013JO65,0.00078965,0.0013036,0.0003203,0.000026,0.004718,0.000776,599.7440,100
2013JP65,0.00000312,0.0003786,0.0006576,0.000000,0.000131,0.000034,6.0189,100
2013JQ65,0.00246734,0.0045432,0.0040688,0.000052,0.001629,0.001754,2476.8999,100
2013JR65,0.00223015,0.0004219,0.0004787,0.000100,0.000234,0.000144,2038.1487,100
2013JS64,0.00000149,0.0006628,0.0001431,0.000000,0.000483,0.000042,3.0216,100
2013JS65,0.00000250,0.0002419,0.0003547,0.000000,0.000314,0.000044,6.7737,100
2013JT65,0.00023574,0.0020687,0.0027920,0.000010,0.000025,0.001113,202.0589,100
2013JU64,0.00298048,0.0001852,0.0001329,0.000167,0.000157,0.000095,3645.0703,100
2013JV63,0.00327178,0.0074368,0.0155655,0.000047,0.002697,0.005520,1404.9041,100
2013JV65,0.00000041,0.0029986,0.0012180,0.000000,0.000686,0.000465,1.4379,100
2013JW63,0.00270631,0.0008292,0.0010147,0.000098,0.000542,0.000679,2280.3535,100
2013JZ64,0.00001106,0.0006825,0.0031938,0.000000,0.005413,0.010139,14.5842,100
2013LY35,0.00001841,0.0006144,0.0001904,0.000001,0.000149,0.000027,19.9154,100
2013MA12,0.00001981,0.0000442,0.0001091,0.000001,0.000025,0.000013,22.6607,100
2013NK24,0.00072416,0.0019457,0.0002693,0.000039,0.032482,0.000726,1107.8436,100
2013NM24,0.00053521,0.0005323,0.0003398,0.000014,0.000339,0.000066,385.6202,100
2013PV74,0.00213953,0.0002624,0.0011887,0.000025,0.008352,0.001135,1109.7850,100
2013PW74,0.03323509,0.0025075,0.0004275,0.002243,0.019272,0.000408,47663.1920,100
2013PX74,0.00001761,0.0000399,0.0000691,0.000000,0.000629,0.000091,22.9774,100
2013QO95,0.00743853,0.0015515,0.0041846,0.000186,0.030034,0.004291,9252.1926,100
2013RB98,0.00002647,0.0050055,0.0015084,0.000001,0.009069,0.002136,38.2711,100
2013RD98,0.00000892,0.0016109,0.0010347,0.000000,0.000192,0.000036,11.9169,100
2013RP98,0.00345055,0.0024467,0.0035179,0.000087,0.074630,0.002984,3430.5386,100
2013SP99,0.00000471,0.0002358,0.0001366,0.000000,0.000022,0.001266,5.6972,100
2013SQ99,0.00000464,0.0010319,0.0027325,0.000000,0.000332,0.001564,4.0222,100
2013TH159,0.00183800,0.0003329,0.0002135,0.000051,0.000263,0.000082,1534.7354,100
2013TM159,0.00000830,0.0038933,0.0049825,0.000000,0.000500,0.001654,9.5543,100
2013UF15,0.00000669,0.0000995,0.0001591,0.000000,0.000304,0.000078,6.6724,100
2013UJ15,0.01296876,0.0046410,0.0001978,0.000448,0.001560,0.000084,9077.3899,100
2013UK15,0.00006113,0.0126736,0.0024454,0.000004,0.025522,0.003431,105.7484,100
2013UL15,0.00001419,0.0001160,0.0009266,0.000001,0.000051,0.002519,11.7086,100
2013UM15,0.00001216,0.0001197,0.0002800,0.000000,0.001493,0.001250,9.3827,100
2013UN15,0.00000401,0.0009176,0.0008004,0.000000,0.000485,0.000406,3.9053,100
2013UO15,0.00000793,0.0008529,0.0009427,0.000000,0.000647,0.000843,8.5112,100
2013UP15,0.00000111,0.0000484,0.0000414,0.000000,0.000039,0.000490,0.9262,100
2013XB26,0.00000270,0.0011576,0.0001281,0.000000,0.000833,0.000032,2.2196,100
2013XD26,0.00217687,0.0002263,0.0002659,0.000099,0.000134,0.000029,2895.9550,100
2014AL55,0.00001614,0.0022855,0.0054750,0.000000,0.001090,0.001042,16.3902,100
2014AM55,0.00064886,0.0006817,0.0002473,0.000026,0.001705,0.000447,663.9202,100
2014BV64,0.00001194,0.0001247,0.0000592,0.000000,0.000022,0.000014,9.8709,100
2014BX64,0.00017046,0.0008493,0.0003868,0.000008,0.000379,0.000079,181.0150,100
2014BZ57,0.00098877,0.0008429,0.0002473,0.000060,0.010814,0.000200,1197.2208,100
2014CP23,0.00307363,0.0011393,0.0006858,0.000097,0.002957,0.000176,2407.9363,100
2014CQ23,0.00000864,0.0001519,0.0001193,0.000000,0.001906,0.000129,9.0101,100
2014DD143,0.00000525,0.0017553,0.0006004,0.000000,0.001321,0.000282,5.0323,100
2014DE143,0.00042177,0.0052770,0.0016891,0.000026,0.000471,0.000784,476.6087,100
2014DF143,0.00028169,0.0008614,0.0002447,0.000017,0.000213,0.000178,463.4991,100
2014DH143,0.00000770,0.0000517,0.0021953,0.000000,0.001346,0.000470,10.6959,100
2014DJ143,0.00005653,0.0003407,0.0001196,0.000003,0.004751,0.001118,57.2029,100
2014DK143,0.00000646,0.0000524,0.0000608,0.000000,0.002849,0.000567,4.7125,100
2014DL143,0.00048326,0.0049839,0.0069436,0.000021,0.000590,0.003402,461.5280,100
2014DM143,0.00061501,0.0010657,0.0006566,0.000033,0.000237,0.000234,662.5888,100
2014DN143,0.00108070,0.0009896,0.0004356,0.000025,0.000269,0.000173,784.1813,100
2014DO143,0.00364167,0.0072183,0.0019633,0.000173,0.106663,0.002991,3704.1773,100
2014DP143,0.00001230,0.0032341,0.0004492,0.000000,0.000544,0.000058,20.5867,100
2014DR143,0.00000893,0.0015434,0.0002609,0.000000,0.001103,0.000255,15.3298,100
2014DU143,0.00018730,0.0019141,0.0197805,0.000004,0.051631,0.016221,98.2757,100
2014EA52,0.00002972,0.0001475,0.0000436,0.000001,0.000044,0.000017,26.8538,100
2014EZ51,0.00001077,0.0011326,0.0016250,0.000000,0.000017,0.000267,7.4015,100
2014FB62,0.00003621,0.0009093,0.0002875,0.000001,0.008050,0.002765,42.7139,100
2014FF72,0.00003093,0.0018250,0.0001911,0.000001,0.000168,0.000030,19.7259,100
2014FG72,0.00435789,0.0052859,0.0004777,0.000077,0.000154,0.000049,2818.7759,100
2014FP43,0.00002636,0.0003819,0.0006854,0.000001,0.000099,0.000082,29.8216,100
2014FT71,0.00809759,0.0032994,0.0009036,0.000307,0.004745,0.001388,9368.8159,100
2014FX61,0.00296679,0.0006154,0.0001478,0.000079,0.000675,0.000222,2731.1297,100
2014FY71,0.04200941,0.0027236,0.0023492,0.001036,0.021343,0.002638,27884.8565,100
2014FZ71,0.00001440,0.0057208,0.0064215,0.000000,0.002124,0.000448,4.3779,100
2014GC54,0.00002031,0.0007402,0.0004489,0.000000,0.000574,0.000178,26.3973,100
2014GE54,0.00018510,0.0050714,0.0055845,0.000006,0.042872,0.004650,122.8227,100
2014GF54,0.00003866,0.0003543,0.0004086,0.000001,0.006688,0.003609,29.5130,100
2014GJ54,0.00000939,0.0206073,0.0011187,0.000000,0.001117,0.000079,14.0072,100
2014GT53,0.00000020,0.0003260,0.0001745,0.000000,0.000114,0.000127,0.7359,100
2014GU53,0.00326407,0.0003323,0.0002109,0.000148,0.002060,0.000158,3256.8226,100
2014GV53,0.00558031,0.0002432,0.0003931,0.000182,0.002214,0.000511,3996.1124,100
2014GW53,0.00003155,0.0000644,0.0001461,0.000002,0.000023,0.000009,38.1489,100
2014GY53,0.00001033,0.0008511,0.0002440,0.000000,0.002997,0.000924,21.1302,100
2014GZ53,0.00000012,0.0023125,0.0009046,0.000000,0.001199,0.000231,0.8850,100
2014HB200,0.00000956,0.0012137,0.0037218,0.000001,0.002949,0.002950,23.4814,100
2014HD200,0.00027698,0.0028823,0.0011101,0.000016,0.167887,0.004205,329.8883,100
2014HT199,0.00005716,0.0024600,0.0013341,0.000003,0.032730,0.006144,56.9771,100
2014HU199,0.00000149,0.0062558,0.0027766,0.000000,0.001478,0.001083,2.3463,100
2014HV199,0.00273857,0.0013143,0.0010790,0.000044,0.005765,0.000100,1295.7556,100
2014HW199,0.00003935,0.0000719,0.0001247,0.000002,0.000013,0.000007,34.8171,100
2014HX199,0.00001360,0.0005880,0.0006387,0.000000,0.000688,0.000416,25.7982,100
2014HZ199,0.00251327,0.0014872,0.0003446,0.000114,0.003655,0.000328,3340.5624,100
2014JK80,0.00001089,0.0007389,0.0005282,0.000001,0.006602,0.000157,16.3464,100
2014JL80,0.00000456,0.0010262,0.0011575,0.000000,0.001408,0.000373,8.5448,100
2014JM80,0.00064085,0.0003240,0.0002467,0.000007,0.000107,0.000087,191.5172,100
2014JP80,0.00047053,0.0024168,0.0010467,0.000022,0.233079,0.003073,612.1965,100
2014JQ80,0.00004693,0.0037290,0.0071738,0.000003,0.036115,0.006762,69.8418,100
2014JR80,0.00000682,0.0329514,0.0000632,0.000000,0.112783,0.000015,10.9653,100
2014JS80,0.12099870,0.0082669,0.0017573,0.004310,0.022578,0.006598,93238.7876,100
2014JT80,0.00003024,0.0020753,0.0018152,0.000001,0.011142,0.000874,55.8492,100
2014KC102,0.00001061,0.0007239,0.0021047,0.000001,0.003176,0.003102,20.5462,100
2014KD102,0.00005308,0.0042847,0.0059625,0.000001,0.013164,0.005132,42.2181,100
2014KS101,0.00056076,0.0000239,0.0001869,0.000041,0.000098,0.000033,814.4494,100
2014KU101,0.00002631,0.0001400,0.0004383,0.000000,0.006054,0.002934,26.6922,100
2014KV101,0.00001206,0.0017888,0.0019221,0.000000,0.000329,0.000117,14.1454,100
2014KW101,0.00043418,0.0002834,0.0001328,0.000035,0.000444,0.000107,660.8669,100
2014KX101,0.00002181,0.0018503,0.0047424,0.000001,0.007941,0.006733,30.4246,100
2014KY101,0.00002353,0.0015941,0.0015135,0.000001,0.007978,0.001142,23.5728,100
2014LO28,0.00339590,0.0001470,0.0001700,0.000138,0.000093,0.000083,2877.1201,100
2014LP28,0.00003240,0.0005640,0.0001099,0.000001,0.000386,0.000031,38.2049,100
2014LQ28,0.00444530,0.0062203,0.0017974,0.000238,0.078167,0.001751,5431.2157,100
2014LR28,0.00048681,0.0010365,0.0017343,0.000019,0.001224,0.000958,552.9228,100
2014LS28,0.00000161,0.0019906,0.0025407,0.000000,0.000888,0.001761,2.8612,100
2014LT28,0.00000290,0.0020291,0.0008598,0.000000,0.000472,0.000381,2.7312,100
2014MA70,0.00000746,0.0000516,0.0000753,0.000001,0.000249,0.000590,26.5370,100
2014MB70,0.00071104,0.0017257,0.0010394,0.000021,0.000165,0.000307,544.5836,100
2014MC70,0.00114531,0.0030971,0.0031256,0.000018,0.026996,0.000547,768.6957,100
2014MD70,0.01307619,0.0026497,0.0016083,0.000533,0.015972,0.001191,10367.8209,100
2014MF70,0.00003019,0.0020456,0.0024727,0.000002,0.017423,0.005903,49.8368,100
2014MG70,0.00002021,0.0000997,0.0001418,0.000001,0.000064,0.000015,14.6015,100
2014MH70,0.00000867,0.0000065,0.0000349,0.000000,0.000017,0.000023,18.1039,100
2014MY69,0.00008710,0.0011624,0.0007011,0.000002,0.002214,0.001027,71.9191,100
2014MZ69,0.00059825,0.0001446,0.0001543,0.000046,0.000243,0.000081,1009.0059,100
2014NB66,0.00000050,0.0018040,0.0013482,0.000000,0.000284,0.000365,0.9266,100
2014NZ65,0.00001027,0.0001710,0.0004960,0.000000,0.000104,0.000021,7.9920,100
2014OA394,0.01147663,0.0027718,0.0077005,0.000480,0.001572,0.002076,9879.8893,100
2014OB394,0.16386651,0.0019365,0.0015361,0.006217,0.009412,0.004441,134864.5305,100
2014OE394,0.00000156,0.0022500,0.0026676,0.000000,0.000491,0.000720,1.7255,100
2014OG394,0.00008070,0.0000499,0.0002807,0.000006,0.000089,0.000057,110.6207,100
2014OH394,0.00024269,0.0001591,0.0001724,0.000007,0.004863,0.000076,203.6958,100
2014OJ394,0.00006472,0.0015427,0.0001534,0.000002,0.001091,0.000006,41.1920,100
2014OK394,0.00001133,0.0000717,0.0002009,0.000000,0.001498,0.000340,13.4490,100
2014OL394,0.00018011,0.0002236,0.0015511,0.000004,0.031868,0.026054,77.7299,100
2014OM394,0.00000596,0.0007279,0.0019509,0.000000,0.000269,0.001478,5.5427,100
2014OZ393,0.00031739,0.0001915,0.0000904,0.000008,0.000032,0.000030,247.4181,100
2014PN70,0.00042401,0.0019694,0.0022648,0.000022,0.000823,0.001070,428.5616,100
2014QA442,0.00186980,0.0001060,0.0001001,0.000076,0.000722,0.000037,1768.1122,100
2014QE442,0.00000355,0.0000186,0.0001973,0.000000,0.000022,0.000003,4.1823,100
2014QF433,0.00005292,0.0007778,0.0019654,0.000002,0.000350,0.001091,55.2051,100
2014QL441,0.00113364,0.0001397,0.0002393,0.000047,0.000183,0.000042,1273.5289,100
2014QM441,0.00012314,0.0013614,0.0006017,0.000001,0.014935,0.008153,44.3959,100
2014QO441,0.00000358,0.0002523,0.0003775,0.000000,0.000338,0.000156,8.6839,100
2014QU441,0.00013902,0.0002428,0.0002667,0.000007,0.000505,0.000163,154.6726,100
2014QW441,0.00016961,0.0005031,0.0006278,0.000006,0.000055,0.000019,176.2668,100
2014QX441,0.00122517,0.0001653,0.0000403,0.000076,0.001885,0.000046,1591.4858,100
2014QY441,0.00009943,0.0008227,0.0038914,0.000004,0.051552,0.003422,104.1760,100
2014QZ441,0.00000640,0.0001727,0.0002624,0.000000,0.001549,0.000063,11.4660,100
2014RQ63,0.00001319,0.0000767,0.0001184,0.000000,0.000618,0.000175,16.7112,100
2014SH349,0.00405217,0.0014897,0.0006147,0.000198,0.000304,0.001221,4221.2501,100
2014SK349,0.00001156,0.0007216,0.0002038,0.000000,0.001520,0.000374,21.2149,100
2014SN350,0.00342598,0.0035909,0.0016890,0.000118,0.007312,0.000213,3926.9805,100
2014SQ350,0.00020975,0.0079332,0.0009734,0.000003,0.020165,0.000834,199.2263,100
2014ST349,0.00017567,0.0001293,0.0001226,0.000005,0.000040,0.000097,146.3643,100
2014TA86,0.00001485,0.0002925,0.0012485,0.000000,0.002091,0.000485,12.9434,100
2014TC86,0.00006432,0.0003271,0.0015891,0.000003,0.000154,0.002612,62.8404,100
2014TD86,0.00001169,0.0002938,0.0004292,0.000000,0.000898,0.000777,11.1244,100
2014TE86,0.00434690,0.0028042,0.0010889,0.000150,0.019414,0.002117,4404.7130,100
2014TF86,0.00000584,0.0036793,0.0002916,0.000000,0.001339,0.000117,5.4675,100
2014TT85,0.00005866,0.0001587,0.0004728,0.000003,0.000095,0.000045,72.2561,100
2014TW85,0.00000008,0.0006266,0.0008460,0.000000,0.000988,0.001075,0.4905,100
2014TX85,0.00587329,0.0025222,0.0004703,0.000351,0.018670,0.001276,8687.5640,100
2014TZ85,0.00005880,0.0154940,0.0121016,0.000002,0.021053,0.003022,86.8524,100
2014UD225,0.00003773,0.0003520,0.0003680,0.000002,0.000730,0.001612,40.6802,100
2014UE225,0.00004720,0.0003155,0.0001839,0.000001,0.000220,0.000026,53.8389,100
2014UF224,0.00008129,0.0001658,0.0005702,0.000002,0.000096,0.000013,75.4280,100
2014UP224,0.00052198,0.0001176,0.0001081,0.000029,0.000058,0.000026,620.2730,100
2014UQ224,0.00000816,0.0005338,0.0006353,0.000000,0.000310,0.000437,8.4030,100
2014UR224,0.00000923,0.0003005,0.0005050,0.000000,0.003263,0.000158,9.3823,100
2014US224,0.00000131,0.0005942,0.0002959,0.000000,0.000137,0.000180,1.3774,100
2014UT224,0.00025747,0.0051780,0.0072470,0.000004,0.034164,0.000989,114.8495,100
2014UU224,0.00001209,0.0005165,0.0008476,0.000000,0.000227,0.000092,20.3023,100
2014VU37,0.00000794,0.0000286,0.0001971,0.000000,0.000016,0.000009,11.0030,100
2014WA509,0.00006982,0.0006550,0.0014694,0.000003,0.000378,0.001280,64.9286,100
2014WA510,0.00002544,0.0001139,0.0001740,0.000001,0.000079,0.000734,23.2222,100
2014WC510,0.00002142,0.0021898,0.0013659,0.000000,0.000302,0.000198,18.1608,100
2014WD509,0.00000488,0.0006419,0.0008689,0.000000,0.000220,0.000718,4.7562,100
2014WF509,0.00001131,0.0021303,0.0016696,0.000001,0.000055,0.000360,10.1059,100
2014WF510,0.00001279,0.0005482,0.0002494,0.000000,0.003790,0.000101,24.1836,100
2014WG509,0.00021332,0.0001403,0.0000927,0.000012,0.000048,0.000011,233.5954,100
2014WG510,0.00005956,0.0066559,0.0052037,0.000004,0.045414,0.001362,101.3301,100
2014WH509,0.00171401,0.0015511,0.0016840,0.000142,0.004460,0.003084,3106.9459,100
2014WJ509,0.00011240,0.0000711,0.0001528,0.000003,0.000033,0.000018,97.0229,100
2014WK509,0.00009464,0.0004053,0.0003659,0.000003,0.000067,0.000080,64.5109,100
2014WN509,0.00629277,0.0030481,0.0021862,0.000226,0.050598,0.001365,8807.9599,100
2014WO509,0.00000244,0.0008614,0.0022699,0.000000,0.000425,0.002444,4.2131,100
2014WO510,0.00000535,0.0000548,0.0000360,0.000000,0.000103,0.000014,8.0173,100
2014WP509,0.00005803,0.0015750,0.0012468,0.000002,0.000061,0.000409,52.5928,100
2014WP510,0.00001219,0.0000322,0.0000667,0.000000,0.000423,0.000495,12.3064,100
2014WQ509,0.00001547,0.0001462,0.0003231,0.000000,0.003302,0.000405,22.9995,100
2014WQ510,0.03658016,0.0105411,0.0029446,0.002195,0.488859,0.031590,63072.6552,100
2014WR510,0.00003940,0.0024592,0.0023858,0.000001,0.010927,0.004721,45.1016,100
2014WS509,0.00000153,0.0002883,0.0006309,0.000000,0.000177,0.000849,1.3591,100
2014WT509,0.00006632,0.0084197,0.0039343,0.000002,0.013264,0.000226,46.3952,100
2014WT69,0.00125799,0.0180348,0.0052005,0.000019,0.071277,0.005174,946.2187,100
2014WU509,0.00060705,0.0009926,0.0002458,0.000011,0.014024,0.000594,391.7598,100
2014WV509,0.00038518,0.0000637,0.0003118,0.000012,0.000231,0.000013,563.6224,100
2014WW509,0.00267109,0.0006303,0.0003580,0.000186,0.002162,0.000750,3464.8600,100
2014WX509,0.00586379,0.0035892,0.0021440,0.000255,0.001527,0.003368,5168.3859,100
2014WY509,0.00091536,0.0000483,0.0002143,0.000045,0.000209,0.000114,905.2669,100
2014WZ509,0.00074154,0.0001643,0.0008434,0.000034,0.000145,0.000036,856.9091,100
2014XR40,0.00124691,0.0005368,0.0001107,0.000130,0.000503,0.000257,2611.1096,100
2014XS40,0.00312090,0.0002403,0.0002983,0.000192,0.007658,0.000452,3553.6424,100
2014XT40,0.00001803,0.0005022,0.0006699,0.000001,0.007564,0.000133,20.9811,100
2014XU40,0.00000700,0.0000390,0.0001381,0.000000,0.000295,0.000016,8.9113,100
2014XY40,0.00006889,0.0002786,0.0001440,0.000002,0.000101,0.000032,58.3731,100
2014YA50,0.00002378,0.0000520,0.0007872,0.000001,0.000017,0.000010,16.4431,100
2014YB50,0.00021271,0.0000604,0.0002044,0.000010,0.000337,0.000012,247.6424,100
2014YG50,0.00002893,0.0036503,0.0028754,0.000002,0.019808,0.002235,48.7536,100
2014YJ50,0.00006450,0.0057949,0.0082133,0.000005,0.060779,0.003777,126.4662,100
2015AJ281,0.00182294,0.0005467,0.0003486,0.000119,0.002553,0.000158,2461.2710,100
2015AM281,0.00105345,0.0138119,0.0057864,0.000014,0.015708,0.001081,695.7655,100
2015AN281,0.00325869,0.0018517,0.0005302,0.000373,0.001867,0.001160,8168.1898,100
2015BA519,0.00001050,0.0003471,0.0010260,0.000000,0.001152,0.001688,22.5140,100
2015BG519,0.00125727,0.0000387,0.0001560,0.000048,0.000111,0.000027,1498.1768,100
2015BM518,0.00002734,0.0002567,0.0017293,0.000001,0.016663,0.001658,31.2718,100
2015BN518,0.00811562,0.0012800,0.0012503,0.000387,0.001968,0.000281,6953.8179,100
2015BO518,0.07908887,0.0008579,0.0054404,0.002978,0.004056,0.000508,65283.8454,100
2015BP518,0.00001873,0.0030705,0.0020723,0.000000,0.000482,0.001690,15.4995,100
2015BQ518,0.00000141,0.0000503,0.0002459,0.000000,0.000023,0.000005,3.3196,100
2015BT518,0.00002200,0.0067730,0.0024457,0.000001,0.001265,0.001015,24.0907,100
2015BU518,0.00002263,0.0084128,0.0071728,0.000001,0.003402,0.001140,27.2302,100
2015BV518,0.00000009,0.0001308,0.0004464,0.000000,0.000064,0.002373,0.2379,100
2015BW518,0.00728487,0.0013982,0.0023132,0.000258,0.002856,0.001689,6869.9722,100
2015BZ518,0.00041748,0.0031951,0.0032665,0.000022,0.000187,0.001178,448.5860,100
2015CL62,0.00101139,0.0041070,0.0015888,0.000044,0.013388,0.004113,1618.8083,100
2015FG345,0.01497785,0.0010720,0.0009418,0.000262,0.014155,0.000453,10706.3838,100
2015FJ345,0.00000409,0.0154628,0.0002766,0.000000,0.004153,0.000159,2.2751,100
2015FL345,0.00002418,0.0032494,0.0055375,0.000001,0.000928,0.001568,14.2106,100
2015FM345,0.00002561,0.0000751,0.0001750,0.000001,0.000033,0.000007,24.1357,100
2015FN345,0.00450565,0.0000632,0.0000509,0.000250,0.000355,0.000132,5009.6327,100
2015FO345,0.02806759,0.0016558,0.0005173,0.001323,0.011154,0.000861,28450.9014,100
2015FP345,0.00005420,0.0065856,0.0120141,0.000001,0.008269,0.001932,37.8571,100
2015FR345,0.03821349,0.0026521,0.0307962,0.003602,0.175709,0.049882,67439.1322,100
2015FS345,0.00060541,0.0002713,0.0004305,0.000017,0.000441,0.000665,651.9674,100
2015FW392,0.00972058,0.0097729,0.0171180,0.000410,0.001713,0.006211,8706.7180,100
2015GO50,0.00014247,0.0001155,0.0000930,0.000006,0.000028,0.000024,222.7559,100
2015GP50,0.00061738,0.0010499,0.0003099,0.000015,0.000370,0.000119,396.8397,100
2015GQ50,0.00081648,0.0002910,0.0002561,0.000028,0.000076,0.000071,660.4086,100
2015GR50,0.00240339,0.0010013,0.0020265,0.000032,0.007711,0.000968,887.8475,100
2015GS50,0.00017121,0.0388722,0.0016051,0.000002,0.016683,0.002318,55.8128,100
2015OV79,0.00019152,0.0000594,0.0000632,0.000009,0.000048,0.000006,228.4250,100
2015PF312,0.00010168,0.0000791,0.0001328,0.000006,0.000131,0.000019,224.2441,100
2015PL312,0.00511009,0.0015157,0.0006243,0.000282,0.002129,0.001123,5536.1429,100
2015RS245,0.00387378,0.0035025,0.0004769,0.000154,0.025085,0.001901,4886.1717,100
2015UK84,0.00110883,0.0006415,0.0002979,0.000041,0.000302,0.000022,840.8451,100
2016BP81,0.00358445,0.0017656,0.0004146,0.000161,0.013275,0.000502,5583.5937,100
2016FP59,0.00008506,0.0021568,0.0039309,0.000003,0.000463,0.000782,64.8407,100
2016FW59,0.00014598,0.0049057,0.0025725,0.000006,0.001974,0.001395,159.5911,100
