,Name
0,Chiron
1,Pholus
2,Damocles
3,Nessus
4,Asbolus
5,Chariklo
6,Hylonome
7,1999 RG33
8,Albion
9,1993 SB
10,1993 SC
11,1994 GV9
12,1994 JS
13,Arawn
14,1994 TB
15,1995 DA2
16,1996 TL66
17,1996 TP66
18,1997 CR29
19,1994 JQ1
20,1994 VK8
21,1996 SZ4
22,1996 TO66
23,Chaos
24,Varuna
25,1995 QZ9
26,1996 TR66
27,Dioretsa
28,1995 SM55
29,1997 QJ4
30,1998 HJ151
31,1996 GQ21
32,1998 SM165
33,1999 DE9
34,Ixion
35,1999 TD10
36,Elatus
37,Thereus
38,1995 QY9
39,1997 CU29
40,1998 BU48
41,1998 VG44
42,1998 SN165
43,Narcissus
44,Rhadamanthus
45,1999 HB12
46,Huya
47,1999 KR16
48,2001 UR163
49,Typhon
50,1999 OX3
51,2000 PV29
52,Lempo
53,2000 GN171
54,1995 TL8
55,Pelion
56,1999 RA215
57,Quaoar
58,1998 HM151
59,Okyrhoe
60,Cyllarus
61,Deucalion
62,2000 PJ30
63,Bienor
64,2002 AW197
65,Amycus
66,2002 TX300
67,2002 UX25
68,2002 VE95
69,Logos
70,1999 CL158
71,2000 CH105
72,2000 CM114
73,Echeclus
74,2000 EE173
75,2000 FD8
76,2000 FE8
77,2001 BL41
78,2002 RP120
79,Ceto
80,1999 OF4
81,Borasisi
82,1998 WW24
83,1998 WA25
84,1998 WA31
85,1998 WU31
86,2002 PN34
87,2000 PK30
88,2002 XW93
89,Sila-Nunam
90,1999 CP133
91,1999 CC158
92,1999 DF9
93,2000 CM105
94,2000 YW134
95,2001 FZ173
96,2001 FM185
97,2001 FP185
98,Crantor
99,2002 TC302
100,2002 VR128
101,2003 VS2
102,1998 HP151
103,1998 KR65
104,1999 OY3
105,1999 RY215
106,2000 OO67
107,2000 QB243
108,2001 KE76
109,2001 KK76
110,2001 KF77
111,Teharonhiawako
112,Sedna
113,Orcus
114,2004 GV9
115,1998 HK151
116,1998 US43
117,1999 RZ215
118,2002 GX32
119,2002 GZ32
120,1996 TQ66
121,1999 HT11
122,1999 HC12
123,2000 OY51
124,2000 OM67
125,2001 KJ76
126,2001 KP76
127,2001 KC77
128,2001 KN77
129,2001 KP77
130,2001 SQ73
131,2001 UO18
132,2002 CY224
133,2002 KX14
134,2002 PA149
135,2002 VR130
136,2002 WC19
137,2003 CO1
138,2003 FY128
139,2003 OP32
140,2003 UR292
141,2004 EW95
142,Salacia
143,2004 TY364
144,Aphidas
145,2000 WK183
146,2001 YH140
147,2001 YJ140
148,2002 CX154
149,2002 CC249
150,2002 XU93
151,2003 FC128
152,1999 CE119
153,1999 HR11
154,2000 JG81
155,2001 FL194
156,2001 XS254
157,2001 XT254
158,2001 XH255
159,2003 FB128
160,2005 PQ21
161,Pluto
162,1999 RH215
163,2000 OJ67
164,2001 KO76
165,2001 QT322
166,2002 GG32
167,2002 PB171
168,Haumea
169,2003 LG7
170,Eris
171,2003 WL7
172,Makemake
173,1999 RE215
174,1999 RB216
175,2000 OK67
176,2000 QM251
177,2001 QG298
178,2003 SS317
179,2003 UY117
180,2003 US292
181,2003 YO179
182,2004 UX10
183,2004 YH32
184,2005 RM43
185,2005 RN43
186,2005 RR43
187,2005 SA278
188,2005 TB190
189,2005 UJ438
190,2006 RY102
191,1999 RA216
192,2000 CR105
193,Altjira
194,2001 XA255
195,2002 VS130
196,2002 VA131
197,2003 QZ91
198,2001 CZ31
199,2004 PA44
200,2000 OL67
201,2001 KN76
202,2001 KV76
203,2002 PD149
204,2005 RL43
205,2000 GE147
206,2000 GP183
207,2001 FR185
208,Varda
209,2004 PF115
210,1993 FW
211,1998 WT31
212,1999 CV118
213,1999 CG119
214,1999 CO153
215,1999 HW11
216,1999 RD215
217,2000 YU1
218,2000 YC2
219,2001 KU76
220,2001 QW297
221,2002 FU6
222,2002 GZ31
223,2002 GJ32
224,2003 TG58
225,2004 DJ64
226,2004 DJ71
227,2004 PB112
228,Mbabamwanawaresa
229,2007 JG43
230,2005 UQ513
231,2003 AZ84
232,Gonggong
233,G!kun||'homdima
234,2004 XA192
235,2007 DU112
236,2006 SX368
237,2002 KY14
238,2001 QY297
239,2007 JJ43
240,2008 FC76
241,2005 PR21
242,2005 QU182
243,2008 QY40
244,2010 NK83
245,2001 KQ77
246,2002 KW14
247,2002 MS4
248,2002 VU130
249,2003 QW90
250,2004 PG115
251,2005 CB79
252,2005 RS43
253,2005 SC278
254,2005 WY3
255,2005 XU100
256,2006 SQ372
257,2006 XQ51
258,2007 RW10
259,2008 SJ236
260,2008 UZ6
261,2010 KR59
262,2010 EP65
263,2008 AP129
264,2008 QD4
265,2010 EN65
266,2010 LJ109
267,2008 SO218
268,Orius
269,2009 HH36
270,2010 NV1
271,2007 RG283
272,Mors-Somnus
273,2008 YB3
274,Rhiphonos
275,2012 TW236
276,2009 YF7
277,2009 YD7
278,2002 PQ145
279,2003 LB7
280,2006 JZ81
281,ISON
282,2002 AO148
283,2010 RM64
284,1993 RO
285,1997 RT5
286,1998 KG62
287,1999 OE4
288,1999 RN215
289,2001 QB298
290,2002 PT170
291,2002 PW170
292,2003 GH55
293,2003 QH91
294,Manwe
295,2003 QF113
296,2003 SP317
297,2004 OK14
298,2004 OR15
299,2004 QD29
300,Otrera
301,2005 EO297
302,Clete
303,2009 YE7
304,2012 BR61
305,2011 WU92
306,2012 GN12
307,2001 QJ298
308,2005 VJ119
309,1999 RU215
310,2003 UZ117
311,2009 MS9
312,Praamzius
313,2002 DH5
314,2003 QB92
315,2003 SR422
316,2012 HH2
317,2015 BQ311
318,2003 FK127
319,2005 CH81
320,2005 VD
321,2006 CJ69
322,2013 EK73
323,2013 TV158
324,2001 FN185
325,2002 GD32
326,2004 EH96
327,1999 ON4
328,2001 FO185
329,2004 EU95
330,2004 HJ79
331,2004 NT33
332,2007 JF43
333,2010 VZ98
334,2005 RO43
335,2012 UT68
336,2003 WU172
337,2012 WD36
338,1999 OM4
339,2001 FE193
340,2001 KT76
341,2003 UZ413
342,2007 TH422
343,2013 XZ8
344,2014 AT28
345,2014 ON6
346,2000 GQ148
347,2012 VU85
348,2014 HY123
349,2000 FA8
350,2013 LU28
351,1999 CD158
352,2000 PE30
353,2001 HY65
354,2001 KB77
355,2001 QF298
356,2001 XP254
357,2001 XD255
358,2002 GV31
359,2002 GG166
360,2003 FE128
361,2003 FF128
362,2003 HC57
363,2003 QA91
364,2003 YW179
365,2004 HF79
366,2004 PT107
367,2005 EZ296
368,|=Kagara
369,2005 GB187
370,2005 GE187
371,2005 PU21
372,2006 HJ123
373,2006 RC103
374,2006 SG369
375,2007 JH43
376,2007 JK43
377,2007 OC10
378,2007 XV50
379,2008 CS190
380,2008 LP17
381,2008 NW4
382,2008 OG19
383,2010 EO65
384,2010 ET65
385,Dziewanna
386,2010 FB49
387,2010 FC49
388,2010 FD49
389,2010 FE49
390,2010 GF65
391,2010 HE79
392,2010 JC80
393,2010 PK66
394,2010 VW11
395,2011 AC72
396,2011 FY9
397,2011 GM27
398,2011 JF31
399,2011 KT19
400,2011 OD16
401,2011 ON45
402,2012 CG
403,2012 CE17
404,2013 FC28
405,2013 PH44
406,2013 RM98
407,2014 FU71
408,2014 FW71
409,Zhulong
410,2014 QN441
411,2014 SR303
412,2014 UM33
413,2015 DB216
414,2015 FZ117
415,Alicanto
416,2014 QB442
417,2013 XC26
418,2014 QS441
419,Arrokoth
420,2015 BE519
421,2003 HY56
422,2012 VU113
423,2012 VV113
424,2014 FW
425,2014 YZ49
426,2016 EX
427,2016 LN8
428,2012 VR113
429,2012 VS113
430,2013 TJ159
431,2015 AM281
432,2015 FG345
433,2013 GP136
434,2010 OO127
435,2010 PL66
436,2013 GR136
437,2013 GT136
438,2013 GU136
439,2013 GV136
440,2013 GZ136
441,2013 GD137
442,2013 GK137
443,2013 GN137
444,2013 GQ137
445,2013 GT137
446,2013 GV137
447,2013 GW137
448,2013 GA138
449,2013 HT156
450,2013 JD64
451,2013 JE64
452,2013 JG64
453,2013 JH64
454,2013 JJ64
455,2013 JM64
456,2013 JN64
457,2013 JJ65
458,2013 JK65
459,2013 JL65
460,2013 JN65
461,2013 JO65
462,2013 JP65
463,2013 SA87
464,2013 TC146
465,2014 JJ80
466,2014 OB394
467,2014 QA43
468,2015 PN291
469,1998 HQ151
470,2001 QF331
471,2008 SO266
472,2010 RE188
473,2013 QO95
474,2013 SP99
475,2013 SQ99
476,2013 SA100
477,2013 UL15
478,2013 UM15
479,2013 UT15
480,2014 GU53
481,2014 WT69
482,2015 HO171
483,2016 BP81
484,2000 YB2
485,2003 HB57
486,2015 SO20
487,1995 WY2
488,2000 CQ114
489,2000 FX53
490,2001 RX143
491,2002 VT130
492,2013 WV107
493,2014 UD225
494,2014 UE225
495,2014 UK225
496,2014 UL225
497,2014 UM225
498,2016 AE193
499,2012 HZ84
500,2015 KZ120
501,2016 FH13
502,2000 CN105
503,2001 QD298
504,2002 QX47
505,2003 UY413
506,2006 UO321
507,2007 PS45
508,2007 RT15
509,2007 RH283
510,2007 TG422
511,2008 CT190
512,2008 QB43
513,2008 SP266
514,2010 AH2
515,2010 DN93
516,2010 RE64
517,2010 RO64
518,2010 SS43
519,2010 TY53
520,2010 VX11
521,2010 VK201
522,2010 VL201
523,2010 VV224
524,2010 XZ78
525,2011 LZ28
526,2011 OA60
527,2011 VJ24
528,2012 DW98
529,2012 HG84
530,2013 FZ27
531,2013 FJ28
532,2013 MZ11
533,2013 MA12
534,2013 PV74
535,2013 UL10
536,2013 UF15
537,2013 XB26
538,2013 YJ151
539,2014 BV64
540,2014 CN23
541,2014 CP23
542,2014 CQ23
543,2014 DB143
544,2014 DF143
545,2014 DK143
546,2014 DL143
547,2014 DN143
548,2014 DO143
549,2014 EZ51
550,2014 FT71
551,2014 GS53
552,2014 GW53
553,2014 GY53
554,2014 GD54
555,2014 GH54
556,2014 GM54
557,2014 HT199
558,2014 HW199
559,2014 HX199
560,2014 HB200
561,2014 HE200
562,2014 HF200
563,2014 JB80
564,2014 JD80
565,2014 JF80
566,2014 JH80
567,2014 JS80
568,2014 JX80
569,2014 KR101
570,2014 KU101
571,2014 KW101
572,2014 KY101
573,2014 KZ101
574,2014 LM28
575,2014 LN28
576,2014 LR28
577,2014 LV28
578,2014 MY69
579,2014 MA70
580,2014 MC70
581,2014 MJ70
582,2014 NW65
583,2014 OX393
584,2014 OH394
585,2014 OK394
586,2014 PR70
587,2014 QV441
588,2014 QX441
589,2014 QA442
590,2014 SH349
591,2014 TZ33
592,2014 TV85
593,2014 TY85
594,2014 TZ85
595,2014 TA86
596,2014 TC86
597,2014 TD86
598,2014 UT114
599,2014 UP224
600,2014 UR224
601,2014 US224
602,2014 UU224
603,2014 VU37
604,2014 WV508
605,2014 WX508
606,2014 WZ508
607,2014 WD509
608,2014 WH509
609,2014 WJ509
610,2014 WK509
611,2014 WQ509
612,2014 WU509
613,2014 WX509
614,2014 WZ509
615,2014 WC510
616,2014 WD510
617,2014 WF510
618,2014 WH510
619,2014 WQ510
620,2014 WS510
621,2014 XO40
622,2014 XP40
623,2014 XR40
624,2014 XS40
625,2014 XV40
626,2014 YB50
627,2014 YF50
628,2014 YK50
629,2015 AN281
630,2015 BD518
631,2015 BG518
632,2015 BJ518
633,2015 CM3
634,2015 DV224
635,2015 FN345
636,2015 HP9
637,2015 HT171
638,2015 OV79
639,2015 RR245
640,2016 NM56
641,2017 CX33
642,2017 KZ31
643,1997 CV29
644,1998 UU43
645,1998 XY95
646,1999 RY214
647,2000 CQ105
648,2001 FQ185
649,2001 RU143
650,2001 RZ143
651,2001 XQ254
652,2001 XR254
653,2002 CY248
654,2002 FW6
655,2002 GF32
656,2002 XH91
657,2003 QA112
658,2003 QW113
659,2003 UJ292
660,2003 YL179
661,2004 VS75
662,2004 VT75
663,2005 EX297
664,2005 EN302
665,2005 EO304
666,2005 JP179
667,2005 JR179
668,2005 RQ43
669,2005 SD278
670,2005 SF278
671,2007 TK422
672,2007 UM126
673,2007 VJ305
674,2007 VL305
675,2008 KV42
676,2008 ST291
677,2010 MQ116
678,2010 PP81
679,2010 TM182
680,2010 TU191
681,2010 TB192
682,2010 VW224
683,2011 BV163
684,2011 SO277
685,2011 UC411
686,2011 UK411
687,2011 WG157
688,2011 XJ4
689,2011 YN79
690,2012 BX154
691,2012 BZ154
692,2012 BA155
693,2012 CS57
694,2012 DX98
695,2012 DY98
696,2012 DA99
697,2012 DB99
698,2012 FK84
699,2012 FL84
700,2012 HK85
701,2012 UB178
702,2012 UC178
703,2012 UE178
704,2013 BN82
705,2013 CV82
706,2013 EC138
707,2013 EH154
708,2013 FY27
709,2013 FB28
710,2013 FR28
711,2013 HU156
712,2013 HV156
713,2013 HX156
714,2013 HY156
715,2013 OR11
716,2013 VE2
717,2014 AL55
718,2014 BW64
719,2014 DD143
720,2014 DE143
721,2014 DJ143
722,2014 DQ143
723,2014 DR143
724,2014 DT143
725,2014 DU143
726,2014 GQ53
727,2014 GZ53
728,2014 GA54
729,2014 HU199
730,2014 HV199
731,2014 HC200
732,2014 JG80
733,2014 JM80
734,2014 JN80
735,2014 JQ80
736,2014 JW80
737,2014 LS28
738,2014 MZ69
739,2014 OG394
740,2014 QL441
741,2014 QZ441
742,2014 RQ63
743,2014 SW223
744,2014 SJ349
745,2014 SK349
746,2014 TW85
747,2014 UQ224
748,2014 UT224
749,2014 UV224
750,2014 UX229
751,2014 WY508
752,2014 WA509
753,2014 WE509
754,2014 WG509
755,2014 WL509
756,2014 WN509
757,2014 WO509
758,2014 WR509
759,2014 WT509
760,2014 WV509
761,2014 WY509
762,2014 WA510
763,2014 WG510
764,2014 WJ510
765,2014 WL510
766,2014 WP510
767,2014 XT40
768,2014 XU40
769,2014 XX40
770,2014 YE50
771,2014 YG50
772,2014 YH50
773,2014 YJ50
774,2015 AK281
775,2015 BF515
776,2015 BN518
777,2015 BO518
778,2015 BU518
779,2015 BV518
780,2015 BW518
781,2015 BD519
782,2015 BF519
783,2015 BG519
784,2015 BH519
785,2015 CL62
786,2015 FL345
787,2015 FM345
788,2015 FO345
789,2015 FP345
790,2016 EB195
791,2016 FP59
792,2016 FW59
793,2017 RS17
794,Leleakuhonua
795,2013 AP183
796,2013 MY11
797,2014 AN55
798,2014 BX64
799,2014 BE70
800,2014 BF70
801,2014 GC54
802,2014 HZ199
803,2014 OZ393
804,2014 OL394
805,2014 OS394
806,2014 UW224
807,2014 WZ535
808,2011 FX62
809,2011 GZ61
810,2010 BP153
811,2010 PC88
812,2010 TR195
813,2010 TT195
814,2010 WN75
815,2010 CD270
816,2010 NF146
817,2012 DD86
818,2012 PU45
819,2013 RO98
820,2010 AW153
821,2010 ER65
822,2010 JG210
823,2010 JH210
824,2011 BM170
825,2011 BQ170
826,2012 BW154
827,2012 BZ159
828,2012 FM87
829,2012 KU50
830,2012 KW51
831,2013 AQ183
832,2013 CF229
833,2013 JV65
834,2013 XD26
835,2014 AF61
836,2014 BZ57
837,2014 CO23
838,2014 DH143
839,2014 DM143
840,2014 DP143
841,2014 EA52
842,2014 GX53
843,2014 GB54
844,2014 HA200
845,2014 JK80
846,2014 JR80
847,2014 KV101
848,2014 OE394
849,2014 WW535
850,2014 WX535
851,2014 WA536
852,2014 XQ40
853,2014 YC50
854,2015 BE518
855,2015 BF518
856,2015 BM518
857,2015 BR518
858,2015 BT518
859,2015 BX518
860,2015 BZ518
861,2015 BF568
862,2015 DW224
863,2015 DX224
864,2015 FP36
865,2015 FQ345
866,2015 GO50
867,2015 XW379
868,2016 FR59
869,2018 EZ1
870,2019 CY4
871,2019 GB19
872,2020 PM3
873,2021 CD4
874,2004 HN79
875,2010 JO179
876,2010 LO33
877,2010 OE153
878,2011 UT410
879,2012 GT41
880,2012 HL85
881,2012 JH67
882,2012 JD68
883,2012 PV45
884,2012 TQ67
885,2013 GW136
886,2013 HZ156
887,2014 DC143
888,2014 GP53
889,2014 GV53
890,2014 GF54
891,2014 GL54
892,2014 GJ65
893,2014 JC80
894,2014 JL80
895,2014 JP80
896,2014 JR92
897,2014 KF113
898,2014 LP28
899,2014 OX415
900,2015 KN167
901,2015 RM306
902,2016 NZ90
903,2017 RG16
904,2020 HM98
905,2020 QK3
906,2020 QQ7
907,2006 QE181
908,2010 RF43
909,2011 UD63
910,2013 ME14
911,2013 NL24
912,2013 PE84
913,2013 TA188
914,2014 MB70
915,2014 NZ65
916,2014 OA394
917,2014 OM394
918,2014 OR394
919,2014 QR441
920,2014 WF509
921,2015 RG277
922,2015 RN278
923,2016 QU89
924,2019 CR
925,2000 QA243
926,2007 RM314
927,2010 VQ11
928,2011 OC61
929,2011 QY100
930,2013 KZ18
931,2014 MD70
932,2014 ON394
933,2014 OO394
934,2014 OP394
935,2014 WB509
936,2017 QO33
937,2017 UV43
938,2018 RR2
939,2020 OD8
940,2020 RR5
941,2004 VC131
942,2004 VV131
943,1994 EV3
944,1995 DC2
945,1995 HM5
946,1996 RR20
947,1996 TK66
948,1996 TS66
949,1997 CT29
950,1997 SZ10
951,1998 HH151
952,1998 WG24
953,1998 WY24
954,1998 WX31
955,1999 CF119
956,1999 CL119
957,1999 CX131
958,1999 CU153
959,1999 CM158
960,1999 HV11
961,1999 LE31
962,1999 OJ4
963,1999 RC215
964,1999 RJ215
965,1999 RK215
966,1999 XY143
967,2000 CP104
968,2000 CQ104
969,2000 CE105
970,2000 CF105
971,2000 CG105
972,2000 CJ105
973,2000 CO105
974,2000 FF8
975,2000 FG8
976,2000 FV53
977,2000 KK4
978,2000 ON67
979,2000 OU69
980,2000 QC226
981,2000 QE226
982,2000 QL251
983,2000 WT169
984,2000 YH2
985,2001 FK185
986,2001 FK193
987,2001 HZ58
988,2001 KD77
989,2001 QF6
990,2001 QO297
991,2001 QP297
992,2001 QR297
993,2001 QC298
994,2001 QE298
995,2001 QH298
996,2001 QQ322
997,2001 QR322
998,2001 QS322
999,2001 QX322
1000,2002 CW224
1001,2002 CZ224
1002,2002 GH32
1003,2002 GP32
1004,2002 GV32
1005,2002 GY32
1006,2002 PV170
1007,2002 VD130
1008,2002 XV93
1009,2003 HD57
1010,2003 HE57
1011,2003 HG57
1012,2003 QV90
1013,2003 QB91
1014,2003 QK91
1015,2003 QO91
1016,2003 QQ91
1017,2003 QR91
1018,2003 QT91
1019,2003 QA92
1020,2003 QX111
1021,2003 QY111
1022,2003 QZ111
1023,2003 QX113
1024,2003 SN317
1025,2003 SQ317
1026,2003 SR317
1027,2003 TH58
1028,2003 UN284
1029,2003 UT292
1030,2003 WU188
1031,2003 YQ179
1032,2003 YU179
1033,2004 FU148
1034,2004 PW107
1035,2004 PY107
1036,2004 PA108
1037,2004 PA112
1038,2004 QQ26
1039,2004 TF282
1040,2004 TT357
1041,2004 TV357
1042,2004 XR190
1043,2005 CA79
1044,2005 EB299
1045,2005 EZ300
1046,2005 ER318
1047,2005 JA175
1048,2005 RP43
1049,2005 SE278
1050,2005 TN74
1051,2005 UN524
1052,2006 BF208
1053,2006 HQ122
1054,2006 HV122
1055,2006 QQ180
1056,2006 QJ181
1057,2006 RJ103
1058,2006 UX184
1059,2006 UZ184
1060,2007 DP50
1061,2007 NC7
1062,2007 TZ417
1063,2007 TA418
1064,2007 VK305
1065,2009 YS6
1066,2011 KN36
1067,2005 XN113
1068,2003 FM129
1069,2005 CG81
1070,2010 JF210
1071,2013 AT183
1072,2013 CD223
1073,2015 BB519
1074,2015 DE249
1075,2015 DJ249
1076,1993 RP
1077,1994 ES2
1078,1994 TA
1079,1994 TG
1080,1994 TH
1081,1994 TG2
1082,1995 DB2
1083,1995 FB21
1084,1995 GJ
1085,1995 GA7
1086,1995 GY7
1087,1995 KJ1
1088,1995 KK1
1089,1995 YY3
1090,1996 AR20
1091,1996 AS20
1092,1996 KV1
1093,1996 KX1
1094,1996 KY1
1095,1996 PW
1096,1996 RQ20
1097,1996 RX33
1098,1997 CW29
1099,1997 GA45
1100,1997 MD10
1101,1997 QH4
1102,1997 RY6
1103,1997 RX9
1104,1997 RL13
1105,1997 SO27
1106,1997 TX8
1107,1997 UG25
1108,1998 FS144
1109,1998 HL151
1110,1998 HN151
1111,1998 HO151
1112,1998 HR151
1113,1998 KY61
1114,1998 KS65
1115,1998 KD66
1116,1998 KE66
1117,1998 KF66
1118,1998 KG66
1119,1998 QJ1
1120,1998 UR43
1121,1998 WU24
1122,1998 WV24
1123,1998 WX24
1124,1998 WZ24
1125,1998 WS31
1126,1998 WV31
1127,1998 WW31
1128,1998 WY31
1129,1998 WZ31
1130,1999 CW118
1131,1999 CX118
1132,1999 CY118
1133,1999 CZ118
1134,1999 CA119
1135,1999 CB119
1136,1999 CC119
1137,1999 CD119
1138,1999 CH119
1139,1999 CJ119
1140,1999 CK119
1141,1999 CM119
1142,1999 CN119
1143,1999 CW131
1144,1999 CY131
1145,1999 CZ131
1146,1999 CA132
1147,1999 CQ133
1148,1999 CR133
1149,1999 CM153
1150,1999 CN153
1151,1999 CP153
1152,1999 CQ153
1153,1999 CR153
1154,1999 CS153
1155,1999 CT153
1156,1999 CG154
1157,1999 CH154
1158,1999 CK158
1159,1999 DA
1160,1999 DZ7
1161,1999 DA8
1162,1999 DB8
1163,1999 DC8
1164,1999 DD8
1165,1999 DE8
1166,1999 DF8
1167,1999 DG8
1168,1999 DH8
1169,1999 DL8
1170,1999 DM8
1171,1999 DN8
1172,1999 DO8
1173,1999 DP8
1174,1999 DQ8
1175,1999 DR8
1176,1999 GS46
1177,1999 HS11
1178,1999 HY11
1179,1999 HZ11
1180,1999 HA12
1181,1999 HD12
1182,1999 HG12
1183,1999 HH12
1184,1999 HJ12
1185,1999 JV127
1186,1999 JA132
1187,1999 JB132
1188,1999 JC132
1189,1999 JD132
1190,1999 JE132
1191,1999 JF132
1192,1999 JH132
1193,1999 JJ132
1194,1999 JK132
1195,1999 KT16
1196,1999 KK17
1197,1999 KL17
1198,1999 KR18
1199,1999 LB37
1200,1999 OZ3
1201,1999 OA4
1202,1999 OC4
1203,1999 OD4
1204,1999 OG4
1205,1999 OH4
1206,1999 OK4
1207,1999 RS214
1208,1999 RT214
1209,1999 RU214
1210,1999 RV214
1211,1999 RW214
1212,1999 RX214
1213,1999 RZ214
1214,1999 RB215
1215,1999 RF215
1216,1999 RG215
1217,1999 RR215
1218,1999 RT215
1219,1999 RV215
1220,1999 RW215
1221,1999 RX215
1222,1999 RC216
1223,1999 RK257
1224,1999 SA28
1225,1999 TR11
1226,1999 XS35
1227,2000 AB229
1228,2000 AB255
1229,2000 AC255
1230,2000 AD255
1231,2000 AE255
1232,2000 AF255
1233,2000 CL104
1234,2000 CM104
1235,2000 CN104
1236,2000 CO104
1237,2000 CK105
1238,2000 CL105
1239,2000 CP105
1240,2000 CS105
1241,2000 CY105
1242,2000 CN114
1243,2000 CO114
1244,2000 CP114
1245,2000 DG8
1246,2000 FB8
1247,2000 FC8
1248,2000 FH8
1249,2000 FR53
1250,2000 FS53
1251,2000 FT53
1252,2000 FU53
1253,2000 FW53
1254,2000 FY53
1255,2000 FZ53
1256,2000 GM137
1257,2000 GV146
1258,2000 GW146
1259,2000 GX146
1260,2000 GY146
1261,2000 GZ146
1262,2000 GF147
1263,2000 GK147
1264,2000 GL147
1265,2000 GM147
1266,2000 HE46
1267,2000 JF81
1268,2000 JH81
1269,2000 KL4
1270,2000 KP65
1271,2000 OB51
1272,2000 OH67
1273,2000 OP67
1274,2000 PU29
1275,2000 PW29
1276,2000 PX29
1277,2000 PY29
1278,2000 PZ29
1279,2000 PA30
1280,2000 PB30
1281,2000 PC30
1282,2000 PD30
1283,2000 PF30
1284,2000 PG30
1285,2000 PH30
1286,2000 PL30
1287,2000 PM30
1288,2000 PN30
1289,2000 PQ30
1290,2000 PR30
1291,2000 PS30
1292,2000 QB226
1293,2000 QD226
1294,2000 QF226
1295,2000 QG226
1296,2000 QH226
1297,2000 QJ226
1298,2000 QK226
1299,2000 QL226
1300,2000 QN251
1301,2000 QJ252
1302,2000 QK252
1303,2000 QL252
1304,2000 QN252
1305,2000 QO252
1306,2000 SU314
1307,2000 SB331
1308,2000 SC331
1309,2000 SD331
1310,2000 SE331
1311,2000 SF331
1312,2000 SG331
1313,2000 SH331
1314,2000 SJ331
1315,2000 SK331
1316,2000 SL331
1317,2000 SM331
1318,2000 SO331
1319,2000 SP331
1320,2000 SQ331
1321,2000 SR331
1322,2000 SS331
1323,2000 ST331
1324,2000 SU331
1325,2000 SW370
1326,2000 SX370
1327,2000 SY370
1328,2000 WV12
1329,2000 WW12
1330,2000 WX12
1331,2000 WL183
1332,2000 WM183
1333,2000 WN183
1334,2000 WO183
1335,2000 YV1
1336,2000 YW1
1337,2000 YX1
1338,2000 YY1
1339,2000 YZ1
1340,2000 YA2
1341,2000 YD2
1342,2000 YE2
1343,2000 YF2
1344,2000 YG2
1345,2000 YB29
1346,2000 YQ142
1347,2000 YY142
1348,2001 DB106
1349,2001 DC106
1350,2001 DD106
1351,2001 DR106
1352,2001 DS106
1353,2001 DM108
1354,2001 DN108
1355,2001 DO108
1356,2001 DP108
1357,2001 DQ108
1358,2001 DS108
1359,2001 DT108
1360,2001 DU108
1361,2001 DV108
1362,2001 ES24
1363,2001 FU172
1364,2001 FB185
1365,2001 FC185
1366,2001 FL185
1367,2001 FS185
1368,2001 FT185
1369,2001 FC193
1370,2001 FD193
1371,2001 FF193
1372,2001 FG193
1373,2001 FJ193
1374,2001 FJ194
1375,2001 FK194
1376,2001 FM194
1377,2001 FN194
1378,2001 HA59
1379,2001 KF76
1380,2001 KG76
1381,2001 KH76
1382,2001 KL76
1383,2001 KM76
1384,2001 KQ76
1385,2001 KS76
1386,2001 KW76
1387,2001 KY76
1388,2001 KZ76
1389,2001 KA77
1390,2001 KE77
1391,2001 KG77
1392,2001 KO77
1393,2001 OJ108
1394,2001 OK108
1395,2001 OL108
1396,2001 OM108
1397,2001 ON108
1398,2001 OO108
1399,2001 OQ108
1400,2001 OR108
1401,2001 OS108
1402,2001 OT108
1403,2001 OU108
1404,2001 OY108
1405,2001 OZ108
1406,2001 OG109
1407,2001 OM109
1408,2001 PK47
1409,2001 QQ297
1410,2001 QS297
1411,2001 QU297
1412,2001 QV297
1413,2001 QX297
1414,2001 QZ297
1415,2001 QA298
1416,2001 QW322
1417,2001 RV143
1418,2001 RW143
1419,2001 RY143
1420,2001 RL155
1421,2001 SD291
1422,2001 SE291
1423,2001 UA17
1424,2001 UB17
1425,2001 UC17
1426,2001 UN18
1427,2001 UP18
1428,2001 VN71
1429,2001 XU254
1430,2001 XV254
1431,2001 XW254
1432,2001 XX254
1433,2001 XB255
1434,2001 XC255
1435,2001 XE255
1436,2001 XF255
1437,2001 XG255
1438,2001 XJ255
1439,2001 XZ255
1440,2001 YK61
1441,2002 AR91
1442,2002 CO154
1443,2002 CQ154
1444,2002 CR154
1445,2002 CS154
1446,2002 CT154
1447,2002 CU154
1448,2002 CV154
1449,2002 CW154
1450,2002 CY154
1451,2002 CZ154
1452,2002 CX224
1453,2002 CA225
1454,2002 CB225
1455,2002 CZ248
1456,2002 CA249
1457,2002 CB249
1458,2002 CC251
1459,2002 CD251
1460,2002 CE251
1461,2002 FV6
1462,2002 FX6
1463,2002 FP7
1464,2002 FW36
1465,2002 FX36
1466,2002 FY36
1467,2002 GW31
1468,2002 GX31
1469,2002 GY31
1470,2002 GA32
1471,2002 GB32
1472,2002 GC32
1473,2002 GE32
1474,2002 GK32
1475,2002 GL32
1476,2002 GM32
1477,2002 GN32
1478,2002 GO32
1479,2002 GQ32
1480,2002 GR32
1481,2002 GS32
1482,2002 GT32
1483,2002 GU32
1484,2002 GW32
1485,2002 GA33
1486,2002 GB33
1487,2002 GH166
1488,2002 GJ166
1489,2002 PN147
1490,2002 PE149
1491,2002 PF149
1492,2002 PH149
1493,2002 PJ149
1494,2002 PK149
1495,2002 PN149
1496,2002 PO149
1497,2002 PP149
1498,2002 PQ149
1499,2002 PR149
1500,2002 PG150
1501,2002 PQ152
1502,2002 PR152
1503,2002 PS152
1504,2002 PT152
1505,2002 PU152
1506,2002 PV152
1507,2002 PW152
1508,2002 PX152
1509,2002 PY152
1510,2002 PZ152
1511,2002 PA153
1512,2002 PB153
1513,2002 PC153
1514,2002 PD153
1515,2002 PE153
1516,2002 PF153
1517,2002 PG153
1518,2002 PJ153
1519,2002 PK153
1520,2002 PL153
1521,2002 PM153
1522,2002 PN153
1523,2002 PO153
1524,2002 PP153
1525,2002 PD155
1526,2002 PE155
1527,2002 PR170
1528,2002 PS170
1529,2002 PU170
1530,2002 PX170
1531,2002 PY170
1532,2002 PZ170
1533,2002 PA171
1534,2002 PC171
1535,2002 RN109
1536,2002 TZ300
1537,2002 TA301
1538,2002 TB301
1539,2002 TC301
1540,2002 TD301
1541,2002 TE301
1542,2002 TF301
1543,2002 TG301
1544,2002 TH301
1545,2002 TJ301
1546,2002 TK301
1547,2002 TL301
1548,2002 TM301
1549,2002 TT351
1550,2002 VZ94
1551,2002 VA95
1552,2002 VB95
1553,2002 VC95
1554,2002 VD95
1555,2002 VE130
1556,2002 VF130
1557,2002 VV130
1558,2002 VW130
1559,2002 VX130
1560,2002 VY130
1561,2002 VZ130
1562,2002 VB131
1563,2002 VC131
1564,2002 VD131
1565,2002 VE131
1566,2002 VF131
1567,2002 VG131
1568,2002 VD138
1569,2002 WL21
1570,2002 XD91
1571,2002 XE91
1572,2002 XF91
1573,2002 XG91
1574,2002 XJ91
1575,2002 XP114
1576,2003 BF91
1577,2003 BG91
1578,2003 BH91
1579,2003 FH127
1580,2003 FJ127
1581,2003 FL127
1582,2003 FM127
1583,2003 FD128
1584,2003 FH129
1585,2003 FZ129
1586,2003 FA130
1587,2003 FB130
1588,2003 GM53
1589,2003 GF55
1590,2003 HX56
1591,2003 HZ56
1592,2003 HA57
1593,2003 HF57
1594,2003 HH57
1595,2003 HJ57
1596,2003 HK57
1597,2003 HL57
1598,2003 HM57
1599,2003 HN57
1600,2003 HO57
1601,2003 HP57
1602,2003 KO20
1603,2003 KP20
1604,2003 KQ20
1605,2003 LZ6
1606,2003 LA7
1607,2003 LC7
1608,2003 LD7
1609,2003 LE7
1610,2003 LF7
1611,2003 LH7
1612,2003 LD9
1613,2003 MM13
1614,2003 OS33
1615,2003 QT90
1616,2003 QU90
1617,2003 QX90
1618,2003 QY90
1619,2003 QZ90
1620,2003 QC91
1621,2003 QD91
1622,2003 QE91
1623,2003 QF91
1624,2003 QG91
1625,2003 QJ91
1626,2003 QL91
1627,2003 QM91
1628,2003 QN91
1629,2003 QP91
1630,2003 QS91
1631,2003 QU91
1632,2003 QV91
1633,2003 QW91
1634,2003 QX91
1635,2003 QY91
1636,2003 QB112
1637,2003 QC112
1638,2003 QD112
1639,2003 QE112
1640,2003 QM112
1641,2003 QN112
1642,2003 QO112
1643,2003 QP112
1644,2003 QY113
1645,2003 SO317
1646,2003 SS422
1647,2003 TJ58
1648,2003 TK58
1649,2003 TL58
1650,2003 UY283
1651,2003 US291
1652,2003 UT291
1653,2003 UV291
1654,2003 UW291
1655,2003 UX291
1656,2003 UY291
1657,2003 UZ291
1658,2003 UA292
1659,2003 UB292
1660,2003 UC292
1661,2003 UD292
1662,2003 UE292
1663,2003 UF292
1664,2003 UG292
1665,2003 UH292
1666,2003 UK292
1667,2003 UL292
1668,2003 UM292
1669,2003 UN292
1670,2003 UO292
1671,2003 UP292
1672,2003 UQ292
1673,2003 UU292
1674,2003 UV292
1675,2003 UX292
1676,2003 UY292
1677,2003 UZ292
1678,2003 UK293
1679,2003 UA414
1680,2003 UC414
1681,2003 WS184
1682,2003 WN188
1683,2003 WQ188
1684,2003 WS188
1685,2003 WV188
1686,2003 WW188
1687,2003 WA191
1688,2003 WN193
1689,2003 WO193
1690,2003 YJ179
1691,2003 YK179
1692,2003 YM179
1693,2003 YN179
1694,2003 YP179
1695,2003 YR179
1696,2003 YS179
1697,2003 YT179
1698,2003 YV179
1699,2003 YX179
1700,2003 YY179
1701,2003 YZ179
1702,2004 CJ39
1703,2004 CM111
1704,2004 DA62
1705,2004 DG64
1706,2004 DH64
1707,2004 DK64
1708,2004 DL64
1709,2004 DM64
1710,2004 DN64
1711,2004 DK71
1712,2004 DL71
1713,2004 DM71
1714,2004 DF77
1715,2004 DG77
1716,2004 EO95
1717,2004 EP95
1718,2004 EQ95
1719,2004 ER95
1720,2004 ES95
1721,2004 ET95
1722,2004 EV95
1723,2004 EG96
1724,2004 EJ96
1725,2004 FW164
1726,2004 HX78
1727,2004 HY78
1728,2004 HZ78
1729,2004 HA79
1730,2004 HB79
1731,2004 HC79
1732,2004 HD79
1733,2004 HE79
1734,2004 HG79
1735,2004 HH79
1736,2004 HK79
1737,2004 HL79
1738,2004 HM79
1739,2004 HO79
1740,2004 HP79
1741,2004 HQ79
1742,2004 KV18
1743,2004 KZ18
1744,2004 KB19
1745,2004 KC19
1746,2004 KD19
1747,2004 KE19
1748,2004 KF19
1749,2004 KG19
1750,2004 KH19
1751,2004 KJ19
1752,2004 KK19
1753,2004 KL19
1754,2004 KM19
1755,2004 LR31
1756,2004 LV31
1757,2004 LW31
1758,2004 LT32
1759,2004 LU32
1760,2004 LV32
1761,2004 LW32
1762,2004 LX32
1763,2004 LY32
1764,2004 LZ32
1765,2004 LA33
1766,2004 LB33
1767,2004 LC33
1768,2004 LD33
1769,2004 LE33
1770,2004 MS8
1771,2004 MT8
1772,2004 MU8
1773,2004 MV8
1774,2004 MW8
1775,2004 MK10
1776,2004 MM10
1777,2004 MN10
1778,2004 MO10
1779,2004 MP10
1780,2004 NN8
1781,2004 OL12
1782,2004 OJ14
1783,2004 OL14
1784,2004 OP15
1785,2004 OQ15
1786,2004 OS15
1787,2004 PS107
1788,2004 PU107
1789,2004 PV107
1790,2004 PX107
1791,2004 PZ107
1792,2004 PB108
1793,2004 PY111
1794,2004 PZ111
1795,2004 PC112
1796,2004 PD112
1797,2004 PE112
1798,2004 PF112
1799,2004 PT117
1800,2004 PU117
1801,2004 PV117
1802,2004 PW117
1803,2004 PX117
1804,2004 PY117
1805,2004 QE29
1806,2004 QG29
1807,2004 QH29
1808,2004 RW141
1809,2004 SC60
1810,2004 TE282
1811,2004 TU357
1812,2004 TW357
1813,2004 TX357
1814,2004 TB358
1815,2004 TZ387
1816,2004 UD10
1817,2004 UE10
1818,2004 UF10
1819,2004 US10
1820,2004 UT10
1821,2004 UU10
1822,2004 UW10
1823,2004 VU75
1824,2004 VV75
1825,2004 VW75
1826,2004 VX75
1827,2004 VY75
1828,2004 VZ75
1829,2004 VA76
1830,2004 VK78
1831,2004 VL78
1832,2004 VM78
1833,2004 VN78
1834,2004 VP112
1835,2004 VT130
1836,2004 VU130
1837,2004 VV130
1838,2004 VX130
1839,2004 VY130
1840,2004 VZ130
1841,2004 VD131
1842,2004 VE131
1843,2004 VF131
1844,2004 VG131
1845,2004 VH131
1846,2004 VM131
1847,2004 VU131
1848,2004 XW186
1849,2004 XX186
1850,2004 XY186
1851,2004 XZ186
1852,2004 XQ190
1853,2004 XX190
1854,2005 BV49
1855,2005 BW49
1856,2005 CD81
1857,2005 CE81
1858,2005 CF81
1859,2005 EE296
1860,2005 EO296
1861,2005 EP296
1862,2005 EK298
1863,2005 ED300
1864,2005 EJ300
1865,2005 EM303
1866,2005 EF304
1867,2005 EH305
1868,2005 EB318
1869,2005 EC318
1870,2005 EW318
1871,2005 EX318
1872,2005 GW186
1873,2005 GX186
1874,2005 GZ186
1875,2005 GA187
1876,2005 GC187
1877,2005 GD187
1878,2005 GF187
1879,2005 GX206
1880,2005 GY206
1881,2005 GZ206
1882,2005 GV210
1883,2005 GW210
1884,2005 GH228
1885,2005 HL3
1886,2005 JZ174
1887,2005 JH177
1888,2005 JO179
1889,2005 JQ179
1890,2005 JY185
1891,2005 JA186
1892,2005 JB186
1893,2005 JJ186
1894,2005 JK186
1895,2005 LA54
1896,2005 LB54
1897,2005 LC54
1898,2005 NP82
1899,2005 NU125
1900,2005 NV125
1901,2005 OE
1902,2005 PK21
1903,2005 PL21
1904,2005 PM21
1905,2005 PN21
1906,2005 PO21
1907,2005 PP21
1908,2005 PS21
1909,2005 PT21
1910,2005 PD23
1911,2005 PE23
1912,2005 PF23
1913,2005 PG23
1914,2005 PH23
1915,2005 RH52
1916,2005 SB223
1917,2005 TJ50
1918,2005 TN53
1919,2005 TH173
1920,2005 TV189
1921,2005 UH525
1922,2005 VX3
1923,2005 VZ122
1924,2005 VA123
1925,2005 VB123
1926,2005 YL292
1927,2005 YM292
1928,2006 AH2
1929,2006 AK98
1930,2006 AL98
1931,2006 AM98
1932,2006 AN98
1933,2006 AO98
1934,2006 AA99
1935,2006 AO101
1936,2006 BZ8
1937,2006 BR284
1938,2006 BS284
1939,2006 CH69
1940,2006 EX52
1941,2006 FV4
1942,2006 HN122
1943,2006 HO122
1944,2006 HP122
1945,2006 HR122
1946,2006 HS122
1947,2006 HT122
1948,2006 HW122
1949,2006 HX122
1950,2006 HY122
1951,2006 HZ122
1952,2006 HA123
1953,2006 HB123
1954,2006 HC123
1955,2006 HD123
1956,2006 HE123
1957,2006 HG123
1958,2006 JG57
1959,2006 JU58
1960,2006 JV58
1961,2006 JW81
1962,2006 LM1
1963,2006 OC22
1964,2006 QP180
1965,2006 QS180
1966,2006 QT180
1967,2006 QU180
1968,2006 QV180
1969,2006 QW180
1970,2006 QX180
1971,2006 QY180
1972,2006 QZ180
1973,2006 QA181
1974,2006 QB181
1975,2006 QC181
1976,2006 QD181
1977,2006 QF181
1978,2006 QG181
1979,2006 QH181
1980,2006 QK181
1981,2006 QL181
1982,2006 QM181
1983,2006 QN181
1984,2006 QO181
1985,2006 QP181
1986,2006 QQ181
1987,2006 QR181
1988,2006 QS181
1989,2006 RG1
1990,2006 RJ2
1991,2006 SO134
1992,2006 SF369
1993,2006 SL371
1994,2006 SE415
1995,2006 SF415
1996,2006 SG415
1997,2006 SH415
1998,2006 TK121
1999,2006 TM130
2000,2006 TO130
2001,2006 TP130
2002,2006 UY184
2003,2006 UK321
2004,2006 UM321
2005,2006 UP321
2006,2006 UQ321
2007,2006 UR321
2008,2006 US321
2009,2006 UT321
2010,2006 VD79
2011,2006 WS195
2012,2006 WF206
2013,2006 WG206
2014,2007 BO81
2015,2007 BP102
2016,2007 CJ66
2017,2007 CK66
2018,2007 CQ79
2019,2007 CR79
2020,2007 CS79
2021,2007 CT79
2022,2007 CU79
2023,2007 CV79
2024,2007 CW79
2025,2007 CX79
2026,2007 DA61
2027,2007 DS101
2028,2007 FM51
2029,2007 FN51
2030,2007 FO51
2031,2007 FP51
2032,2007 HU45
2033,2007 HV90
2034,2007 JF45
2035,2007 LE38
2036,2007 LF38
2037,2007 LG38
2038,2007 LH38
2039,2007 LJ38
2040,2007 RL314
2041,2007 RN314
2042,2007 RO314
2043,2007 RP314
2044,2007 RW326
2045,2007 RX326
2046,2007 RY326
2047,2007 RZ326
2048,2007 SA24
2049,2007 TG250
2050,2007 TB418
2051,2007 TC418
2052,2007 TD418
2053,2007 TJ422
2054,2007 TU431
2055,2007 TV431
2056,2007 TW431
2057,2007 TX431
2058,2007 TB434
2059,2007 TC434
2060,2007 TQ436
2061,2007 TR436
2062,2007 VJ200
2063,2007 VU259
2064,2007 VJ302
2065,2007 VK302
2066,2007 VH305
2067,2008 AP118
2068,2008 AQ118
2069,2008 AU138
2070,2008 BN18
2071,2008 EG144
2072,2008 HY21
2073,2008 JS14
2074,2008 JO41
2075,2008 LC18
2076,2008 LD18
2077,2008 OM4
2078,2008 RG167
2079,2008 SE82
2080,2008 TA239
2081,2008 UZ331
2082,2008 UA332
2083,2008 WT11
2084,2008 WA95
2085,2008 YD112
2086,2009 AU16
2087,2009 BL80
2088,2009 DP2
2089,2009 DD47
2090,2009 DJ143
2091,2009 DK143
2092,2009 DL143
2093,2009 DM143
2094,2009 DN143
2095,2009 DO143
2096,2009 DP143
2097,2009 DQ143
2098,2009 DR143
2099,2009 DS143
2100,2009 DT143
2101,2009 FW23
2102,2009 JT18
2103,2009 JU18
2104,2009 JV18
2105,2009 JW18
2106,2009 JX18
2107,2009 JY18
2108,2009 JZ18
2109,2009 JA19
2110,2009 JB19
2111,2009 JC19
2112,2009 JD19
2113,2009 JE19
2114,2009 JF19
2115,2009 KJ30
2116,2009 KK30
2117,2009 KL30
2118,2009 KM30
2119,2009 KN30
2120,2009 KO30
2121,2009 KK31
2122,2009 KT36
2123,2009 KU36
2124,2009 KV36
2125,2009 KW36
2126,2009 KX36
2127,2009 KY36
2128,2009 KZ36
2129,2009 KA37
2130,2009 MA10
2131,2009 ME10
2132,2009 MF10
2133,2009 MG10
2134,2009 QY6
2135,2009 SE8
2136,2009 UF156
2137,2009 WX199
2138,2009 XM26
2139,2009 YG19
2140,2009 YR26
2141,2009 YS26
2142,2009 YT26
2143,2009 YK32
2144,2010 AV153
2145,2010 BL4
2146,2010 BD15
2147,2010 BX81
2148,2010 BA101
2149,2010 BV109
2150,2010 BK118
2151,2010 CG55
2152,2010 CQ140
2153,2010 CR140
2154,2010 CD201
2155,2010 DJ10
2156,2010 DD57
2157,2010 DG77
2158,2010 DF106
2159,2010 ER2
2160,2010 EG4
2161,2010 EE21
2162,2010 EB46
2163,2010 EQ65
2164,2010 ES65
2165,2010 EU65
2166,2010 EJ104
2167,2010 EL139
2168,2010 ER144
2169,2010 EX175
2170,2010 FX86
2171,2010 FH92
2172,2010 FY125
2173,2010 GX34
2174,2010 GW64
2175,2010 GW147
2176,2010 GB174
2177,2010 HM23
2178,2010 HR68
2179,2010 HG109
2180,2010 HD112
2181,2010 HK126
2182,2010 JB80
2183,2010 JH124
2184,2010 JJ124
2185,2010 JK124
2186,2010 JO142
2187,2010 JC147
2188,2010 JA191
2189,2010 JJ210
2190,2010 JE215
2191,2010 KG12
2192,2010 KZ39
2193,2010 KJ148
2194,2010 LG61
2195,2010 LN68
2196,2010 LP68
2197,2010 LQ68
2198,2010 LK109
2199,2010 LN135
2200,2010 LB136
2201,2010 MR116
2202,2010 MW136
2203,2010 NM1
2204,2010 NG146
2205,2010 OR1
2206,2010 OM101
2207,2010 PK16
2208,2010 PT66
2209,2010 PU75
2210,2010 PO81
2211,2010 QQ7
2212,2010 RG43
2213,2010 RM45
2214,2010 RN45
2215,2010 RF64
2216,2010 RN64
2217,2010 RD188
2218,2010 RF188
2219,2010 RJ190
2220,2010 RK190
2221,2010 SB41
2222,2010 TH
2223,2010 TJ
2224,2010 TJ182
2225,2010 TL182
2226,2010 TN182
2227,2010 TP182
2228,2010 TS191
2229,2010 TT191
2230,2010 TV191
2231,2010 TA192
2232,2010 TD192
2233,2010 TE192
2234,2010 TF192
2235,2010 TG192
2236,2010 TK192
2237,2010 TS195
2238,2010 UU110
2239,2010 VR11
2240,2010 VE21
2241,2010 VC189
2242,2010 VX224
2243,2010 VD253
2244,2010 VE253
2245,2010 WG9
2246,2010 WM75
2247,2010 XE91
2248,2010 YK3
2249,2011 BL40
2250,2011 BR163
2251,2011 BS163
2252,2011 BT163
2253,2011 BU163
2254,2011 BN170
2255,2011 BO170
2256,2011 BP170
2257,2011 CW119
2258,2011 CX119
2259,2011 CY119
2260,2011 EY90
2261,2011 EZ90
2262,2011 FS53
2263,2011 GN27
2264,2011 GM89
2265,2011 HO60
2266,2011 HP83
2267,2011 HM102
2268,2011 HZ102
2269,2011 HD103
2270,2011 HE103
2271,2011 HF103
2272,2011 HJ103
2273,2011 HK103
2274,2011 HL103
2275,2011 HN104
2276,2011 JW31
2277,2011 JX31
2278,2011 JY31
2279,2011 JA32
2280,2011 JD32
2281,2011 KW48
2282,2011 LJ29
2283,2011 MM4
2284,2011 MV11
2285,2011 OR17
2286,2011 OF45
2287,2011 OB60
2288,2011 QF99
2289,2011 RS
2290,2011 RC17
2291,2011 SZ3
2292,2011 SP25
2293,2011 SQ55
2294,2011 SQ249
2295,2011 SR250
2296,2011 SW281
2297,2011 UQ62
2298,2011 UR402
2299,2011 UP410
2300,2011 UQ410
2301,2011 UR410
2302,2011 US410
2303,2011 UU410
2304,2011 UV410
2305,2011 UW410
2306,2011 UX410
2307,2011 UY410
2308,2011 UZ410
2309,2011 UA411
2310,2011 UB411
2311,2011 UD411
2312,2011 UE411
2313,2011 UF411
2314,2011 UG411
2315,2011 UH411
2316,2011 UJ411
2317,2011 UL411
2318,2011 UM411
2319,2011 UN411
2320,2011 UO411
2321,2011 UP411
2322,2011 UQ411
2323,2011 UR411
2324,2011 US411
2325,2011 UT411
2326,2011 UU411
2327,2011 UV411
2328,2011 UW411
2329,2011 UX411
2330,2011 UY411
2331,2011 UZ411
2332,2011 UA412
2333,2011 UB412
2334,2011 UC412
2335,2011 UD412
2336,2011 UE412
2337,2011 UF412
2338,2011 UG412
2339,2011 UH412
2340,2011 UJ412
2341,2011 UK412
2342,2011 UL412
2343,2011 UM412
2344,2011 UN412
2345,2011 UO412
2346,2011 UP412
2347,2011 UQ412
2348,2011 UR412
2349,2011 US412
2350,2011 UT412
2351,2011 UU412
2352,2011 UV412
2353,2011 UW412
2354,2011 UX412
2355,2011 UY412
2356,2011 UZ412
2357,2011 UA413
2358,2011 UJ413
2359,2011 UK413
2360,2011 VZ24
2361,2011 WS41
2362,2011 WR74
2363,2011 WJ157
2364,2011 YU75
2365,2012 AZ25
2366,2012 BU37
2367,2012 BZ130
2368,2012 BV154
2369,2012 BY154
2370,2012 CN29
2371,2012 CM36
2372,2012 DR30
2373,2012 DD61
2374,2012 DS85
2375,2012 DZ98
2376,2012 DQ106
2377,2012 DV121
2378,2012 EE18
2379,2012 FZ78
2380,2012 FH84
2381,2012 FN84
2382,2012 FN87
2383,2012 GV1
2384,2012 GU11
2385,2012 GM12
2386,2012 GX17
2387,2012 HD2
2388,2012 HE85
2389,2012 HW87
2390,2012 HX87
2391,2012 KA51
2392,2012 LB27
2393,2012 OL6
2394,2012 PD26
2395,2012 SB67
2396,2012 TO46
2397,2012 TF72
2398,2012 TT72
2399,2012 TL139
2400,2012 TN149
2401,2012 TJ261
2402,2012 TC324
2403,2012 TD324
2404,2012 TE324
2405,2012 TF324
2406,2012 TF359
2407,2012 UN138
2408,2012 UY174
2409,2012 UG177
2410,2012 UH177
2411,2012 UJ177
2412,2012 UK177
2413,2012 UL177
2414,2012 UM177
2415,2012 UN177
2416,2012 UO177
2417,2012 UP177
2418,2012 UQ177
2419,2012 UR177
2420,2012 US177
2421,2012 UT177
2422,2012 UU177
2423,2012 UV177
2424,2012 UW177
2425,2012 UD178
2426,2012 UD185
2427,2012 UE185
2428,2012 VG94
2429,2012 VP113
2430,2012 VB116
2431,2012 VR128
2432,2012 WD37
2433,2012 WE37
2434,2012 WF37
2435,2012 WG37
2436,2012 XR157
2437,2012 XW159
2438,2012 YO6
2439,2012 YE8
2440,2012 YO9
2441,2012 YF12
2442,2012 YG12
2443,2013 AZ60
2444,2013 AS105
2445,2013 AX158
2446,2013 AE174
2447,2013 AN180
2448,2013 AR183
2449,2013 AS183
2450,2013 BN27
2451,2013 BL76
2452,2013 BK78
2453,2013 CZ10
2454,2013 CM77
2455,2013 CJ118
2456,2013 CY133
2457,2013 CA134
2458,2013 CE223
2459,2013 CZ242
2460,2013 EZ27
2461,2013 EM149
2462,2013 EJ154
2463,2013 FA28
2464,2013 FD28
2465,2013 FG28
2466,2013 FH28
2467,2013 FK28
2468,2013 FL28
2469,2013 FM28
2470,2013 FN28
2471,2013 FO28
2472,2013 FQ28
2473,2013 FS28
2474,2013 FT28
2475,2013 GY54
2476,2013 GO136
2477,2013 GQ136
2478,2013 GS136
2479,2013 GX136
2480,2013 GY136
2481,2013 GA137
2482,2013 GC137
2483,2013 GE137
2484,2013 GF137
2485,2013 GG137
2486,2013 GH137
2487,2013 GJ137
2488,2013 GL137
2489,2013 GM137
2490,2013 GO137
2491,2013 GP137
2492,2013 GR137
2493,2013 GS137
2494,2013 GU137
2495,2013 GX137
2496,2013 GY137
2497,2013 GZ137
2498,2013 GB138
2499,2013 GC138
2500,2013 GD138
2501,2013 GE138
2502,2013 GF138
2503,2013 GG138
2504,2013 GJ138
2505,2013 GW141
2506,2013 GM158
2507,2013 GN158
2508,2013 HS150
2509,2013 HR156
2510,2013 HS156
2511,2013 HW156
2512,2013 HG162
2513,2013 JD4
2514,2013 JX14
2515,2013 JU63
2516,2013 JV63
2517,2013 JW63
2518,2013 JC64
2519,2013 JF64
2520,2013 JK64
2521,2013 JL64
2522,2013 JO64
2523,2013 JP64
2524,2013 JQ64
2525,2013 JR64
2526,2013 JS64
2527,2013 JT64
2528,2013 JU64
2529,2013 JV64
2530,2013 JY64
2531,2013 JZ64
2532,2013 JA65
2533,2013 JB65
2534,2013 JC65
2535,2013 JD65
2536,2013 JE65
2537,2013 JF65
2538,2013 JG65
2539,2013 JH65
2540,2013 JM65
2541,2013 JQ65
2542,2013 JR65
2543,2013 JS65
2544,2013 JT65
2545,2013 JW65
2546,2013 JX67
2547,2013 KY18
2548,2013 LA2
2549,2013 LD16
2550,2013 LG29
2551,2013 LU35
2552,2013 LY35
2553,2013 LZ36
2554,2013 MB12
2555,2013 MR18
2556,2013 NS11
2557,2013 NM24
2558,2013 NT33
2559,2013 NU33
2560,2013 PS21
2561,2013 PQ37
2562,2013 PJ44
2563,2013 PU74
2564,2013 PW74
2565,2013 PX74
2566,2013 PS76
2567,2013 PD84
2568,2013 QP95
2569,2013 QR99
2570,2013 QX103
2571,2013 RN30
2572,2013 RA96
2573,2013 RB98
2574,2013 RD98
2575,2013 RF98
2576,2013 RG98
2577,2013 RP98
2578,2013 RQ98
2579,2013 RR98
2580,2013 RX108
2581,2013 RY108
2582,2013 RZ108
2583,2013 RA109
2584,2013 RB109
2585,2013 RC109
2586,2013 RD109
2587,2013 RE109
2588,2013 RF109
2589,2013 RG109
2590,2013 RH109
2591,2013 RJ109
2592,2013 RK109
2593,2013 RL109
2594,2013 RM109
2595,2013 RN109
2596,2013 RO109
2597,2013 RP109
2598,2013 RQ109
2599,2013 RR109
2600,2013 RS109
2601,2013 RT109
2602,2013 RD124
2603,2013 RE124
2604,2013 RF124
2605,2013 RG124
2606,2013 RH124
2607,2013 RJ124
2608,2013 RK124
2609,2013 RL124
2610,2013 RM124
2611,2013 RN124
2612,2013 RO124
2613,2013 RP124
2614,2013 RQ124
2615,2013 RR124
2616,2013 RS124
2617,2013 RT124
2618,2013 RU124
2619,2013 RV124
2620,2013 RW124
2621,2013 RX124
2622,2013 RT128
2623,2013 RU128
2624,2013 RV128
2625,2013 RW128
2626,2013 RQ155
2627,2013 RR155
2628,2013 RS155
2629,2013 RT155
2630,2013 RU155
2631,2013 RV155
2632,2013 RX155
2633,2013 RY155
2634,2013 RZ155
2635,2013 RA156
2636,2013 RB156
2637,2013 RC156
2638,2013 RD156
2639,2013 RE156
2640,2013 RF156
2641,2013 RG156
2642,2013 RH156
2643,2013 RO156
2644,2013 RP156
2645,2013 RQ156
2646,2013 RR156
2647,2013 RS156
2648,2013 RT156
2649,2013 RU156
2650,2013 RV156
2651,2013 RW156
2652,2013 RX156
2653,2013 RY156
2654,2013 RZ156
2655,2013 RA157
2656,2013 RB157
2657,2013 RC157
2658,2013 RD157
2659,2013 RE157
2660,2013 RF157
2661,2013 RG157
2662,2013 RH157
2663,2013 RL157
2664,2013 RM157
2665,2013 RO157
2666,2013 RP157
2667,2013 RQ157
2668,2013 RR157
2669,2013 RS157
2670,2013 RT157
2671,2013 RU157
2672,2013 RV157
2673,2013 RW157
2674,2013 RX157
2675,2013 RY157
2676,2013 RA158
2677,2013 RB158
2678,2013 RC158
2679,2013 RD158
2680,2013 RE158
2681,2013 RF158
2682,2013 RG158
2683,2013 RJ158
2684,2013 RK158
2685,2013 RL158
2686,2013 RM158
2687,2013 RN158
2688,2013 RO158
2689,2013 RP158
2690,2013 RQ158
2691,2013 RT158
2692,2013 SE99
2693,2013 SV99
2694,2013 SY99
2695,2013 SZ99
2696,2013 SJ100
2697,2013 SK100
2698,2013 SL100
2699,2013 SM100
2700,2013 SN100
2701,2013 SO100
2702,2013 SP100
2703,2013 SQ100
2704,2013 SR100
2705,2013 SS100
2706,2013 ST100
2707,2013 SU100
2708,2013 SV100
2709,2013 SW100
2710,2013 SX100
2711,2013 SY100
2712,2013 SZ100
2713,2013 SA101
2714,2013 SB101
2715,2013 SC101
2716,2013 SD101
2717,2013 SE101
2718,2013 SF101
2719,2013 SG101
2720,2013 SG102
2721,2013 SH102
2722,2013 SJ102
2723,2013 SK102
2724,2013 SL102
2725,2013 SM102
2726,2013 SN102
2727,2013 SO102
2728,2013 SP102
2729,2013 SQ102
2730,2013 SR102
2731,2013 SS102
2732,2013 ST102
2733,2013 SD106
2734,2013 SE106
2735,2013 SF106
2736,2013 SG106
2737,2013 SH106
2738,2013 SJ106
2739,2013 SK106
2740,2013 SL106
2741,2013 SM106
2742,2013 SN106
2743,2013 SO107
2744,2013 SY111
2745,2013 SZ111
2746,2013 SA112
2747,2013 SB112
2748,2013 SC112
2749,2013 SD112
2750,2013 SE112
2751,2013 SF112
2752,2013 SG112
2753,2013 SH112
2754,2013 SJ112
2755,2013 SK112
2756,2013 SL112
2757,2013 SM112
2758,2013 SN112
2759,2013 SO112
2760,2013 SP112
2761,2013 SQ112
2762,2013 SS112
2763,2013 ST112
2764,2013 SU112
2765,2013 SV112
2766,2013 SW112
2767,2013 SX112
2768,2013 SY112
2769,2013 SZ112
2770,2013 SA113
2771,2013 SB113
2772,2013 SD113
2773,2013 SE113
2774,2013 SF113
2775,2013 SG113
2776,2013 SH113
2777,2013 TM56
2778,2013 TP145
2779,2013 TH159
2780,2013 TM159
2781,2013 TX171
2782,2013 TY171
2783,2013 TZ171
2784,2013 TA172
2785,2013 TB172
2786,2013 TC172
2787,2013 TD172
2788,2013 TE172
2789,2013 TF172
2790,2013 TG172
2791,2013 TH172
2792,2013 TJ172
2793,2013 TK172
2794,2013 TL172
2795,2013 TM172
2796,2013 TB187
2797,2013 TC187
2798,2013 TD187
2799,2013 TE187
2800,2013 TF187
2801,2013 TG187
2802,2013 TH187
2803,2013 TJ187
2804,2013 TK187
2805,2013 TL187
2806,2013 TM187
2807,2013 TN187
2808,2013 TO187
2809,2013 TP187
2810,2013 TQ187
2811,2013 TR187
2812,2013 TS187
2813,2013 TT187
2814,2013 TU187
2815,2013 TV187
2816,2013 TW187
2817,2013 TX187
2818,2013 TY187
2819,2013 TZ187
2820,2013 TB188
2821,2013 TC188
2822,2013 TD188
2823,2013 TE188
2824,2013 TF188
2825,2013 TK227
2826,2013 TL227
2827,2013 TM227
2828,2013 TN227
2829,2013 TP227
2830,2013 TQ227
2831,2013 TR227
2832,2013 TS227
2833,2013 TT227
2834,2013 TU227
2835,2013 TV227
2836,2013 TX227
2837,2013 TY227
2838,2013 TZ227
2839,2013 TA228
2840,2013 TB228
2841,2013 TC228
2842,2013 TD228
2843,2013 TE228
2844,2013 TF228
2845,2013 TG228
2846,2013 TH228
2847,2013 TJ228
2848,2013 TK228
2849,2013 TL228
2850,2013 TM228
2851,2013 TN228
2852,2013 TO228
2853,2013 TP228
2854,2013 TQ228
2855,2013 TS228
2856,2013 TT228
2857,2013 TU228
2858,2013 TV228
2859,2013 TW228
2860,2013 TX228
2861,2013 TY228
2862,2013 TZ228
2863,2013 TA229
2864,2013 TB229
2865,2013 TC229
2866,2013 TD229
2867,2013 TE229
2868,2013 TF229
2869,2013 TG229
2870,2013 TH229
2871,2013 TJ229
2872,2013 TM229
2873,2013 TN229
2874,2013 TO229
2875,2013 TP229
2876,2013 TQ229
2877,2013 TS229
2878,2013 UE15
2879,2013 UH15
2880,2013 UJ15
2881,2013 UK15
2882,2013 UN15
2883,2013 UO15
2884,2013 UP15
2885,2013 UQ15
2886,2013 UR15
2887,2013 US15
2888,2013 UW16
2889,2013 UX16
2890,2013 UY16
2891,2013 UZ16
2892,2013 UA17
2893,2013 UB17
2894,2013 UC17
2895,2013 UD17
2896,2013 UE17
2897,2013 UF17
2898,2013 UG17
2899,2013 UH17
2900,2013 UJ17
2901,2013 UK17
2902,2013 UL17
2903,2013 UM17
2904,2013 UN17
2905,2013 UO17
2906,2013 UP17
2907,2013 UQ17
2908,2013 UR17
2909,2013 US17
2910,2013 UT17
2911,2013 UU17
2912,2013 UV17
2913,2013 UW17
2914,2013 UX17
2915,2013 UY17
2916,2013 UZ17
2917,2013 UA18
2918,2013 UB18
2919,2013 UC18
2920,2013 UD18
2921,2013 UE18
2922,2013 UF18
2923,2013 UG18
2924,2013 UW18
2925,2013 UX18
2926,2013 UR22
2927,2013 UT22
2928,2013 UE31
2929,2013 UF31
2930,2013 UP44
2931,2013 UL49
2932,2013 VD24
2933,2013 VF24
2934,2013 VQ25
2935,2013 VX30
2936,2013 VZ31
2937,2013 VK46
2938,2013 VL46
2939,2013 VM46
2940,2013 VN46
2941,2013 VO46
2942,2013 VP46
2943,2013 VQ46
2944,2013 VR46
2945,2013 VS46
2946,2013 VZ70
2947,2013 VO71
2948,2013 VQ71
2949,2013 VR71
2950,2013 VS71
2951,2013 VT71
2952,2013 VU71
2953,2013 VV71
2954,2013 VW71
2955,2013 VX71
2956,2013 VY71
2957,2013 VZ71
2958,2013 VA72
2959,2013 VB72
2960,2013 VC72
2961,2013 VD72
2962,2013 VE72
2963,2013 VF72
2964,2013 VH72
2965,2013 WK64
2966,2013 WG114
2967,2013 WH123
2968,2013 WJ123
2969,2013 WK123
2970,2013 WA139
2971,2013 WB139
2972,2013 WC139
2973,2013 XU33
2974,2013 XL40
2975,2013 XM40
2976,2013 YF48
2977,2013 YG48
2978,2013 YK122
2979,2013 YD169
2980,2014 AM55
2981,2014 BD70
2982,2014 CW14
2983,2014 DW9
2984,2014 DT112
2985,2014 EL65
2986,2014 EL76
2987,2014 EK119
2988,2014 EY247
2989,2014 FP43
2990,2014 FP59
2991,2014 FU61
2992,2014 FX61
2993,2014 FB62
2994,2014 FC62
2995,2014 FC69
2996,2014 FO69
2997,2014 FD70
2998,2014 FL70
2999,2014 FV71
3000,2014 FX71
3001,2014 FY71
3002,2014 FZ71
3003,2014 FA72
3004,2014 FB72
3005,2014 FC72
3006,2014 FE72
3007,2014 FF72
3008,2014 FG72
3009,2014 FH72
3010,2014 FJ72
3011,2014 FK72
3012,2014 FL72
3013,2014 FM72
3014,2014 GZ44
3015,2014 GR53
3016,2014 GT53
3017,2014 GE54
3018,2014 GJ54
3019,2014 GK54
3020,2014 GK65
3021,2014 HR71
3022,2014 HV176
3023,2014 HY195
3024,2014 HD200
3025,2014 HP208
3026,2014 HR208
3027,2014 HV208
3028,2014 HX209
3029,2014 HO211
3030,2014 JJ57
3031,2014 JE80
3032,2014 JO80
3033,2014 JT80
3034,2014 JU80
3035,2014 JV80
3036,2014 JC92
3037,2014 JQ92
3038,2014 JP137
3039,2014 KG2
3040,2014 KV3
3041,2014 KL84
3042,2014 KS101
3043,2014 KT101
3044,2014 KX101
3045,2014 KA102
3046,2014 KB102
3047,2014 KC102
3048,2014 KD102
3049,2014 KE113
3050,2014 KM122
3051,2014 LR14
3052,2014 LO28
3053,2014 LQ28
3054,2014 LT28
3055,2014 LU28
3056,2014 MH55
3057,2014 MT69
3058,2014 MX69
3059,2014 ME70
3060,2014 MF70
3061,2014 MG70
3062,2014 MH70
3063,2014 MA71
3064,2014 MB103
3065,2014 NV65
3066,2014 NX65
3067,2014 NY65
3068,2014 NA66
3069,2014 NB66
3070,2014 NC66
3071,2014 ND81
3072,2014 NT86
3073,2014 ON57
3074,2014 OF331
3075,2014 OS393
3076,2014 OV393
3077,2014 OW393
3078,2014 OY393
3079,2014 OC394
3080,2014 OD394
3081,2014 OF394
3082,2014 OJ394
3083,2014 OQ394
3084,2014 PA7
3085,2014 PP69
3086,2014 PN70
3087,2014 PQ70
3088,2014 PS70
3089,2014 PM82
3090,2014 PE88
3091,2014 QZ111
3092,2014 QW243
3093,2014 QU250
3094,2014 QM288
3095,2014 QF433
3096,2014 QM441
3097,2014 QO441
3098,2014 QP441
3099,2014 QU441
3100,2014 QW441
3101,2014 QY441
3102,2014 QC442
3103,2014 QE442
3104,2014 QF442
3105,2014 QG442
3106,2014 QT495
3107,2014 QU495
3108,2014 QV495
3109,2014 QW495
3110,2014 QS510
3111,2014 QT510
3112,2014 QU510
3113,2014 QV510
3114,2014 QW510
3115,2014 QX510
3116,2014 QY510
3117,2014 QZ510
3118,2014 QB527
3119,2014 QF562
3120,2014 QG562
3121,2014 QH562
3122,2014 QJ562
3123,2014 QK562
3124,2014 QL562
3125,2014 QM562
3126,2014 QP562
3127,2014 QQ562
3128,2014 QR562
3129,2014 QS562
3130,2014 QT562
3131,2014 QU562
3132,2014 QV562
3133,2014 QW562
3134,2014 QX562
3135,2014 QY562
3136,2014 QZ562
3137,2014 QH563
3138,2014 RE12
3139,2014 RS63
3140,2014 RH70
3141,2014 RJ70
3142,2014 RL74
3143,2014 RM74
3144,2014 RN74
3145,2014 RO74
3146,2014 RK86
3147,2014 RL86
3148,2014 RM86
3149,2014 RO86
3150,2014 RP86
3151,2014 RQ86
3152,2014 RR86
3153,2014 RS86
3154,2014 RT86
3155,2014 RU86
3156,2014 RV86
3157,2014 RW86
3158,2014 RX86
3159,2014 RY86
3160,2014 SS303
3161,2014 SG304
3162,2014 SQ339
3163,2014 SZ348
3164,2014 SB349
3165,2014 SR349
3166,2014 SS349
3167,2014 ST349
3168,2014 SU349
3169,2014 SV349
3170,2014 SW349
3171,2014 SX349
3172,2014 SY349
3173,2014 SZ349
3174,2014 SB350
3175,2014 SC350
3176,2014 SD350
3177,2014 SE350
3178,2014 SF350
3179,2014 SG350
3180,2014 SH350
3181,2014 SJ350
3182,2014 SK350
3183,2014 SL350
3184,2014 SM350
3185,2014 SN350
3186,2014 SO350
3187,2014 SQ350
3188,2014 SR350
3189,2014 SM363
3190,2014 SN363
3191,2014 SO363
3192,2014 SP363
3193,2014 SA365
3194,2014 SQ369
3195,2014 SM373
3196,2014 SN373
3197,2014 SO373
3198,2014 SP373
3199,2014 SQ373
3200,2014 SR373
3201,2014 SS373
3202,2014 ST373
3203,2014 SU373
3204,2014 SV373
3205,2014 SW373
3206,2014 SX373
3207,2014 SY373
3208,2014 SZ373
3209,2014 SA374
3210,2014 SB374
3211,2014 SC374
3212,2014 SF378
3213,2014 SG378
3214,2014 SH378
3215,2014 SJ378
3216,2014 SD403
3217,2014 SL403
3218,2014 SN403
3219,2014 SQ403
3220,2014 SR403
3221,2014 SS403
3222,2014 ST403
3223,2014 SU403
3224,2014 SV403
3225,2014 SW403
3226,2014 SX403
3227,2014 SY403
3228,2014 SZ403
3229,2014 SA404
3230,2014 SB404
3231,2014 SC404
3232,2014 SD404
3233,2014 SE404
3234,2014 SF404
3235,2014 SG404
3236,2014 SH404
3237,2014 SJ404
3238,2014 SK404
3239,2014 SL404
3240,2014 SR404
3241,2014 TK34
3242,2014 TT85
3243,2014 TU85
3244,2014 TX85
3245,2014 TB86
3246,2014 TE86
3247,2014 TF86
3248,2014 TL95
3249,2014 TM95
3250,2014 TS100
3251,2014 TT100
3252,2014 TY114
3253,2014 TA115
3254,2014 TC115
3255,2014 TD115
3256,2014 TG115
3257,2014 TH115
3258,2014 TJ115
3259,2014 TK115
3260,2014 TL115
3261,2014 TO115
3262,2014 TP115
3263,2014 TQ115
3264,2014 TR115
3265,2014 TS115
3266,2014 TT115
3267,2014 TU115
3268,2014 TV115
3269,2014 TW115
3270,2014 TX115
3271,2014 TY115
3272,2014 TZ115
3273,2014 TA116
3274,2014 TB116
3275,2014 TD116
3276,2014 TF116
3277,2014 UG6
3278,2014 UK70
3279,2014 UF77
3280,2014 UV114
3281,2014 UH192
3282,2014 UF224
3283,2014 UO224
3284,2014 UY224
3285,2014 UZ224
3286,2014 UA225
3287,2014 UB225
3288,2014 UC225
3289,2014 UH225
3290,2014 UJ225
3291,2014 UN225
3292,2014 UB228
3293,2014 UC228
3294,2014 UD228
3295,2014 UE228
3296,2014 UF228
3297,2014 UG228
3298,2014 UH228
3299,2014 UJ228
3300,2014 UK228
3301,2014 UL228
3302,2014 UM228
3303,2014 UN228
3304,2014 UO228
3305,2014 UP228
3306,2014 UQ228
3307,2014 UR228
3308,2014 US228
3309,2014 UT228
3310,2014 UU228
3311,2014 UV228
3312,2014 UW228
3313,2014 UX228
3314,2014 UY228
3315,2014 UZ228
3316,2014 UA229
3317,2014 UB229
3318,2014 UC229
3319,2014 UD229
3320,2014 UE229
3321,2014 UF229
3322,2014 UG229
3323,2014 UH229
3324,2014 UJ229
3325,2014 UK229
3326,2014 UL229
3327,2014 UM229
3328,2014 UN229
3329,2014 UO229
3330,2014 UP229
3331,2014 UQ229
3332,2014 UR229
3333,2014 US229
3334,2014 UT229
3335,2014 UU229
3336,2014 UV229
3337,2014 UW229
3338,2014 UY229
3339,2014 UZ229
3340,2014 UA230
3341,2014 UB230
3342,2014 UC230
3343,2014 UK231
3344,2014 UO231
3345,2014 UM233
3346,2014 UU240
3347,2014 UC241
3348,2014 UD241
3349,2014 UE241
3350,2014 UF241
3351,2014 UN250
3352,2014 UO250
3353,2014 UP250
3354,2014 UQ250
3355,2014 UM271
3356,2014 UW276
3357,2014 UX276
3358,2014 UY276
3359,2014 UZ276
3360,2014 UA277
3361,2014 UB277
3362,2014 UF277
3363,2014 UG277
3364,2014 UH277
3365,2014 UJ277
3366,2014 UK277
3367,2014 UL277
3368,2014 UM277
3369,2014 UN277
3370,2014 UO277
3371,2014 UP277
3372,2014 UQ277
3373,2014 UR277
3374,2014 US277
3375,2014 UT277
3376,2014 UU277
3377,2014 UV277
3378,2014 UW277
3379,2014 UX277
3380,2014 UY277
3381,2014 UE278
3382,2014 VT37
3383,2014 VW37
3384,2014 VR39
3385,2014 VV39
3386,2014 VB41
3387,2014 VC41
3388,2014 VK43
3389,2014 VL43
3390,2014 VM43
3391,2014 VN43
3392,2014 VO43
3393,2014 VP43
3394,2014 WQ365
3395,2014 WW508
3396,2014 WC509
3397,2014 WM509
3398,2014 WP509
3399,2014 WS509
3400,2014 WW509
3401,2014 WB510
3402,2014 WE510
3403,2014 WK510
3404,2014 WM510
3405,2014 WN510
3406,2014 WO510
3407,2014 WR510
3408,2014 WL517
3409,2014 WM517
3410,2014 WV535
3411,2014 WY535
3412,2014 WB536
3413,2014 WC536
3414,2014 WD536
3415,2014 WY555
3416,2014 WZ555
3417,2014 WA556
3418,2014 WB556
3419,2014 WC556
3420,2014 WD556
3421,2014 WE556
3422,2014 WX574
3423,2014 WX601
3424,2014 WY601
3425,2014 WZ601
3426,2014 WA602
3427,2014 WB602
3428,2014 WC602
3429,2014 WD602
3430,2014 WE602
3431,2014 WF602
3432,2014 WG602
3433,2014 WH602
3434,2014 WJ602
3435,2014 WL602
3436,2014 WM602
3437,2014 WL616
3438,2014 XS3
3439,2014 XW40
3440,2014 XY40
3441,2014 XZ40
3442,2014 XW47
3443,2014 XX47
3444,2014 XY47
3445,2014 XZ47
3446,2014 XA48
3447,2014 XB48
3448,2014 XC48
3449,2014 XR54
3450,2014 XS54
3451,2014 XT54
3452,2014 XU54
3453,2014 YO46
3454,2014 YX49
3455,2014 YY49
3456,2014 YA50
3457,2014 YD50
3458,2014 YL50
3459,2014 YR72
3460,2014 YS72
3461,2014 YT72
3462,2014 YU72
3463,2014 YW91
3464,2014 YX91
3465,2014 YZ91
3466,2014 YA92
3467,2014 YB92
3468,2014 YC92
3469,2014 YD92
3470,2014 YE92
3471,2014 YF92
3472,2014 YG92
3473,2014 YH92
3474,2014 YJ92
3475,2014 YK92
3476,2014 YQ99
3477,2015 AD25
3478,2015 AO44
3479,2015 AM107
3480,2015 AH281
3481,2015 AJ281
3482,2015 AL281
3483,2015 AR284
3484,2015 AQ293
3485,2015 AR293
3486,2015 AS293
3487,2015 AD298
3488,2015 AN304
3489,2015 BH311
3490,2015 BE384
3491,2015 BB480
3492,2015 BX514
3493,2015 BZ517
3494,2015 BH518
3495,2015 BK518
3496,2015 BL518
3497,2015 BP518
3498,2015 BQ518
3499,2015 BS518
3500,2015 BY518
3501,2015 BA519
3502,2015 BC519
3503,2015 BP519
3504,2015 BW524
3505,2015 BH526
3506,2015 BE568
3507,2015 BG568
3508,2015 BX603
3509,2015 DB198
3510,2015 DA225
3511,2015 DB225
3512,2015 DC225
3513,2015 DO248
3514,2015 DP248
3515,2015 DQ248
3516,2015 DR248
3517,2015 DS248
3518,2015 DT248
3519,2015 DU248
3520,2015 DV248
3521,2015 DW248
3522,2015 DX248
3523,2015 DY248
3524,2015 DZ248
3525,2015 DA249
3526,2015 DB249
3527,2015 DC249
3528,2015 DD249
3529,2015 DF249
3530,2015 DG249
3531,2015 DH249
3532,2015 DK249
3533,2015 DL249
3534,2015 DM249
3535,2015 DN249
3536,2015 DO249
3537,2015 DP249
3538,2015 DQ249
3539,2015 DR249
3540,2015 DS249
3541,2015 DT249
3542,2015 DU249
3543,2015 DV249
3544,2015 DW249
3545,2015 DX249
3546,2015 DY249
3547,2015 DZ249
3548,2015 DA250
3549,2015 DB250
3550,2015 DZ250
3551,2015 FK37
3552,2015 FJ345
3553,2015 FK345
3554,2015 FR345
3555,2015 FS345
3556,2015 FW392
3557,2015 FU403
3558,2015 FV403
3559,2015 FW403
3560,2015 FG415
3561,2015 FZ431
3562,2015 FA432
3563,2015 GB46
3564,2015 GP50
3565,2015 GQ50
3566,2015 GR50
3567,2015 GS50
3568,2015 GT50
3569,2015 GY51
3570,2015 GY53
3571,2015 GA54
3572,2015 GB54
3573,2015 GF54
3574,2015 GG54
3575,2015 GH54
3576,2015 GJ54
3577,2015 GK54
3578,2015 GL54
3579,2015 GM54
3580,2015 GN54
3581,2015 GO54
3582,2015 GP54
3583,2015 GQ54
3584,2015 GR54
3585,2015 GS54
3586,2015 GT54
3587,2015 GU54
3588,2015 GV54
3589,2015 GW54
3590,2015 GX54
3591,2015 GY54
3592,2015 GZ54
3593,2015 GA55
3594,2015 GB55
3595,2015 GC55
3596,2015 GD55
3597,2015 GE55
3598,2015 GF55
3599,2015 GG55
3600,2015 GH55
3601,2015 GJ55
3602,2015 GK55
3603,2015 GL55
3604,2015 GM55
3605,2015 GN55
3606,2015 GO55
3607,2015 GP55
3608,2015 GQ55
3609,2015 GR55
3610,2015 GS55
3611,2015 GT55
3612,2015 GU55
3613,2015 GV55
3614,2015 GW55
3615,2015 GX55
3616,2015 GY55
3617,2015 GZ55
3618,2015 GA56
3619,2015 GB56
3620,2015 GC56
3621,2015 GD56
3622,2015 GE56
3623,2015 GF56
3624,2015 GG56
3625,2015 GH56
3626,2015 GJ56
3627,2015 GK56
3628,2015 GL56
3629,2015 GM56
3630,2015 GN56
3631,2015 GO56
3632,2015 GP56
3633,2015 GQ56
3634,2015 GR56
3635,2015 GS56
3636,2015 GT56
3637,2015 GU56
3638,2015 GV56
3639,2015 GW56
3640,2015 GX56
3641,2015 GY56
3642,2015 GZ56
3643,2015 GA57
3644,2015 GB57
3645,2015 GC57
3646,2015 GD57
3647,2015 GE57
3648,2015 GF57
3649,2015 GG57
3650,2015 GH57
3651,2015 GJ57
3652,2015 GK57
3653,2015 GL57
3654,2015 GM57
3655,2015 GN57
3656,2015 GO57
3657,2015 GP57
3658,2015 GQ57
3659,2015 GR57
3660,2015 GS57
3661,2015 GT57
3662,2015 GU57
3663,2015 GV57
3664,2015 GW57
3665,2015 GX57
3666,2015 GY57
3667,2015 GZ57
3668,2015 GA58
3669,2015 GB58
3670,2015 GC58
3671,2015 GD58
3672,2015 GE58
3673,2015 GF58
3674,2015 GG58
3675,2015 GH58
3676,2015 GJ58
3677,2015 GK58
3678,2015 GL58
3679,2015 GM58
3680,2015 GN58
3681,2015 GO58
3682,2015 GP58
3683,2015 GQ58
3684,2015 GR58
3685,2015 GS58
3686,2015 GT58
3687,2015 GU58
3688,2015 GV58
3689,2015 GW58
3690,2015 GX58
3691,2015 GY58
3692,2015 GZ58
3693,2015 GA59
3694,2015 GB59
3695,2015 GC59
3696,2015 GD59
3697,2015 GE59
3698,2015 GF59
3699,2015 GG59
3700,2015 GH59
3701,2015 GJ59
3702,2015 GK59
3703,2015 GR65
3704,2015 HX10
3705,2015 HO176
3706,2015 HF195
3707,2015 HZ196
3708,2015 HA197
3709,2015 JH1
3710,2015 KC87
3711,2015 KJ87
3712,2015 KJ153
3713,2015 KH162
3714,2015 KC163
3715,2015 KD163
3716,2015 KG163
3717,2015 KH163
3718,2015 KL167
3719,2015 KM167
3720,2015 KV167
3721,2015 KE172
3722,2015 KF172
3723,2015 KG172
3724,2015 KH172
3725,2015 KJ172
3726,2015 KC173
3727,2015 KD173
3728,2015 KE173
3729,2015 KF173
3730,2015 KG173
3731,2015 KH173
3732,2015 KJ173
3733,2015 KK173
3734,2015 KL173
3735,2015 KM173
3736,2015 KN173
3737,2015 KO173
3738,2015 KP173
3739,2015 KQ173
3740,2015 KR173
3741,2015 KS173
3742,2015 KT173
3743,2015 KU173
3744,2015 KV173
3745,2015 KW173
3746,2015 KX173
3747,2015 KY173
3748,2015 KZ173
3749,2015 KA174
3750,2015 KB174
3751,2015 KC174
3752,2015 KD174
3753,2015 KE174
3754,2015 KF174
3755,2015 KG174
3756,2015 KH174
3757,2015 KJ174
3758,2015 KK174
3759,2015 KL174
3760,2015 KM174
3761,2015 KN174
3762,2015 KO174
3763,2015 KP174
3764,2015 KQ174
3765,2015 KR174
3766,2015 KS174
3767,2015 KT174
3768,2015 KU174
3769,2015 KV174
3770,2015 KW174
3771,2015 KX174
3772,2015 KY174
3773,2015 KZ174
3774,2015 KA175
3775,2015 KB175
3776,2015 KC175
3777,2015 KD175
3778,2015 KE175
3779,2015 KF175
3780,2015 KG175
3781,2015 KH175
3782,2015 KJ175
3783,2015 KK175
3784,2015 KL175
3785,2015 KM175
3786,2015 KN175
3787,2015 KO175
3788,2015 KP175
3789,2015 KQ175
3790,2015 KR175
3791,2015 KS175
3792,2015 KT175
3793,2015 KU175
3794,2015 KV175
3795,2015 KW175
3796,2015 KX175
3797,2015 KY175
3798,2015 KZ175
3799,2015 KA176
3800,2015 KB176
3801,2015 KC176
3802,2015 KD176
3803,2015 KG178
3804,2015 KK178
3805,2015 KU178
3806,2015 KU186
3807,2015 KV190
3808,2015 KK199
3809,2015 KL199
3810,2015 KM199
3811,2015 KN199
3812,2015 KO360
3813,2015 MY90
3814,2015 ML150
3815,2015 MQ204
3816,2015 PG119
3817,2015 PJ311
3818,2015 PD312
3819,2015 PF312
3820,2015 PK312
3821,2015 PL312
3822,2015 PZ315
3823,2015 PY330
3824,2015 PZ330
3825,2015 QT11
3826,2015 QL14
3827,2015 QW23
3828,2015 QV33
3829,2015 QW33
3830,2015 QX33
3831,2015 QY33
3832,2015 QZ33
3833,2015 QA34
3834,2015 QB34
3835,2015 QC34
3836,2015 QL34
3837,2015 RK245
3838,2015 RS245
3839,2015 RT245
3840,2015 RU245
3841,2015 RV245
3842,2015 RW245
3843,2015 RX245
3844,2015 RY245
3845,2015 RK258
3846,2015 RL258
3847,2015 RC277
3848,2015 RD277
3849,2015 RE277
3850,2015 RF277
3851,2015 RH277
3852,2015 RJ277
3853,2015 RK277
3854,2015 RL277
3855,2015 RR277
3856,2015 RS277
3857,2015 RT277
3858,2015 RU277
3859,2015 RV277
3860,2015 RW277
3861,2015 RX277
3862,2015 RY277
3863,2015 RZ277
3864,2015 RA278
3865,2015 RB278
3866,2015 RC278
3867,2015 RD278
3868,2015 RE278
3869,2015 RF278
3870,2015 RG278
3871,2015 RH278
3872,2015 RJ278
3873,2015 RK278
3874,2015 RL278
3875,2015 RM278
3876,2015 RO278
3877,2015 RP278
3878,2015 RQ278
3879,2015 RR278
3880,2015 RS278
3881,2015 RT278
3882,2015 RU278
3883,2015 RV278
3884,2015 RW278
3885,2015 RX278
3886,2015 RY278
3887,2015 RZ278
3888,2015 RA279
3889,2015 RB279
3890,2015 RC279
3891,2015 RD279
3892,2015 RE279
3893,2015 RF279
3894,2015 RG279
3895,2015 RH279
3896,2015 RJ279
3897,2015 RL279
3898,2015 RM279
3899,2015 RN279
3900,2015 RO279
3901,2015 RP279
3902,2015 RQ279
3903,2015 RR279
3904,2015 RS279
3905,2015 RT279
3906,2015 RU279
3907,2015 RV279
3908,2015 RW279
3909,2015 RX279
3910,2015 RY279
3911,2015 RZ279
3912,2015 RA280
3913,2015 RB280
3914,2015 RC280
3915,2015 RD280
3916,2015 RE280
3917,2015 RF280
3918,2015 RG280
3919,2015 RH280
3920,2015 RJ280
3921,2015 RK280
3922,2015 RL280
3923,2015 RM280
3924,2015 RN280
3925,2015 RO280
3926,2015 RP280
3927,2015 RQ280
3928,2015 RR280
3929,2015 RS280
3930,2015 RT280
3931,2015 RU280
3932,2015 RV280
3933,2015 RW280
3934,2015 RX280
3935,2015 RY280
3936,2015 RZ280
3937,2015 RA281
3938,2015 RB281
3939,2015 RC281
3940,2015 RD281
3941,2015 RE281
3942,2015 RF281
3943,2015 RG281
3944,2015 RH281
3945,2015 RJ281
3946,2015 RK281
3947,2015 RL281
3948,2015 RM281
3949,2015 RN281
3950,2015 RO281
3951,2015 RP281
3952,2015 RQ281
3953,2015 RR281
3954,2015 RS281
3955,2015 RF301
3956,2015 RG301
3957,2015 RA333
3958,2015 RV334
3959,2015 RX345
3960,2015 RY345
3961,2015 SP20
3962,2015 SV20
3963,2015 SW20
3964,2015 SO21
3965,2015 SP21
3966,2015 SZ49
3967,2015 TP10
3968,2015 TN178
3969,2015 TS350
3970,2015 TY360
3971,2015 TA361
3972,2015 TC361
3973,2015 TJ361
3974,2015 TL361
3975,2015 TP361
3976,2015 TR361
3977,2015 TV361
3978,2015 TW361
3979,2015 TF362
3980,2015 TG362
3981,2015 TP362
3982,2015 TR362
3983,2015 TG363
3984,2015 TJ363
3985,2015 TK363
3986,2015 TS363
3987,2015 TX363
3988,2015 TG367
3989,2015 TH367
3990,2015 TJ367
3991,2015 TQ408
3992,2015 TP454
3993,2015 TQ454
3994,2015 UH67
3995,2015 UK84
3996,2015 UH87
3997,2015 UN105
3998,2015 UO105
3999,2015 VV1
4000,2015 VH105
4001,2015 VT152
4002,2015 VD157
4003,2015 VG157
4004,2015 VA164
4005,2015 VB164
4006,2015 VC164
4007,2015 VD164
4008,2015 VE164
4009,2015 VF164
4010,2015 VJ164
4011,2015 VK164
4012,2015 VL164
4013,2015 VM164
4014,2015 VN164
4015,2015 VO164
4016,2015 VP164
4017,2015 VQ164
4018,2015 VR164
4019,2015 VS164
4020,2015 VT164
4021,2015 VU164
4022,2015 VV164
4023,2015 VW164
4024,2015 VX164
4025,2015 VY164
4026,2015 VZ164
4027,2015 VA165
4028,2015 VB165
4029,2015 VC165
4030,2015 VD165
4031,2015 VE165
4032,2015 VF165
4033,2015 VG165
4034,2015 VH165
4035,2015 VJ165
4036,2015 VK165
4037,2015 VL165
4038,2015 VM165
4039,2015 VN165
4040,2015 VO165
4041,2015 VP165
4042,2015 VQ165
4043,2015 VR165
4044,2015 VS165
4045,2015 VT165
4046,2015 VU165
4047,2015 VV165
4048,2015 VW165
4049,2015 VX165
4050,2015 VY165
4051,2015 VZ165
4052,2015 VA166
4053,2015 VB166
4054,2015 VC166
4055,2015 VD166
4056,2015 VE166
4057,2015 VF166
4058,2015 VG166
4059,2015 VH166
4060,2015 VJ166
4061,2015 VK166
4062,2015 VL166
4063,2015 VM166
4064,2015 VN166
4065,2015 VO166
4066,2015 VP166
4067,2015 VQ166
4068,2015 VR166
4069,2015 VS166
4070,2015 VT166
4071,2015 VU166
4072,2015 VV166
4073,2015 VW166
4074,2015 VX166
4075,2015 VY166
4076,2015 VZ166
4077,2015 VA167
4078,2015 VB167
4079,2015 VC167
4080,2015 VD167
4081,2015 VE167
4082,2015 VF167
4083,2015 VG167
4084,2015 VH167
4085,2015 VJ167
4086,2015 VK167
4087,2015 VL167
4088,2015 VM167
4089,2015 VN167
4090,2015 VO167
4091,2015 VP167
4092,2015 VQ167
4093,2015 VR167
4094,2015 VS167
4095,2015 VT167
4096,2015 VU167
4097,2015 VV167
4098,2015 VW167
4099,2015 VX167
4100,2015 VY167
4101,2015 VZ167
4102,2015 VA168
4103,2015 VB168
4104,2015 VC168
4105,2015 VD168
4106,2015 VE168
4107,2015 VF168
4108,2015 VG168
4109,2015 VH168
4110,2015 VJ168
4111,2015 VK168
4112,2015 VL168
4113,2015 VM168
4114,2015 VN168
4115,2015 VO168
4116,2015 VP168
4117,2015 VQ168
4118,2015 VR168
4119,2015 VS168
4120,2015 VT168
4121,2015 VU168
4122,2015 VV168
4123,2015 VW168
4124,2015 VX168
4125,2015 VY168
4126,2015 VZ168
4127,2015 VA169
4128,2015 VB169
4129,2015 VC169
4130,2015 VD169
4131,2015 VE169
4132,2015 VF169
4133,2015 VG169
4134,2015 VH169
4135,2015 VJ169
4136,2015 VK169
4137,2015 VL169
4138,2015 VM169
4139,2015 VN169
4140,2015 VO169
4141,2015 VP169
4142,2015 VQ169
4143,2015 VR169
4144,2015 VS169
4145,2015 VT169
4146,2015 VU169
4147,2015 VV169
4148,2015 VW169
4149,2015 VX169
4150,2015 VY169
4151,2015 VZ169
4152,2015 VA170
4153,2015 VB170
4154,2015 VC170
4155,2015 VD170
4156,2015 VE170
4157,2015 VF170
4158,2015 VG170
4159,2015 VH170
4160,2015 VJ170
4161,2015 VK170
4162,2015 VL170
4163,2015 VM170
4164,2015 VN170
4165,2015 VO170
4166,2015 VP170
4167,2015 VQ170
4168,2015 VR170
4169,2015 VS170
4170,2015 VT170
4171,2015 VU170
4172,2015 VV170
4173,2015 VW170
4174,2015 VX170
4175,2015 VY170
4176,2015 VZ170
4177,2015 VA171
4178,2015 VB171
4179,2015 VC171
4180,2015 VD171
4181,2015 VE171
4182,2015 VF171
4183,2015 VG171
4184,2015 VH171
4185,2015 VJ171
4186,2015 VK171
4187,2015 VL171
4188,2015 VM171
4189,2015 VN171
4190,2015 VO171
4191,2015 VP171
4192,2015 VQ171
4193,2015 VR171
4194,2015 VS171
4195,2015 VT171
4196,2015 VU171
4197,2015 VV171
4198,2015 VW171
4199,2015 VX171
4200,2015 VY171
4201,2015 VZ171
4202,2015 VA172
4203,2015 VC172
4204,2015 VD172
4205,2015 VE172
4206,2015 VF172
4207,2015 VG172
4208,2015 VH172
4209,2015 VJ172
4210,2015 VK172
4211,2015 VL172
4212,2015 VM172
4213,2015 VN172
4214,2015 VO172
4215,2015 VP172
4216,2015 VQ172
4217,2015 VR172
4218,2015 VS172
4219,2015 VT172
4220,2015 VU172
4221,2015 VV172
4222,2015 VW172
4223,2015 VX172
4224,2015 VY172
4225,2015 VZ172
4226,2015 VA173
4227,2015 VB173
4228,2015 VC173
4229,2015 VD173
4230,2015 VE173
4231,2015 VF173
4232,2015 VG173
4233,2015 VH173
4234,2015 VJ173
4235,2015 VK173
4236,2015 VL173
4237,2015 VM173
4238,2015 VN173
4239,2015 VO173
4240,2015 VP173
4241,2015 VQ173
4242,2015 VR173
4243,2015 VS173
4244,2015 VT173
4245,2015 VJ181
4246,2015 VX184
4247,2015 VY184
4248,2015 VZ184
4249,2015 VO202
4250,2015 VP202
4251,2015 VQ202
4252,2015 VR202
4253,2015 VQ207
4254,2015 VR207
4255,2015 VS207
4256,2015 VT207
4257,2015 VU207
4258,2015 VV207
4259,2015 VB208
4260,2015 XX351
4261,2015 XQ384
4262,2015 XR384
4263,2015 XO480
4264,2015 YY18
4265,2016 AN278
4266,2016 AT281
4267,2016 AC282
4268,2016 BJ81
4269,2016 CJ155
4270,2016 CO264
4271,2016 CD289
4272,2016 CN323
4273,2016 DF2
4274,2016 EJ203
4275,2016 EG335
4276,2016 FD14
4277,2016 FT58
4278,2016 FU58
4279,2016 FV58
4280,2016 FW58
4281,2016 FX58
4282,2016 FY58
4283,2016 FZ58
4284,2016 FA59
4285,2016 FB59
4286,2016 FC59
4287,2016 FD59
4288,2016 FE59
4289,2016 FF59
4290,2016 FG59
4291,2016 FH59
4292,2016 FJ59
4293,2016 FK59
4294,2016 FL59
4295,2016 FM59
4296,2016 FN59
4297,2016 FO59
4298,2016 FQ59
4299,2016 FS59
4300,2016 FT59
4301,2016 FU59
4302,2016 FV59
4303,2016 FX59
4304,2016 FY59
4305,2016 FZ59
4306,2016 FA60
4307,2016 FB60
4308,2016 FC60
4309,2016 FD60
4310,2016 FE60
4311,2016 FW107
4312,2016 FK164
4313,2016 GU34
4314,2016 GE53
4315,2016 GE93
4316,2016 GZ120
4317,2016 GR206
4318,2016 GC241
4319,2016 GZ251
4320,2016 GZ276
4321,2016 GA277
4322,2016 GB277
4323,2016 JK24
4324,2016 KX4
4325,2016 LS
4326,2016 LP88
4327,2016 LR88
4328,2016 LS88
4329,2016 LT88
4330,2016 LU88
4331,2016 LV88
4332,2016 LW88
4333,2016 LX88
4334,2016 LY88
4335,2016 LZ88
4336,2016 LA89
4337,2016 LB89
4338,2016 LC89
4339,2016 LD89
4340,2016 LE89
4341,2016 LF89
4342,2016 LG89
4343,2016 LH89
4344,2016 LJ89
4345,2016 LK89
4346,2016 LL89
4347,2016 LM89
4348,2016 LN89
4349,2016 LO89
4350,2016 LP89
4351,2016 LQ89
4352,2016 LR89
4353,2016 LS89
4354,2016 LT89
4355,2016 LU89
4356,2016 LV89
4357,2016 LW89
4358,2016 LX89
4359,2016 LY89
4360,2016 LZ89
4361,2016 LA90
4362,2016 LB90
4363,2016 LC90
4364,2016 LD90
4365,2016 LE90
4366,2016 LF90
4367,2016 LG90
4368,2016 LH90
4369,2016 LJ90
4370,2016 LK90
4371,2016 LL90
4372,2016 LM90
4373,2016 LN90
4374,2016 LO90
4375,2016 LP90
4376,2016 LQ90
4377,2016 LR90
4378,2016 LS90
4379,2016 LT90
4380,2016 LU90
4381,2016 LV90
4382,2016 LW90
4383,2016 ND21
4384,2016 NL100
4385,2016 NY180
4386,2016 PN66
4387,2016 PW84
4388,2016 PA101
4389,2016 PN219
4390,2016 PU219
4391,2016 PK220
4392,2016 PL220
4393,2016 PM220
4394,2016 PN220
4395,2016 PO220
4396,2016 PP220
4397,2016 PT220
4398,2016 QP85
4399,2016 QF86
4400,2016 QV89
4401,2016 QZ133
4402,2016 QL134
4403,2016 QM134
4404,2016 QN134
4405,2016 QO134
4406,2016 QP134
4407,2016 QV134
4408,2016 QW134
4409,2016 QX134
4410,2016 QY134
4411,2016 QZ134
4412,2016 QA135
4413,2016 QB135
4414,2016 QC135
4415,2016 QD135
4416,2016 QE135
4417,2016 QF135
4418,2016 QG135
4419,2016 RU81
4420,2016 RV81
4421,2016 RX81
4422,2016 RA82
4423,2016 RD82
4424,2016 RF82
4425,2016 RG82
4426,2016 RH82
4427,2016 RJ82
4428,2016 RK82
4429,2016 RL82
4430,2016 RM82
4431,2016 RN82
4432,2016 RO82
4433,2016 RP82
4434,2016 RQ82
4435,2016 RR82
4436,2016 RS82
4437,2016 RT82
4438,2016 RW82
4439,2016 RX82
4440,2016 SS46
4441,2016 SW50
4442,2016 SQ55
4443,2016 SS55
4444,2016 SU55
4445,2016 SY55
4446,2016 SA56
4447,2016 SB56
4448,2016 SE56
4449,2016 SJ56
4450,2016 SK56
4451,2016 SN56
4452,2016 SO56
4453,2016 SP56
4454,2016 SU56
4455,2016 SY56
4456,2016 SF57
4457,2016 SH57
4458,2016 SJ57
4459,2016 SU57
4460,2016 SW57
4461,2016 SZ57
4462,2016 SE58
4463,2016 SG58
4464,2016 SJ58
4465,2016 SQ58
4466,2016 SR58
4467,2016 SV58
4468,2016 SA59
4469,2016 SC59
4470,2016 SJ105
4471,2016 SR105
4472,2016 SW105
4473,2016 SX105
4474,2016 SY105
4475,2016 SZ105
4476,2016 SB106
4477,2016 SD106
4478,2016 TK2
4479,2016 TP93
4480,2016 TS94
4481,2016 TT94
4482,2016 TW94
4483,2016 TY94
4484,2016 TZ94
4485,2016 TA95
4486,2016 TS97
4487,2016 TT100
4488,2016 TN120
4489,2016 TO120
4490,2016 TP120
4491,2016 TQ120
4492,2016 TR120
4493,2016 TL176
4494,2016 TM176
4495,2016 US109
4496,2016 UP173
4497,2016 UC176
4498,2016 UE179
4499,2016 UP210
4500,2016 UK212
4501,2016 UK219
4502,2016 UC222
4503,2016 UW222
4504,2016 UN232
4505,2016 UN233
4506,2016 US244
4507,2016 UG245
4508,2016 UL273
4509,2016 UO273
4510,2016 UP273
4511,2016 UQ273
4512,2016 VF1
4513,2016 VY17
4514,2016 WS1
4515,2016 WB75
4516,2016 XK24
4517,2016 XO34
4518,2017 AZ8
4519,2017 AX13
4520,2017 AO19
4521,2017 BA94
4522,2017 CW32
4523,2017 DM121
4524,2017 DN121
4525,2017 DO121
4526,2017 DP121
4527,2017 EM4
4528,2017 FP50
4529,2017 FM99
4530,2017 FO161
4531,2017 FP161
4532,2017 FQ161
4533,2017 FD163
4534,2017 FE173
4535,2017 GC8
4536,2017 GD8
4537,2017 GY8
4538,2017 GZ8
4539,2017 JB6
4540,2017 MZ4
4541,2017 MB7
4542,2017 NM2
4543,2017 OX68
4544,2017 OF69
4545,2017 OG69
4546,2017 OK69
4547,2017 OQ146
4548,2017 OR146
4549,2017 OW166
4550,2017 OX166
4551,2017 OY166
4552,2017 OK169
4553,2017 PY24
4554,2017 QF33
4555,2017 QW46
4556,2017 QK71
4557,2017 QO100
4558,2017 QQ131
4559,2017 QU131
4560,2017 QJ173
4561,2017 RR2
4562,2017 RM4
4563,2017 RF16
4564,2017 RY137
4565,2017 RZ137
4566,2017 SW11
4567,2017 SV13
4568,2017 SN33
4569,2017 SZ118
4570,2017 SN132
4571,2017 SE277
4572,2017 SE279
4573,2017 UW51
4574,2017 UX51
4575,2017 UR52
4576,2017 VO34
4577,2017 WW14
4578,2017 WH30
4579,2017 YL2
4580,2017 YK3
4581,2017 YL4
4582,2017 YG5
4583,2018 AF8
4584,2018 AS18
4585,2018 AX18
4586,2018 AY18
4587,2018 AZ18
4588,2018 AN25
4589,2018 AG37
4590,2018 AD39
4591,2018 AH39
4592,2018 AK39
4593,2018 DE4
4594,2018 DF4
4595,2018 EG4
4596,2018 GT12
4597,2018 GT15
4598,2018 HE3
4599,2018 JT6
4600,2018 JU6
4601,2018 KH3
4602,2018 MO8
4603,2018 MP8
4604,2018 MF13
4605,2018 MG13
4606,2018 PQ18
4607,2018 PL28
4608,2018 RG39
4609,2018 SQ13
4610,2018 TL6
4611,2018 UB1
4612,2018 VG18
4613,2018 VM35
4614,2018 VN35
4615,2018 VO35
4616,2018 VJ137
4617,2018 VN137
4618,2018 VO137
4619,2018 VP137
4620,2018 WB1
4621,2019 AB7
4622,2019 AJ16
4623,2019 AH54
4624,2019 AK54
4625,2019 AC77
4626,2019 AM122
4627,2019 CJ3
4628,2019 EJ3
4629,2019 EA5
4630,2019 EB5
4631,2019 ET5
4632,2019 EU5
4633,2019 EV5
4634,2019 EE6
4635,2019 EF6
4636,2019 GN22
4637,2019 GG23
4638,2019 GJ23
4639,2019 GZ129
4640,2019 GM140
4641,2019 GO140
4642,2019 GR140
4643,2019 GA143
4644,2019 GB143
4645,2019 HC4
4646,2019 KE7
4647,2019 KF7
4648,2019 KN19
4649,2019 KY22
4650,2019 KV42
4651,2019 PN2
4652,2019 PR2
4653,2019 QS3
4654,2019 QR6
4655,2019 QQ8
4656,2019 RJ2
4657,2019 RO4
4658,2019 RF13
4659,2019 RZ16
4660,2019 SE17
4661,2019 SO48
4662,2019 SS79
4663,2019 SS149
4664,2019 SH187
4665,2019 SJ187
4666,2019 SK194
4667,2019 SO204
4668,2019 TG3
4669,2019 TX7
4670,2019 TL8
4671,2019 UH12
4672,2019 UL14
4673,2019 UO14
4674,2019 UV77
4675,2019 WV2
4676,2019 YJ6
4677,2020 BW6
4678,2020 BF12
4679,2020 BZ12
4680,2020 BF13
4681,2020 BG60
4682,2020 BR60
4683,2020 BS60
4684,2020 BQ63
4685,2020 BV64
4686,2020 BZ94
4687,2020 BA95
4688,2020 BB95
4689,2020 BC95
4690,2020 BY101
4691,2020 BE102
4692,2020 BF102
4693,2020 CM3
4694,2020 DN2
4695,2020 DD5
4696,2020 DH6
4697,2020 DJ6
4698,2020 EP
4699,2020 FP7
4700,2020 FH24
4701,2020 FY30
4702,2020 FA31
4703,2020 FB31
4704,2020 FQ38
4705,2020 FP40
4706,2020 FQ40
4707,2020 FR40
4708,2020 HB11
4709,2020 HK93
4710,2020 JV3
4711,2020 KD6
4712,2020 KH7
4713,2020 KU7
4714,2020 KO11
4715,2020 KP11
4716,2020 KQ11
4717,2020 KR11
4718,2020 KS11
4719,2020 KT11
4720,2020 KU11
4721,2020 KV11
4722,2020 KW11
4723,2020 KX11
4724,2020 KY11
4725,2020 KH42
4726,2020 KC53
4727,2020 KD53
4728,2020 KE53
4729,2020 KF53
4730,2020 KG53
4731,2020 KL53
4732,2020 KM53
4733,2020 KN53
4734,2020 KO53
4735,2020 KP53
4736,2020 KS53
4737,2020 KT53
4738,2020 KU53
4739,2020 KV53
4740,2020 KW53
4741,2020 KX53
4742,2020 KY53
4743,2020 KZ53
4744,2020 KA54
4745,2020 KB54
4746,2020 KC54
4747,2020 KD54
4748,2020 KE54
4749,2020 KF54
4750,2020 KG54
4751,2020 KH54
4752,2020 KJ54
4753,2020 KK54
4754,2020 KL54
4755,2020 KM54
4756,2020 KN54
4757,2020 KO54
4758,2020 KP54
4759,2020 KQ54
4760,2020 KR54
4761,2020 KS54
4762,2020 KT54
4763,2020 KU54
4764,2020 KV54
4765,2020 KW54
4766,2020 KX54
4767,2020 KY54
4768,2020 KZ54
4769,2020 KA55
4770,2020 KB55
4771,2020 KC55
4772,2020 KD55
4773,2020 KE55
4774,2020 KF55
4775,2020 KG55
4776,2020 KH55
4777,2020 KJ55
4778,2020 KK55
4779,2020 KL55
4780,2020 KM55
4781,2020 KN55
4782,2020 KO55
4783,2020 KP55
4784,2020 KQ55
4785,2020 KR55
4786,2020 KS55
4787,2020 KT55
4788,2020 KU55
4789,2020 KV55
4790,2020 KW55
4791,2020 KX55
4792,2020 KY55
4793,2020 KZ55
4794,2020 KA56
4795,2020 KB56
4796,2020 KC56
4797,2020 KD56
4798,2020 KE56
4799,2020 KF56
4800,2020 KG56
4801,2020 KH56
4802,2020 KJ56
4803,2020 KJ60
4804,2020 KK60
4805,2020 LA21
4806,2020 LB21
4807,2020 ML1
4808,2020 MY52
4809,2020 MZ52
4810,2020 MA53
4811,2020 MB53
4812,2020 MC53
4813,2020 MD53
4814,2020 ME53
4815,2020 MF53
4816,2020 MG53
4817,2020 MH53
4818,2020 MJ53
4819,2020 MK53
4820,2020 ML53
4821,2020 MM53
4822,2020 MN53
4823,2020 MO53
4824,2020 MP53
4825,2020 MQ53
4826,2020 OR5
4827,2020 OS5
4828,2020 OP7
4829,2020 OP8
4830,2020 PG3
4831,2020 PA7
4832,2020 PQ7
4833,2020 PA12
4834,2020 PE75
4835,2020 PJ75
4836,2020 PC95
4837,2020 PD95
4838,2020 PE95
4839,2020 PF95
4840,2020 PG95
4841,2020 QN6
4842,2020 QO6
4843,2020 QP42
4844,2020 QH83
4845,2020 RE7
4846,2020 RP11
4847,2020 RU148
4848,2020 SJ5
4849,2020 SW7
4850,2020 SL19
4851,2020 SE35
4852,2020 SV79
4853,2020 TU8
4854,2020 TK9
4855,2020 TQ14
4856,2020 VF1
4857,2020 VS6
4858,2020 VL26
4859,2020 WM18
4860,2020 WD23
4861,2020 XV1
4862,2020 XQ7
4863,2020 XU19
4864,2020 YR3
4865,2021 AE3
4866,2021 AN28
4867,2021 BK15
4868,2021 CT3
4869,2021 CP5
4870,2021 CO10
4871,2021 CE22
4872,2021 CP40
4873,2021 CJ46
4874,2021 CK46
4875,2021 CL46
4876,2021 DL1
4877,2021 DN2
4878,2021 DM15
4879,2021 DN15
4880,2021 DO15
4881,2021 DP15
4882,2021 DQ15
4883,2021 DR15
4884,2021 DS15
4885,2021 DB17
4886,2021 DG17
4887,2021 DH17
4888,2021 DJ17
4889,2021 DK18
4890,2021 DM19
4891,2021 DN19
4892,2021 EE44
4893,2021 FQ2
4894,2021 FN31
4895,2021 FQ54
4896,2021 GD9
4897,2021 GQ57
4898,2021 GT72
4899,2021 GU122
4900,2021 GV122
4901,2021 GW122
4902,2021 JK10
4903,2021 JN58
4904,2021 LB18
4905,2021 LL37
4906,2021 LT42
4907,2021 LM43
4908,2021 LN43
4909,2021 LO43
4910,2021 LP43
4911,2021 LQ43
4912,2021 LR43
4913,2021 LS43
4914,2021 LU43
4915,2021 LV43
4916,2021 LW43
4917,2021 LX43
4918,2021 LY43
4919,2021 LZ43
4920,2021 LA44
4921,2021 LB44
4922,2021 LC44
4923,2021 LD44
4924,2021 LE44
4925,2021 LF44
4926,2021 LG44
4927,2021 LH44
4928,2021 LJ44
4929,2021 LK44
4930,2021 LL44
4931,2021 LM44
4932,2021 LN44
4933,2021 LO44
4934,2021 LP44
4935,2021 LQ44
4936,2021 LR44
4937,2021 LS44
4938,2021 LT44
4939,2021 LU44
4940,2021 LV44
4941,2021 LW44
4942,2021 LX44
4943,2021 LY44
4944,2021 LZ44
4945,2021 LA45
4946,2021 LB45
4947,2021 MW22
4948,2021 MX22
4949,2021 MY22
4950,2021 MZ22
4951,2021 MA23
4952,2021 NX7
4953,2021 NS71
4954,2021 OK11
4955,2021 PD
4956,2021 PU23
4957,2021 PN72
4958,2021 PN175
4959,2021 PB190
4960,2021 QB98
4961,2021 QF98
4962,2021 QG98
4963,2021 QH98
4964,2021 QJ98
4965,2021 RM114
4966,2021 RK133
4967,2021 RZ145
4968,2021 RR205
4969,2021 RV209
4970,2021 RW209
4971,2021 RK220
4972,2021 SN11
4973,2021 TP15
4974,2021 TR81
4975,2021 TH165
4976,2021 UL19
4977,2021 UY27
4978,2021 VQ8
4979,2021 VU11
4980,2021 VK27
4981,2021 VA28
4982,2021 WT6
4983,2021 XZ3
4984,2021 XS6
4985,2021 XD7
4986,2021 YP
4987,2022 AA7
4988,2022 AB8
4989,2022 AC8
4990,2022 AZ9
4991,2022 BG4
4992,2022 BG8
4993,2022 BB25
4994,2022 CT7
4995,2022 CA31
4996,2022 EP5
4997,2022 EP20
4998,2022 FR6
4999,2022 FA7
5000,2022 FH9
5001,2022 FG12
5002,2022 FK12
5003,2022 FM12
5004,2022 FN12
5005,2022 GU
5006,2022 GY3
5007,2022 GZ3
5008,2022 GP4
5009,2022 GV6
5010,2022 GG7
5011,2022 GK11
5012,2022 GN14
5013,2022 HE1
5014,2022 HB5
5015,2022 HK5
5016,2022 HW5
5017,2022 HQ19
5018,2022 KJ2
5019,2022 LV2
5020,2022 LV13
5021,2022 LW13
5022,2022 LX13
5023,2022 LY13
5024,2022 LZ13
5025,2022 LA14
5026,2022 LB14
5027,2022 LC14
5028,2022 LD14
5029,2022 LE14
5030,2022 LF14
5031,2022 LG14
5032,2022 LH14
5033,2022 LJ14
5034,2022 LK14
5035,2022 LL14
5036,2022 LM14
5037,2022 LN14
5038,2022 LO14
5039,2022 LP14
5040,2022 LQ14
5041,2022 LR14
5042,2022 LS14
5043,2022 LT14
5044,2022 LU14
5045,2022 LV14
5046,2022 LW14
5047,2022 LX14
5048,2022 LY14
5049,2022 LZ14
5050,2022 LA15
5051,2022 LB15
5052,2022 LC15
5053,2022 LD15
5054,2022 LE15
5055,2022 LF15
5056,2022 LG15
5057,2022 LH15
5058,2022 LJ15
5059,2022 LK15
5060,2022 LL15
5061,2022 LM15
5062,2022 LN15
5063,2022 LO15
5064,2022 LP15
5065,2022 LQ15
5066,2022 LR15
5067,2022 LS15
5068,2022 LT15
5069,2022 LU15
5070,2022 LV15
5071,2022 LW15
5072,2022 LX15
5073,2022 LY15
5074,2022 LZ15
5075,2022 LA16
5076,2022 LB16
5077,2022 LC16
5078,2022 LD16
5079,2022 LE16
5080,2022 LF16
5081,2022 LG16
5082,2022 LH16
5083,2022 LJ16
5084,2022 LK16
5085,2022 LL16
5086,2022 LM16
5087,2022 LN16
5088,2022 LO16
5089,2022 LP16
5090,2022 LQ16
5091,2022 LR16
5092,2022 LS16
5093,2022 LT16
5094,2022 LU16
5095,2022 LV16
5096,2022 LW16
5097,2022 LX16
5098,2022 LY16
5099,2022 LZ16
5100,2022 LA17
5101,2022 LB17
5102,2022 LE17
5103,2022 LO17
5104,2022 LP17
5105,2022 OA5
5106,2022 OH10
5107,2022 OU15
5108,2022 OC21
5109,2022 PM5
5110,2022 QY7
5111,2022 QV11
5112,2022 QJ32
5113,2022 QK32
5114,2022 QU62
5115,2022 QV62
5116,2022 QF107
5117,2022 QB117
5118,2022 QK178
5119,2022 QD261
5120,2022 QE261
5121,2022 QF261
5122,2022 RT3
5123,2022 RO59
5124,2022 SJ21
5125,2022 SZ242
5126,2022 UN10
5127,2022 UH42
5128,2022 UO138
5129,2022 WW3
5130,2022 WC21
5131,2022 WV24
5132,2022 WW24
5133,2022 YM7
5134,2022 YU9
5135,2023 BG1
5136,2023 BF9
5137,2023 DP5
5138,2023 FX9
5139,2023 FE12
5140,2023 FC17
5141,2023 GC4
5142,2023 JM3
5143,2023 JF4
5144,2023 JY4
5145,2023 JN18
5146,2023 JW18
5147,2023 MF4
