,Name,obs_ecc,obs_sinI,calc_ecc,calc_sinI,calc_sma,"['02_ecc', '02_sinI', '02_sma']","['13_ecc', '13_sinI', '13_sma']","['24_ecc', '24_sinI', '24_sma']","['35_ecc', '35_sinI', '35_sma']","['46_ecc', '46_sinI', '46_sma']","['57_ecc', '57_sinI', '57_sma']","['68_ecc', '68_sinI', '68_sma']","['79_ecc', '79_sinI', '79_sma']","['810_ecc', '810_sinI', '810_sma']"
0,0,1.0140947934682951,-0.1632485431006713,0.0013225814935155832,0.0004330913537158597,-35.242172263808314,"[0.003938919079075024, 0.001354091749505406, -32.95205380190026]","[1.3607370395533901e-09, 4.378071153821588e-10, -35.80763361242783]","[3.756091204665554e-10, 1.2128261213591097e-10, -35.80763361242724]","[7.873771903953632e-11, 2.545910006218303e-11, -35.80763361242744]","[1.3265245243616254e-10, 4.2278541927881554e-11, -35.80763361242761]","[2.087805375086111e-10, 6.596496370928154e-11, -35.80763361242776]","[1.7334615024049986e-10, 5.7482970519597586e-11, -35.80763361242785]","[1.5547201146335094e-10, 5.081211317063434e-11, -35.8076336124277]","[1.2082146023570914e-10, 3.897975200171933e-11, -35.80763361242764]"
1,1,1.0078175137527465,0.6288220859082099,0.008232034045832823,0.0008980680674347925,-70.29876236939042,"[0.02573829753899424, 0.0028078930997398914, -66.68116503684385]","[2.426564264674225e-09, 7.262211417100493e-10, -71.19199627858217]","[5.712138268896515e-10, 1.707501519408105e-10, -71.19199627864813]","[2.3676004124845516e-10, 7.102100701219995e-11, -71.1919962786602]","[1.3843116015546e-10, 4.133993833349889e-11, -71.19199627866473]","[9.72588013844345e-11, 3.0393545754182423e-11, -71.19199627866647]","[7.201083683463525e-11, 2.2185044276853766e-11, -71.1919962786666]","[8.774311924399324e-11, 2.646125593211424e-11, -71.19199627866597]","[7.016180262908727e-11, 2.1111105629760143e-11, -71.19199627866506]"
2,2,1.0000220176808388,0.8348002550902529,0.0030914776149694404,0.0015692014956131155,-967.6806329430466,"[0.010879038103006828, 0.005027824526398115, -740.0834353732566]","[1.649437765476726e-08, 3.69551106819102e-08, -1023.8774725054363]","[3.478382755303003e-09, 7.7645048165719e-09, -1023.8774719279991]","[1.3917125847332001e-09, 3.101228170914828e-09, -1023.8774718556718]","[6.996447483544423e-10, 1.5582515138010237e-09, -1023.8774718340192]","[4.0974775841468003e-10, 9.118752134220467e-10, -1023.87747182485]","[2.6088842901704303e-10, 5.806668671870292e-10, -1023.8774718202288]","[1.7750767970130931e-10, 3.950207929831264e-10, -1023.8774718176628]","[1.2456541228620625e-10, 2.7717940408840773e-10, -1023.8774718161287]"
3,3,1.1969747684167809,0.5188967836775519,0.029696765754117487,0.0025115382262529654,1.2777011125203295,"[0.09484158348202341, 0.008020959938108006, 15.40797758806346]","[1.5068751879246817e-11, 6.835412735502972e-11, -2.2112560419348193]","[3.1236483999476666e-11, 1.142743459454754e-10, -2.2112560419348193]","[2.6196944735220085e-11, 1.088179304463192e-10, -2.211256041934825]","[1.0036598877048167e-10, 1.636320433437361e-10, -2.2112560419347944]","[4.956976542537405e-11, 3.944766072123962e-10, -2.2112560419347496]","[3.291106866197822e-11, 9.098413633751018e-11, -2.2112560419347362]","[4.426013916115508e-11, 1.3049593957523298e-10, -2.21125604193474]","[5.616856640927033e-11, 2.7171027257227916e-10, -2.211256041934715]"
4,4,1.0038652009735027,0.9802577486816814,0.003773228714985671,0.0007194679767731448,-122.73757649760778,"[0.010960024491314769, 0.0022691714843048284, -92.12843729899022]","[9.972254484535316e-09, 3.31785300296735e-09, -130.29538864481577]","[1.952455014173048e-09, 6.494130116348985e-10, -130.29538864534726]","[7.359252846038359e-10, 2.4480821196312267e-10, -130.29538864541047]","[3.547260067928727e-10, 1.1790949254189367e-10, -130.2953886454283]","[1.6489337510499368e-10, 5.46792835776461e-11, -130.29538864543602]","[7.554089092883302e-11, 2.504294671632357e-11, -130.29538864543952]","[5.894687370295999e-11, 1.9710130196260194e-11, -130.2953886454414]","[1.0241759725874037e-10, 3.397381776232978e-11, -130.2953886454418]"
5,5,1.0032539799983657,-0.8831970017314931,0.001650021251952482,0.00047546600324920745,-125.92043908438008,"[0.007949223323571956, 0.0014444443915429673, -43.93279394857571]","[8.320824296150021e-11, 2.2944673618883368e-09, -146.1643020723293]","[9.437297481637236e-12, 2.6301506375685277e-10, -146.1643020803769]","[2.70601603622324e-12, 8.279411278956008e-11, -146.16430208087323]","[2.011850701995384e-12, 4.194006823292094e-11, -146.1643020809916]","[1.6461122772056834e-12, 1.5315404004386605e-11, -146.16430208103358]","[1.5452145543589329e-12, 1.2919676245244811e-11, -146.1643020810522]","[1.3760398082530053e-12, 7.91735913814923e-12, -146.16430208106277]","[2.997285842499203e-12, 7.257340740094338e-12, -146.1643020810693]"
6,6,1.0285730930577919,-0.9794256730173831,0.00213909074646826,0.0004481584185771872,-19.726861168431682,"[0.006370671479232081, 0.0014012094068909893, -18.089805162794402]","[2.2812896298158677e-10, 1.1784492361805354e-10, -20.13107252784921]","[7.207664239514402e-11, 3.706259081485214e-11, -20.131072527848122]","[4.962310634771733e-11, 2.5815589321004404e-11, -20.13107252784814]","[7.21573172910292e-11, 3.759501886733982e-11, -20.131072527848385]","[6.502678524961571e-11, 3.4124924246034217e-11, -20.131072527848435]","[1.1266087175283783e-10, 5.794479571693135e-11, -20.131072527848357]","[1.177294042700536e-10, 6.202531585681577e-11, -20.131072527848367]","[1.1101689022019736e-10, 5.747830882435269e-11, -20.131072527848282]"
7,7,1.0438830603294225,0.9041733555608114,0.002555707850488242,0.00015010846857841775,-10.826924469989866,"[0.00761144010764723, 0.0007273468344859509, -9.748169637223501]","[5.136558419742442e-11, 1.0864671254609257e-11, -11.09328368795674]","[2.3476643080174184e-11, 2.680137754241935e-11, -11.093283687956683]","[4.705749474596873e-11, 3.2838067937279866e-11, -11.09328368795671]","[1.0142835355142556e-10, 4.9667234799298856e-11, -11.09328368795684]","[7.721647969458512e-11, 3.8595910178916697e-11, -11.09328368795693]","[7.548651489324706e-11, 3.362386779228943e-11, -11.09328368795693]","[8.231393959913571e-11, 4.5921159087725914e-11, -11.093283687956998]","[9.242496027297956e-11, 6.048446415532217e-11, -11.093283687957012]"
8,8,1.0016085993049095,-0.9929628549998688,0.001585527324087161,0.0007469812904864154,-260.42346814983296,"[0.004957279972218674, 0.002335424081296832, -249.0099740205407]","[3.3110707143787673e-09, 6.222600013963021e-09, -263.2416148587114]","[8.414125325704593e-10, 1.582022951625358e-09, -263.2416148501273]","[3.4232881080463257e-10, 6.439682077697914e-10, -263.2416148486028]","[1.7266980326993572e-10, 3.2483101007198654e-10, -263.241614848108]","[9.59787559865389e-11, 1.8050287883777746e-10, -263.24161484789937]","[6.203633199960218e-11, 1.1639734588807332e-10, -263.24161484779677]","[4.0701644701199304e-11, 7.709554466608483e-11, -263.24161484773737]","[3.1336590406293476e-11, 5.863653871800083e-11, -263.2416148477002]"
9,9,1.047400951326448,0.7495877800244384,0.0031471346562138205,0.00010435608055305358,-11.125156751065914,"[0.008840278044019692, 0.00030693532663862103, -9.816475734869694]","[7.476915834511005e-11, 3.125893158768767e-11, -11.44828786617487]","[9.009692013003064e-11, 3.748836770347485e-11, -11.448287866175374]","[3.758320270100965e-11, 1.7430535506403483e-11, -11.448287866175583]","[6.275289837948704e-11, 2.6266907102171848e-11, -11.448287866175818]","[1.0872263134025025e-10, 4.283133094110735e-11, -11.448287866176129]","[5.807928928326847e-11, 1.9255163123203508e-11, -11.448287866176427]","[7.163365268675334e-11, 3.0481497781879626e-11, -11.448287866176656]","[1.7550804523097796e-10, 7.331905888031752e-11, -11.44828786617671]"
10,10,1.0381054102735023,-0.18613662005214632,0.018480005257685173,0.01874105547857738,-17.681417069248152,"[0.05877178733840038, 0.05898330749825076, -15.262866984220429]","[3.810911852373997e-12, 6.29951716970576e-11, -18.27858992974774]","[3.299294280163435e-12, 1.4912696885299685e-11, -18.278589929749067]","[9.050703389629621e-12, 5.767847717146748e-12, -18.278589929748804]","[5.6333347736970065e-12, 4.793249800593265e-11, -18.2785899297486]","[9.535060995403555e-12, 4.243874027919116e-11, -18.278589929748602]","[1.493920839119254e-11, 1.6820747283665873e-11, -18.278589929748613]","[1.0512161901192121e-11, 1.5445680490440067e-11, -18.278589929748897]","[2.968311219416583e-11, 5.34029194487735e-11, -18.27858992974906]"
11,11,1.0039934448211467,-0.305073806586909,0.0014053937954857764,0.0005942431956885208,-129.25472613633931,"[0.004394114417797907, 0.0018579615582016197, -123.16461989104725]","[1.046108290518416e-10, 2.451259301337617e-10, -130.7584560728768]","[2.3456822141561176e-11, 5.754749068564142e-11, -130.75845607336038]","[9.349254772737948e-12, 2.2940261353713696e-11, -130.7584560734406]","[7.440371683149514e-12, 1.2605906740780875e-11, -130.75845607346463]","[4.126927060491424e-12, 7.850386637201155e-12, -130.7584560734752]","[1.7939429123385942e-12, 2.7408443626940417e-12, -130.75845607348109]","[3.515743261538257e-12, 4.325471004019521e-12, -130.75845607348427]","[2.9001849020199103e-12, 1.6608538048899478e-12, -130.75845607348575]"
12,12,1.0413088071424823,0.9022652243775796,0.0023731114645343413,0.0003163649253140064,-13.52684210391989,"[0.00681664615873509, 0.0015329382451544223, -12.116539273670318]","[1.2243925249482865e-10, 6.266916095521118e-11, -13.875065024969427]","[7.01115726421432e-11, 3.6494271900222203e-11, -13.875065024969455]","[8.21145778304072e-11, 3.192987015653287e-11, -13.875065024969519]","[5.6397876016965735e-11, 2.490629428323595e-11, -13.875065024969496]","[8.053057701969922e-11, 3.7172607463086725e-11, -13.875065024969397]","[6.610732062764632e-11, 2.924443934395162e-11, -13.875065024969066]","[6.737586219398507e-11, 3.007303094588835e-11, -13.875065024968759]","[1.2160289492993785e-10, 5.610717342785078e-11, -13.875065024968697]"
13,13,1.0375365976897128,-0.9762804291250555,0.023892280965574206,0.003634099781793023,-10.08190477280507,"[0.06378860812885294, 0.011471547754003726, -6.6085668421009105]","[1.6095523008921623e-11, 2.5231040215095755e-11, -10.939519076682888]","[2.1779005243705292e-11, 2.6414957191508436e-11, -10.939519076682654]","[2.984594708162921e-11, 1.81570003986899e-11, -10.939519076682801]","[2.8343724343192428e-11, 3.316693499060316e-11, -10.939519076682735]","[3.713240787317241e-11, 4.188338436346499e-11, -10.93951907668258]","[6.16683806852046e-11, 2.2299498189412926e-11, -10.93951907668259]","[3.2332906796778136e-11, 2.0029100183524674e-11, -10.939519076682616]","[5.996223887545789e-11, 5.634194106446426e-11, -10.939519076682586]"
14,14,1.0000706424444694,0.6912183673186535,0.0069212298075703015,0.0007863160710933851,-1694.5887492905795,"[0.021638805391970703, 0.002457976908876675, -1625.1165851618985]","[3.0574041491977875e-08, 1.4811650191150354e-08, -1711.7423686749942]","[9.523904175936862e-09, 4.592626439406887e-09, -1711.7423697806614]","[4.446534795573699e-09, 2.13910003707446e-09, -1711.742370018807]","[2.479294712754124e-09, 1.1910947176411905e-09, -1711.7423701062312]","[1.5400538679832476e-09, 7.393013309889592e-10, -1711.742370147053]","[1.0281205966861115e-09, 4.932207545986761e-10, -1711.7423701688385]","[7.214248143955086e-10, 3.459201924881709e-10, -1711.7423701817722]","[5.289076985387105e-10, 2.5350811877750966e-10, -1711.7423701899982]"
15,15,1.0597904986757478,-0.8476951780462294,0.004011046907531444,0.00017603250755747886,-8.993512598948982,"[0.011945748305878233, 0.0005382014827991532, -7.829706146116496]","[5.608455515903477e-12, 2.7414708981694612e-11, -9.28087221693178]","[6.628399428611698e-12, 2.862416630303744e-11, -9.280872216931877]","[8.180823611730266e-12, 3.0234982079172625e-11, -9.28087221693207]","[1.396560218605602e-11, 5.082743566535661e-11, -9.280872216932355]","[4.2989480257235924e-12, 2.2989235847259912e-11, -9.280872216932595]","[1.0577046879117902e-11, 3.173989766898024e-11, -9.280872216932632]","[1.4544093255885333e-11, 1.0963440432546755e-10, -9.280872216932528]","[1.194092536293462e-11, 5.7061556623692206e-11, -9.280872216932384]"
16,16,1.0168613220069243,0.06364293291250968,0.0029844786361799274,0.0006987652145096875,-31.150125304374193,"[0.008888412818881124, 0.002184761050379213, -29.051418474985667]","[1.573997718599472e-10, 1.3558223288347047e-10, -31.668324521517114]","[1.8038687143695662e-11, 1.1393982006021377e-11, -31.668324521507458]","[2.123664811858493e-11, 1.9285861063537928e-11, -31.668324521506285]","[2.776865882035061e-11, 2.1353306558169682e-11, -31.668324521506197]","[1.2951964378814799e-11, 1.1492626650298428e-11, -31.66832452150644]","[1.6876282669089993e-11, 1.6178752381505443e-11, -31.668324521506996]","[1.542624213603889e-11, 1.337972018585876e-11, -31.66832452150761]","[2.062112121744901e-11, 2.3324839883143554e-11, -31.668324521507902]"
17,17,1.0014374459751065,0.5353344340031526,0.0607805797263837,0.00396632699834824,-290.66368513994775,"[0.18101685346965177, 0.01240287025730723, -278.06736388250937]","[1.207634462337443e-08, 7.105033083724457e-09, -293.7738879389347]","[2.939008723798276e-09, 1.7287669557776563e-09, -293.77388792259]","[1.1771035284443363e-09, 6.925878708846123e-10, -293.77388791985976]","[5.838955839158538e-10, 3.434147024542843e-10, -293.77388791899403]","[3.4492807184213976e-10, 2.0280522850439184e-10, -293.773887918626]","[2.2884499748512046e-10, 1.3461334990799115e-10, -293.7738879184484]","[1.5080297880040913e-10, 8.857123667830503e-11, -293.77388791834846]","[9.563984335616723e-11, 5.6244977214988456e-11, -293.77388791828196]"
18,18,1.0048972131659213,-0.35017405705395943,0.0017995191151838515,0.00025116232458026716,-127.66502979704455,"[0.005359348553148202, 0.0012170008878429116, -121.61145513496274]","[7.488919895094926e-11, 3.053118545783043e-11, -129.15973958912207]","[1.8291617430176714e-11, 6.47605909366196e-12, -129.1597395899963]","[6.8844240929582e-12, 3.510747213983516e-12, -129.15973959013857]","[3.919759368469759e-12, 6.285441456211609e-13, -129.15973959018234]","[1.4059623747758425e-12, 1.8316843527399956e-12, -129.15973959020076]","[7.480917194779507e-13, 1.0631119346012582e-12, -129.15973959020957]","[1.669581874763494e-12, 3.3405233003029245e-12, -129.15973959021352]","[1.3147524328154442e-12, 2.040553413516938e-12, -129.15973959021372]"
19,19,0.9667661073270849,-0.9026436917746798,0.27840120231133497,0.02962684616671125,-8.214886612813922,"[0.4372048194174899, 0.03472986920897711, 3.5061484811425307]","[0.43609377390808135, 0.057454031489488154, -4.974983136328205]","[2.3218575393855482e-10, 1.7009020186662189e-10, -11.108969352056508]","[1.0012505290669191e-11, 9.205258809035096e-12, -11.108969352064351]","[1.89360843119991e-11, 1.4533253335273989e-11, -11.108969352064344]","[1.568190235534552e-11, 9.934023670047345e-12, -11.108969352064367]","[1.1309999916110897e-11, 7.0141025204107196e-12, -11.108969352064403]","[2.187499095092022e-11, 1.271158756666178e-11, -11.108969352064427]","[3.2611977495642424e-11, 2.7372196040267788e-11, -11.108969352064385]"
20,20,1.0510392527489043,0.2590075463481059,0.013050829478349768,0.0024452066945164245,-2.20216709572135,"[0.04216775660192244, 0.007860389644064521, 29.23162130797393]","[3.369599771027073e-10, 1.4405280158119935e-10, -9.963596331201327]","[1.004558497967293e-10, 4.069233125700715e-11, -9.963596331201687]","[1.0708500432517049e-10, 4.607609968544965e-11, -9.963596331201682]","[4.723073009121983e-10, 1.7757374350222882e-10, -9.963596331201549]","[3.9973513135583435e-10, 1.4909878157583074e-10, -9.963596331201513]","[1.9935775874696346e-10, 7.779744739423065e-11, -9.96359633120159]","[3.5722402577427215e-10, 1.3955371769526355e-10, -9.96359633120171]","[4.592661287751854e-10, 1.739996851409851e-10, -9.963596331201831]"
21,21,1.048704643985535,-0.9899117105365285,0.003556451804916734,0.001085565621278159,-9.495318948763915,"[0.010873491632538833, 0.0033190058720330338, -8.456756554168612]","[9.33591219299879e-11, 6.83735177982125e-11, -9.751754107923496]","[7.904284423882995e-11, 5.7187303133475465e-11, -9.751754107923365]","[1.5560831093255333e-10, 1.115245851961474e-10, -9.751754107923372]","[2.6708842150540647e-10, 1.9002646647770813e-10, -9.751754107923285]","[2.2401108887681793e-10, 1.619307198160781e-10, -9.751754107923187]","[1.7127656360468721e-10, 1.258564916857222e-10, -9.751754107923151]","[2.1139451282349216e-10, 1.5399914745555123e-10, -9.75175410792314]","[1.900662873421516e-10, 1.383918663280834e-10, -9.751754107923187]"
22,22,1.0244106732078733,-0.33606538185874923,0.00868528760817087,0.00010275426113082694,-24.28211210575186,"[0.02715548713553479, 0.00032127032536677727, -22.460122422501065]","[2.989654361752477e-11, 9.096656443124521e-11, -24.731986101613636]","[3.2699617453838573e-12, 1.8951670531132317e-11, -24.731986101616215]","[7.356700526893124e-12, 2.76644195655121e-11, -24.731986101616542]","[7.227104635084201e-12, 1.3589913972868152e-11, -24.73198610161645]","[1.376270100967723e-11, 3.341412043748836e-11, -24.731986101616325]","[9.49081709548087e-12, 2.64957021592563e-11, -24.731986101616283]","[4.408396047404699e-12, 3.3978062348015526e-11, -24.731986101616066]","[4.97660723126465e-12, 1.9494732779438303e-11, -24.73198610161607]"
23,23,1.0663478027254607,0.7853249710975189,0.002975649008544671,0.00029177196983431374,-8.025646151052754,"[0.009097747398203179, 0.0008920627943740324, -6.874552404148053]","[4.1202862832851054e-11, 3.057148226019606e-11, -8.309866829301013]","[7.449736866311596e-11, 5.44470398402878e-11, -8.309866829300871]","[1.671670211545521e-10, 1.1783262985635745e-10, -8.309866829300812]","[9.144474326725181e-11, 6.501653246532023e-11, -8.309866829300791]","[6.768367702138132e-11, 5.2269489416097516e-11, -8.309866829300795]","[9.369669789853815e-11, 6.993750423359261e-11, -8.309866829300804]","[2.371074197673985e-10, 1.7690560144555006e-10, -8.309866829300812]","[2.513462960772319e-10, 1.8314963527497454e-10, -8.309866829300852]"
24,24,1.019048276665119,0.9796374073520981,0.005607443026023746,0.0007904927506717519,-25.260771157980727,"[0.01753227273236444, 0.002471559336073561, -23.528333634930412]","[1.0886938289307046e-10, 8.823525384863327e-11, -25.688533509347803]","[3.337524827682009e-11, 2.3464341593654098e-11, -25.68853350935101]","[4.6138643878810584e-11, 2.6540808771048357e-11, -25.688533509351778]","[2.984730203893718e-11, 1.8658751637875757e-11, -25.688533509351778]","[2.365581471954756e-11, 1.4800926540182933e-11, -25.688533509351764]","[3.742624310658053e-11, 2.2189783928716936e-11, -25.68853350935138]","[5.569639150266536e-11, 3.116440562753526e-11, -25.68853350935093]","[5.168114087826668e-11, 3.688435702119609e-11, -25.688533509350624]"
25,25,1.0369938280563045,0.5659146299671393,0.003624877642069402,0.0008191375765353541,-13.957077263319098,"[0.010795697852628409, 0.0025607883962704657, -12.576644885563237]","[3.1982192742942576e-11, 1.3694063016338615e-10, -14.297924763999404]","[1.3406580146057241e-11, 2.111685595227871e-11, -14.297924763999713]","[1.4923233461155535e-11, 2.179141344129485e-11, -14.297924763999783]","[1.3718918507153568e-11, 4.124816309130271e-11, -14.297924763999765]","[1.801842607744452e-11, 5.0463375479074876e-11, -14.297924763999632]","[2.1419153136600976e-11, 3.608402839325313e-11, -14.297924763999367]","[4.5965137598257765e-11, 1.3249231858761562e-10, -14.29792476399938]","[3.559934969950141e-11, 1.393867256660548e-10, -14.297924763999418]"
26,26,1.0108925771451063,0.3012607478871194,0.030329201930012057,0.00421229281138929,-14.219645391144178,"[0.09406064762875052, 0.012756219779585857, 134.4759971704559]","[7.662734851251645e-09, 3.978305445975978e-09, -50.93461885908463]","[2.1340179053310833e-10, 1.1135678971218866e-10, -50.9346188631182]","[5.0259801768492844e-11, 2.577917203758581e-11, -50.93461886314623]","[2.0133954216199305e-11, 1.0616256417924836e-11, -50.934618863151954]","[1.5926444163361133e-11, 9.999899025189996e-12, -50.934618863153375]","[1.157473012557037e-11, 7.732708502774478e-12, -50.934618863153176]","[9.661824587681846e-12, 5.735718182421136e-12, -50.93461886315289]","[1.996479913080305e-11, 1.1614783631789555e-11, -50.93461886315301]"
27,27,1.021033179069818,0.20203268506696143,0.0014253719408878855,0.00023189416714205198,-24.97715380205883,"[0.004456578815110443, 0.0007250371351708389, -23.090194037125723]","[1.4202983750600572e-10, 2.227849300299408e-10, -25.443069793404813]","[5.861767419993657e-11, 9.405905575472957e-11, -25.443069793400344]","[2.0904764376160323e-11, 3.488048775828599e-11, -25.443069793399765]","[2.5825920377244565e-11, 4.1236175842549997e-11, -25.44306979340009]","[3.7014965502188465e-11, 6.268445096536837e-11, -25.443069793400337]","[4.136266009946164e-11, 6.700187179673559e-11, -25.443069793400266]","[2.8553328871398605e-11, 4.2953225150778274e-11, -25.443069793400305]","[3.710417266549228e-11, 6.151675474307207e-11, -25.443069793400596]"
28,28,1.1735315871386955,-0.42329783047093206,0.00691079027503557,0.00021706153398152886,-3.0805033718761767,"[0.020747292968254914, 0.000682287326981242, -2.1996430515862992]","[1.0167343388872716e-10, 8.730660114651995e-11, -3.2979997472564238]","[2.101390281713743e-10, 2.524905150621172e-10, -3.297999747256436]","[1.845236557501067e-10, 1.3408384562929655e-10, -3.2979997472564584]","[1.5931019206221745e-10, 1.1569688220791019e-10, -3.2979997472564357]","[2.9231278811778703e-10, 1.8352503097651008e-10, -3.2979997472563958]","[2.3387571476348147e-10, 3.65064536402076e-10, -3.2979997472563825]","[2.835010971708419e-10, 2.469285448657378e-10, -3.2979997472563567]","[4.0787460090613374e-10, 1.3773467906984482e-10, -3.2979997472563243]"
29,29,1.0197474745726836,0.704658119756965,0.002637528989468536,0.001168390709495105,-32.332130962938585,"[0.012780080636764602, 0.003653067947115473, -30.153285640569997]","[1.0123254090781981e-11, 1.801390937640821e-10, -32.870117462279794]","[2.6953791900953007e-12, 4.5698905407743744e-11, -32.87011746228809]","[3.3180734962168396e-12, 1.1204101927871542e-11, -32.87011746228917]","[9.366148494931576e-12, 7.978657794842705e-12, -32.87011746228876]","[5.278049173401276e-12, 1.196360284702356e-11, -32.870117462288405]","[1.2364295912363074e-11, 1.3060530756882715e-11, -32.87011746228874]","[8.578576110696198e-12, 3.016743704158631e-11, -32.870117462289045]","[1.128807011981222e-11, 2.7396298481783705e-11, -32.87011746228975]"
30,30,1.0100186774012592,0.9889600906537955,0.0010920228802447994,0.00018702191411190555,-52.01257250076729,"[0.0034143271162891294, 0.0005847383179931232, -49.02457321104161]","[8.028480710300392e-11, 3.0075622635221737e-10, -52.75035010312928]","[1.8919379067320186e-11, 8.371547568255024e-11, -52.75035010316376]","[9.194954680640776e-12, 3.532882836419257e-11, -52.750350103168444]","[3.897885640691861e-12, 2.59660867597762e-11, -52.750350103169446]","[2.96526357759412e-12, 1.8420401535910633e-11, -52.75035010317013]","[4.510537420310351e-12, 1.9095395953724184e-11, -52.75035010317056]","[8.064597474261473e-12, 1.6512585355235847e-11, -52.75035010317076]","[4.181720600917021e-12, 1.8543096927855432e-11, -52.750350103170945]"
31,31,1.0788448141857025,0.9742086295787376,0.020605627936942202,0.019302503603839567,-3.4998235366762844,"[0.06486774791893136, 0.06074770374892802, -2.180732516453395]","[1.7969339966763997e-10, 3.8779215033124053e-11, -3.825525023150923]","[3.476774868262268e-10, 7.686549081619778e-11, -3.825525023150933]","[2.891883607025093e-10, 6.01825519772258e-11, -3.825525023150952]","[7.45176459091068e-10, 1.4351606615650632e-10, -3.8255250231510542]","[9.823143656888338e-10, 2.1508784693561429e-10, -3.8255250231511213]","[1.7243273968995575e-09, 3.730325971328889e-10, -3.82552502315112]","[1.081234981150643e-09, 2.3447146217404914e-10, -3.825525023151129]","[1.5981624956581552e-09, 3.910430289408411e-10, -3.8255250231511715]"
32,32,1.0243294890771741,0.9821749092480675,0.002542871806699919,0.00026176262875208286,-22.456518709962854,"[0.007573213909136095, 0.0012683646605571818, -20.688887713960074]","[1.9187684979467378e-10, 1.0750089122032914e-10, -22.8929708077441]","[3.897046414226632e-11, 2.5097209643378874e-11, -22.892970807741968]","[4.4339925947580054e-11, 2.2613407941038798e-11, -22.89297080774137]","[2.2740139519680297e-11, 1.1922866394585353e-11, -22.892970807740884]","[7.112522204371814e-11, 4.9417142538267764e-11, -22.892970807740873]","[6.168850253789872e-11, 3.8442953131658794e-11, -22.892970807741033]","[5.564610515288558e-11, 3.5852871188115063e-11, -22.89297080774123]","[3.6786835458186726e-11, 3.135461661881576e-11, -22.892970807741403]"
33,33,1.00062416487464,0.13250551253509962,0.0022501955102275147,0.00021921566539193774,-639.2973446991153,"[0.006463570628554016, 0.001062206917208203, -612.4706612379566]","[1.4595279616702603e-09, 2.2565565844356175e-09, -645.9212173276129]","[4.1604445685254634e-10, 6.384266186793008e-10, -645.9212171906083]","[1.7718397388231488e-10, 2.7266139331097916e-10, -645.9212171628517]","[9.70126401711945e-11, 1.4703595514207563e-10, -645.9212171532515]","[5.877508800035578e-11, 8.873880710989096e-11, -645.9212171489844]","[3.303941090813386e-11, 5.169565665849904e-11, -645.9212171467782]","[2.6466576793074338e-11, 3.955574731135839e-11, -645.9212171455054]","[1.8628784095958813e-11, 2.808592943478324e-11, -645.9212171447294]"
34,34,1.3407185867431473,0.05389773772980678,0.013067694553805782,0.005195460595350373,-0.8914919585094513,"[0.06331918726667515, 0.016244167380721965, -0.07812574504809397]","[8.443425986741223e-10, 1.7227241243298003e-10, -1.0923231223270928]","[1.1173348558051753e-09, 4.3421584223790985e-10, -1.0923231223270906]","[1.0373324617978592e-09, 3.181865385401792e-10, -1.0923231223270828]","[8.642973770359271e-10, 3.4447678244932544e-10, -1.0923231223270706]","[2.3193259981015953e-09, 8.538066471300527e-10, -1.0923231223270626]","[9.58702765753452e-10, 1.9668332723475877e-10, -1.0923231223270644]","[1.0134684789586535e-09, 3.903766066101713e-10, -1.0923231223270653]","[1.1367589783909568e-09, 4.65900570617585e-10, -1.092323122327059]"
35,35,1.0103290403580047,0.6189216749973058,0.0031784978506961582,0.0002995302054907143,-41.69880705042606,"[0.010060662634245583, 0.0009697728871705235, -35.25458510927921]","[8.036564280295115e-10, 2.62313750271406e-10, -43.28997296178743]","[1.5244039670106435e-10, 4.990516160975905e-11, -43.289972961815685]","[8.081255228967343e-11, 2.6506120828071412e-11, -43.289972961820055]","[5.770922221460704e-11, 1.8334148499015077e-11, -43.289972961821555]","[4.9091586911918345e-11, 1.5677068373375368e-11, -43.2899729618219]","[4.6339140891529125e-11, 1.4919685358232363e-11, -43.28997296182205]","[7.364065017229564e-11, 2.4135768113548207e-11, -43.28997296182245]","[1.2125597340496067e-10, 3.897994822553627e-11, -43.28997296182209]"
36,36,1.0076033819499877,-0.9857670145714429,0.001252874555914578,0.0001873051087313869,-69.02582248758449,"[0.003731326143709165, 0.0009075822229198983, -65.37575969157834]","[2.981436136418283e-12, 1.7031678601038452e-11, -69.92707256052657]","[3.6860583236366894e-13, 4.9219892855857e-12, -69.92707256065077]","[3.769431961470294e-13, 2.0250895047769126e-12, -69.92707256067095]","[3.8070213306591883e-13, 1.1922329046752138e-12, -69.92707256067726]","[6.697800825258246e-13, 4.646395368658746e-12, -69.92707256067997]","[3.342500917325509e-13, 1.8181616111401772e-12, -69.92707256067997]","[1.2197994354509474e-12, 5.601331117513969e-12, -69.92707256068016]","[2.168820975957163e-12, 1.0081506738669359e-11, -69.9270725606813]"
37,37,1.022216134241744,0.6539423393466853,0.002131301109223683,0.00020857833917315962,-25.292296980698467,"[0.006347467290137014, 0.0010106604607568895, -23.446373777783]","[6.705396109435218e-11, 2.1325411352227476e-10, -25.74808048759319]","[7.592260155977075e-12, 2.207963080443063e-11, -25.748080487591796]","[1.2174922583454536e-11, 3.0303616073431235e-11, -25.748080487591473]","[1.5863036274785805e-11, 3.5949696286090045e-11, -25.74808048759136]","[9.961312776533924e-12, 2.4901362507253916e-11, -25.74808048759122]","[1.3663309430011745e-11, 4.521710014499815e-11, -25.74808048759108]","[1.0100236894037351e-11, 2.8242613492825395e-11, -25.74808048759087]","[6.380922183562183e-11, 1.5132114767324974e-10, -25.748080487590585]"
38,38,1.0899430255181837,-0.9959094798854818,0.005351513454614257,0.0005657487095421327,-6.3776981848633305,"[0.01673208255067706, 0.0017688722455483953, -5.254302108670311]","[2.6589869403664628e-11, 5.099679466723255e-11, -6.65507993207153]","[4.7321982793901564e-11, 8.493985086994181e-11, -6.655079932071509]","[7.312249099717032e-11, 1.0333413910259874e-10, -6.655079932071587]","[1.8058472167432791e-10, 2.2937788400718446e-10, -6.655079932071589]","[1.585854445428827e-10, 2.1811384109691925e-10, -6.655079932071549]","[2.715558811258664e-10, 4.100850369515006e-10, -6.655079932071507]","[8.704957406532844e-11, 1.2495355503235986e-10, -6.655079932071411]","[1.862130983821676e-10, 2.7854965014910967e-10, -6.655079932071348]"
39,39,1.028048386853029,-0.7045864005620602,0.002847948869105683,0.000996457920526688,-17.985183506626015,"[0.008904418591095994, 0.0030465703445912806, -16.407913486812728]","[7.552321019430417e-12, 2.3692000825242792e-11, -18.374632894231617]","[5.5829602252404006e-12, 2.9735703525657543e-11, -18.374632894233038]","[1.6537739985857343e-11, 2.962666509206692e-11, -18.374632894233716]","[1.0957512405141993e-11, 3.2124653096214094e-11, -18.374632894234427]","[1.4180302290097139e-11, 3.577834689173086e-11, -18.37463289423465]","[1.5008447777578233e-11, 6.724543674561266e-11, -18.374632894234637]","[5.885824921974432e-12, 4.129741611726231e-11, -18.374632894234715]","[1.2322675354501889e-11, 4.445484282357263e-11, -18.374632894234782]"
40,40,1.001845638307402,0.999232736767714,0.0009055888777411475,0.00015020248699740345,-265.13066830305365,"[0.0028314209298318386, 0.0004696020422114329, -253.54054277604672]","[1.7688461929335523e-10, 2.0026846720881243e-09, -267.99242768249115]","[4.624794304032822e-11, 5.252008529566844e-10, -267.9924276907704]","[1.8712424936523882e-11, 2.1553062825357615e-10, -267.99242769226555]","[9.778383862178839e-12, 1.0835155157877824e-10, -267.9924276927475]","[5.439004001919419e-12, 6.280281965435505e-11, -267.992427692954]","[3.0542539129997925e-12, 3.606634355374901e-11, -267.992427693056]","[2.0618715178913e-12, 2.6753640692057647e-11, -267.9924276931119]","[1.7438088360784794e-12, 2.2126522129236726e-11, -267.9924276931422]"
41,41,1.1564999034629946,0.19049954230986646,0.01807930269963815,0.0028860297653511904,-0.5962824340819378,"[0.05776024399984451, 0.009214619566823587, 9.558717907428221]","[1.9713578586075835e-10, 6.896619404553803e-11, -3.1036899258129877]","[3.935417738787601e-10, 1.4936643751674074e-10, -3.103689925812916]","[6.413493457625751e-10, 2.048175726925223e-10, -3.103689925812895]","[8.615334511175862e-10, 2.6979793293181127e-10, -3.103689925812895]","[1.045024706159467e-09, 3.810692756387664e-10, -3.1036899258128714]","[3.5303732611480933e-10, 1.3332753816392782e-10, -3.1036899258128363]","[1.5277196261662358e-09, 4.3795623203813236e-10, -3.1036899258127706]","[1.1735447780897975e-09, 4.1662237055990053e-10, -3.103689925812726]"
42,42,1.006615391645262,-0.9036290388943007,0.005254046105095006,0.00080902869244035,-105.30325487712003,"[0.016427323883716642, 0.0025295052231770155, -100.25734442503278]","[2.9057078506905577e-10, 1.8152259051564187e-10, -106.54915869196252]","[6.568264299847556e-11, 4.178578429817171e-11, -106.54915869237712]","[1.8926129761728455e-11, 7.867798535724976e-12, -106.54915869244387]","[1.1516492430481504e-11, 6.113812335912336e-12, -106.54915869246467]","[7.772656865043872e-12, 5.434087465279785e-12, -106.54915869247327]","[4.058880549551109e-12, 2.1796497754557282e-12, -106.54915869247722]","[2.3792189332676595e-12, 3.1516516144853243e-12, -106.54915869247911]","[7.891797796162222e-12, 7.121252033985136e-12, -106.54915869248039]"
43,43,1.0037691519333418,0.9495540577287768,0.0013332507226906326,6.443064846440822e-05,-131.30793971403554,"[0.0039706815026504414, 0.0003121943754744159, -125.25436637689799]","[3.764231179137429e-09, 2.083782591063e-09, -132.8026491811881]","[9.115421923343624e-10, 5.047812613176765e-10, -132.80264918018207]","[3.638682965522788e-10, 2.012891805277147e-10, -132.8026491800137]","[1.727919891747157e-10, 9.583212932987312e-11, -132.8026491799609]","[9.954109343215536e-11, 5.44102928918658e-11, -132.80264917993773]","[5.628915572654467e-11, 3.0713622070917445e-11, -132.80264917992585]","[3.618175970490049e-11, 2.0489118740455633e-11, -132.80264917991968]","[2.386960913466575e-11, 1.2779795443341902e-11, -132.80264917991693]"
44,44,1.011904574736771,0.6478585575761854,0.004322766332697767,0.008182935701973097,-44.931299911476,"[0.013930467723200262, 0.025697162254470725, -13.412120346485713]","[1.1804505287549707e-11, 3.1722946402733036e-10, -52.71381338417319]","[3.2859143988930883e-12, 5.0676087955632316e-11, -52.71381338430099]","[2.206312780138631e-12, 2.0407610645221345e-11, -52.71381338431304]","[2.433732126944702e-12, 8.374607660752427e-12, -52.71381338431583]","[2.571834370410147e-12, 8.929844557482998e-12, -52.71381338431699]","[5.6855281415785885e-12, 1.6211041645179725e-11, -52.71381338431733]","[5.358487852443649e-12, 8.644661154675922e-12, -52.71381338431777]","[4.284883174666334e-12, 1.4866467132499495e-11, -52.713813384318016]"
45,45,1.0007156032963473,0.9128079752561691,0.013194613375730272,0.00287829443822724,-591.5056690246552,"[0.03929635875835264, 0.008999237891774058, -566.7232946186294]","[1.6380516784428217e-10, 3.4485019775421147e-09, -597.624773691041]","[4.571440440291207e-11, 9.549244579871245e-10, -597.6247737937364]","[1.9684458388558604e-11, 4.1581783901744215e-10, -597.62477381349]","[9.819474211584815e-12, 2.1496832420326247e-10, -597.6247738202026]","[5.8739050908054945e-12, 1.247024391899707e-10, -597.6247738231194]","[3.8436110888505766e-12, 7.977854790811734e-11, -597.6247738246295]","[2.7454673710836767e-12, 5.548549869222865e-11, -597.6247738254842]","[1.686502056525699e-12, 4.009892152892929e-11, -597.6247738259947]"
46,46,1.0982617623243986,-0.2761976043436732,0.004644801446185749,0.00031640646441862723,-5.247455625748202,"[0.014277076199041444, 0.001029970299558563, -4.1743345606609665]","[8.861058187231891e-11, 3.4036285968386496e-11, -5.512423789967441]","[1.6217635665007506e-10, 5.060909310486285e-11, -5.512423789967316]","[3.5449080428734875e-10, 9.705437301194065e-11, -5.512423789967209]","[8.425087601108475e-10, 2.2769798950761794e-10, -5.5124237899672925]","[9.296955198762856e-10, 2.5591277764316533e-10, -5.512423789967356]","[6.425894492097414e-10, 2.1413773697625503e-10, -5.512423789967314]","[6.305468301428889e-10, 2.2084786252760383e-10, -5.512423789967238]","[6.43272452534325e-10, 1.7289588375836627e-10, -5.512423789967167]"
47,47,1.0017959320453935,0.8995771256661025,0.007108585056854193,0.00012496750304362439,-252.28308006350747,"[0.022225527640945944, 0.00039072015091481526, -241.2032745850835]","[1.8019891541241388e-08, 3.219394856856277e-10, -255.0188344928923]","[5.030321832661743e-09, 8.98653793891155e-11, -255.01883450101536]","[2.195281664510296e-09, 3.9208637085264014e-11, -255.0188345024494]","[1.0468875977988024e-09, 1.8691786248930618e-11, -255.01883450291092]","[5.232106088238709e-10, 9.351341810122832e-12, -255.01883450311644]","[3.798430195182401e-10, 6.7910266494300965e-12, -255.01883450322347]","[2.9487128409865393e-10, 5.267431730084252e-12, -255.01883450328205]","[1.938871674690503e-10, 3.47411583894168e-12, -255.01883450331283]"
48,48,1.047336208973008,-0.8595453966673516,0.11655636587006221,0.01868535617683243,-7.965748319918416,"[0.3701381092520166, 0.05796480477844555, -1.2527626492792137]","[1.258268459212062e-11, 1.627657869313491e-11, -9.623275646001971]","[7.535546281604878e-12, 3.1195583738665084e-11, -9.62327564600226]","[5.744647169877423e-12, 2.3318286222407766e-11, -9.623275646002266]","[1.1922497101035478e-11, 2.4296458030616662e-11, -9.623275646002226]","[1.3856126460340172e-11, 4.243274784251749e-11, -9.623275646002218]","[1.8199251192897956e-11, 6.72556753777778e-11, -9.623275646002124]","[1.3483696588514834e-11, 5.937885470888612e-11, -9.623275646002082]","[1.5335751463176487e-11, 6.996265984766092e-11, -9.623275646002076]"
49,49,1.0013593948906447,-0.8414727933674677,0.0017901397711017405,0.0002150421645840212,-353.3957254124672,"[0.005142088702511996, 0.0010419816858601371, -338.23026310660714]","[2.6311419909356926e-10, 5.500626017874786e-10, -357.1402839753352]","[6.289366703333519e-11, 1.3316942827353816e-10, -357.14028400144133]","[2.4162246190518563e-11, 5.078453161693143e-11, -357.1402840059762]","[1.2748023461548132e-11, 2.7663291021533057e-11, -357.14028400745116]","[7.517666799599933e-12, 1.602090316980943e-11, -357.14028400806757]","[4.715251160148549e-12, 1.0116528781816624e-11, -357.1402840083721]","[2.97510821394917e-12, 6.2089753615655135e-12, -357.14028400854596]","[2.0466846939143436e-12, 4.5390365627349965e-12, -357.14028400865135]"
50,50,1.0445947634793067,-0.8921148477584885,0.004203626550338872,0.0008634530566808726,-11.770822855116673,"[0.01251929141710471, 0.002699678170057506, -10.407010618451611]","[4.4353460996963745e-12, 1.670872349140542e-11, -12.107566617255774]","[1.1193986038309186e-11, 2.457033068432674e-11, -12.107566617256158]","[2.654546415411862e-11, 4.104790517966562e-11, -12.1075666172561]","[1.2199893516698812e-11, 2.830955375395013e-11, -12.107566617256007]","[1.1040943674734663e-11, 3.3806402016932376e-11, -12.107566617256094]","[2.1405237923194294e-11, 6.325332541203963e-11, -12.10756661725624]","[1.747364617467117e-11, 2.3685420494366196e-11, -12.107566617256335]","[2.6933410051093397e-11, 3.2097467573027414e-11, -12.107566617256353]"
51,51,1.0076545184614,0.8870077917258705,0.024654170748195616,0.0005412198865737889,1685.015218381009,"[0.00314740075124886, 0.0003415980598518323, 1860.3708142940056]","[1.0093482448266308e-08, 1.3146419941462502e-08, 1957.246638486252]","[5.741880521749911e-09, 7.019090699975581e-09, 1957.2466418672964]","[4.70028848101434e-09, 5.481819769666776e-09, 1957.2466426460003]","[5.010905727178587e-09, 5.609122520504691e-09, 1957.2466426879114]","[6.6045567523712625e-09, 7.082592912878263e-09, 1957.2466420340975]","[1.3169603629477409e-08, 1.3274337302807426e-08, 1957.2466390114437]","[0.02112603840132083, 0.00042847749996738495, 1760.6476084224967]","[0.0563360499904209, 0.0011425765900592109, 777.653221799276]"
52,52,1.0202445053073244,0.683415615474501,0.0027105418597477226,0.00020403094074176027,-26.727958814449302,"[0.008072552779241881, 0.0009886256330989382, -24.85269313690635]","[3.505256780344949e-10, 1.7505348020633056e-10, -27.19098737680601]","[1.0938651780668674e-10, 5.494802992711248e-11, -27.190987376805218]","[9.294147431491418e-11, 4.602904637094155e-11, -27.190987376805236]","[4.790215424780448e-11, 2.8535262871280294e-11, -27.190987376805406]","[7.162910502218298e-11, 3.5051315394295996e-11, -27.190987376805367]","[9.708741095180282e-11, 5.24311803894739e-11, -27.190987376805555]","[1.2358527277328527e-10, 6.327870452002642e-11, -27.190987376805992]","[1.6365712981325352e-10, 8.384431099621817e-11, -27.190987376806095]"
53,53,1.0654515537648042,0.6516616972070438,0.003076623254892785,0.0002750932399592446,-8.220228612034333,"[0.009162836958476002, 0.0013329573291873168, -7.036955790399254]","[7.700278562707688e-11, 3.44950631386874e-11, -8.512394740832764]","[9.019467271630953e-11, 5.557221983383702e-11, -8.512394740832962]","[8.782610963204482e-11, 4.35546917477551e-11, -8.512394740833146]","[4.2791333944051805e-10, 1.9702253422068658e-10, -8.51239474083325]","[1.863874127033452e-10, 8.205898505557834e-11, -8.512394740833262]","[1.9232621284998273e-10, 5.5195481153157676e-11, -8.51239474083324]","[9.794818286729391e-11, 2.8776539558753753e-11, -8.512394740833125]","[1.638361074105744e-10, 7.099444799126683e-11, -8.512394740833015]"
54,54,1.0613895471560395,0.5997655968336261,0.011985164301472857,0.0018769327580752486,10.96096209127123,"[0.038084539559974345, 0.005940343360460463, 87.60978493584767]","[8.494652543969166e-11, 6.033207838172232e-11, -7.9646731789922995]","[7.953645098824646e-12, 1.638238791460887e-11, -7.9646731789945076]","[2.3515994028664814e-11, 1.0481920845885507e-10, -7.964673178994561]","[3.7948228261016603e-11, 6.920582389717598e-11, -7.964673178994543]","[3.371523948841153e-11, 8.631346038205175e-11, -7.964673178994521]","[4.6524425995104384e-11, 7.812972330255029e-11, -7.964673178994529]","[4.016765730985907e-11, 1.147976655444531e-10, -7.9646731789945875]","[6.364757079647577e-11, 1.4230942190842634e-10, -7.964673178994628]"
55,55,1.0320741553870445,0.24687099819991487,0.015283194024025408,0.009684220428340745,1.6518537860604943,"[0.045518158410790856, 0.030375826134881233, 96.19489264846845]","[4.877635670417163e-09, 2.3902556516381545e-09, -21.6921064266901]","[1.242646515130756e-10, 6.359059781301685e-11, -21.692106426879313]","[3.987769354665804e-11, 2.0211002136647317e-11, -21.69210642688006]","[3.936299317203839e-11, 2.149369502400671e-11, -21.69210642687997]","[2.969423534835408e-11, 1.7117962577586877e-11, -21.692106426879825]","[2.5816113096792345e-11, 1.4069774152679912e-11, -21.692106426879754]","[5.226905437351139e-11, 2.7351005685636603e-11, -21.69210642687969]","[7.427636808540379e-11, 4.2143812246195626e-11, -21.692106426879896]"
56,56,1.118802303729472,0.7374181317994647,0.004949363184468946,0.000959636901292683,-4.8039723106512575,"[0.014690543224420788, 0.0027705518408962784, -3.8692828617498116]","[1.0615776276454472e-10, 8.55597616110273e-11, -5.034759828898488]","[8.48094247096343e-11, 7.092198882311972e-11, -5.0347598288984585]","[7.100099268623185e-11, 7.703741176230034e-11, -5.034759828898521]","[3.447235378250332e-10, 2.456416476010305e-10, -5.034759828898585]","[2.1401750693136114e-10, 1.6013145133993213e-10, -5.0347598288986255]","[3.683119661971707e-10, 2.6525424346809995e-10, -5.034759828898589]","[2.6212545783979895e-10, 1.9398439396864564e-10, -5.0347598288985385]","[2.801376389846837e-10, 2.8306136857138345e-10, -5.034759828898486]"
57,57,1.0087304814087887,0.9790036735443176,0.00130996865607043,7.385045628078089e-05,-65.0571794814858,"[0.004095736442514328, 0.00023089035584364964, -61.63514042595466]","[3.2722685739856655e-09, 6.188874550275512e-10, -65.90212739636027]","[8.443272784309929e-10, 1.598456185391305e-10, -65.90212739642155]","[3.3329601219039953e-10, 6.293068983156661e-11, -65.90212739643091]","[1.1135563910193714e-10, 2.1206361462316508e-11, -65.9021273964333]","[1.3031473647766303e-10, 2.503124719340048e-11, -65.90212739643492]","[9.087732520905456e-11, 1.646696809349489e-11, -65.90212739643626]","[8.892842529296515e-11, 1.7303214330701873e-11, -65.90212739643658]","[1.51870924842651e-10, 2.768262435993575e-11, -65.90212739643584]"
58,58,1.0306126394764785,0.9879685859811335,0.002347006887392246,1.2467390816486975e-05,-18.94243544098869,"[0.006652284647905701, 6.041063208107256e-05, -17.467743064340407]","[2.946628901881024e-11, 7.518063843138031e-11, -19.30655701547147]","[1.580771601594478e-11, 2.842103380373102e-11, -19.306557015469906]","[1.6058351323244356e-11, 3.080181553953663e-11, -19.3065570154695]","[4.626379801669263e-11, 5.630966163424494e-11, -19.3065570154695]","[7.465048515946819e-11, 1.0633241074160996e-10, -19.30655701546968]","[7.638588164276002e-11, 1.2347857123058001e-10, -19.306557015469714]","[5.441063728458584e-11, 7.592183492139242e-11, -19.306557015469828]","[5.827896078520814e-11, 9.342847818559126e-11, -19.306557015469885]"
59,59,1.215591488468564,-0.6133293353916267,0.008448913117986711,0.0011172730524959711,-2.1351563376949225,"[0.030779799513893792, 0.0035410319132313786, -1.293982029153892]","[9.084894062834021e-11, 1.3672604966429638e-11, -2.3428536978285868]","[8.492732803619526e-11, 3.426588737531906e-11, -2.3428536978285845]","[1.9888302072804095e-10, 1.8145238817814554e-11, -2.3428536978285726]","[2.3349308703939424e-10, 3.2371426172054475e-11, -2.3428536978285592]","[4.976534660621995e-10, 3.5102601069414434e-11, -2.342853697828517]","[8.596933662422559e-11, 2.1485621587504905e-11, -2.342853697828469]","[1.7310766974914489e-10, 4.286751306953553e-11, -2.342853697828449]","[3.310745625065407e-10, 3.871109283604484e-11, -2.342853697828434]"
60,60,1.0055012935469265,0.7597475633823456,0.06000463253967314,0.004254232331515999,-67.16802120469268,"[0.18761094887615598, 0.013300997543761118, -63.617593192682634]","[2.8334041867015154e-10, 7.097686895313221e-10, -68.0446700966092]","[5.7777787996745997e-11, 1.4591185086705936e-10, -68.0446700965546]","[1.9064573039557063e-11, 4.798901757499618e-11, -68.04467009654644]","[6.4173422970959356e-12, 1.689780425836708e-11, -68.04467009654391]","[5.448550157515249e-12, 1.2974293860825009e-11, -68.04467009654365]","[1.1262565803857295e-11, 2.766009698752478e-11, -68.04467009654468]","[8.696667368469914e-12, 1.889461772528874e-11, -68.04467009654515]","[8.73907795457972e-12, 1.749575884689013e-11, -68.04467009654505]"
61,61,1.0109700593303188,0.8458831861743241,0.0017202353309475403,0.00152328451687324,-35.29231992029825,"[0.005123225693543216, 0.0047627107166306505, -33.14944397460401]","[8.53598175048862e-12, 1.0645322309981755e-10, -35.821425092061496]","[1.8141681466698642e-12, 2.5723662666926534e-11, -35.82142509207385]","[7.423673175917589e-13, 9.14763482158474e-12, -35.82142509207559]","[1.3611689136304117e-12, 1.016545622740749e-11, -35.82142509207603]","[2.3309943633930243e-12, 1.247883534338731e-11, -35.821425092075344]","[1.0966577000620391e-12, 9.508390068327787e-12, -35.82142509207474]","[1.4029668713462587e-12, 1.2689565524236038e-11, -35.82142509207458]","[1.6775658665126967e-12, 1.3269826086926226e-11, -35.821425092073916]"
62,62,1.0649666398691384,0.9697840714992053,0.003802146310571678,0.00034229591323416483,-8.966128685612555,"[0.018423204896947203, 0.0010702249682405065, -7.757801918098595]","[6.517200226956358e-12, 3.3455087450898975e-12, -9.264480973887455]","[1.3380703527077065e-11, 5.293945432918284e-12, -9.264480973887544]","[4.017055088737628e-11, 1.509630832570242e-11, -9.26448097388754]","[4.04999843285323e-11, 1.508366440543719e-11, -9.264480973887538]","[4.2553842189789443e-11, 1.4651140704262657e-11, -9.264480973887576]","[2.8861152452261776e-11, 1.0759875662001112e-11, -9.264480973887602]","[5.383270500447017e-11, 1.802750272321965e-11, -9.264480973887613]","[7.861477904950831e-11, 3.022401508259849e-11, -9.26448097388775]"
63,63,1.1243227307993242,0.9885152883364807,0.003134000878462467,0.00011465482256640234,-3.9619934183073138,"[0.015185722890130399, 0.0005555572989308417, -3.0581167419560744]","[5.804141726329514e-11, 4.2113509330077615e-11, -4.1851728445668765]","[4.826038921875396e-11, 4.152230752586987e-11, -4.185172844566884]","[6.720246158793411e-11, 1.7866758466545162e-10, -4.18517284456687]","[1.1528051371664668e-10, 1.1289933096836962e-10, -4.185172844566848]","[1.0583904654418807e-10, 1.16784933740025e-10, -4.185172844566837]","[1.39393180617291e-10, 1.1094162943659487e-10, -4.18517284456685]","[1.2939161464684696e-10, 2.787299566462354e-10, -4.185172844566893]","[1.572270253135522e-10, 2.724969736672788e-10, -4.185172844566933]"
64,64,1.009027387322237,0.9972555508939625,0.0013121919505907958,0.0007711479227954601,-56.284040622485406,"[0.004110308008260171, 0.002405548249322949, -53.1632080886056]","[3.0935274682359545e-10, 2.508483027785356e-10, -57.054616556705035]","[6.328645487232439e-11, 5.045189132135276e-11, -57.05461655676753]","[2.596044750336225e-11, 2.0089153890883615e-11, -57.054616556776566]","[2.03439719865085e-11, 1.6609046386830296e-11, -57.05461655677938]","[1.1957442970900759e-11, 1.0030704582472908e-11, -57.05461655678012]","[1.1074766945875234e-11, 9.908761898922932e-12, -57.05461655678014]","[1.1360705367292338e-11, 1.1063119461114854e-11, -57.05461655677972]","[3.004863710430831e-11, 2.8272043305454865e-11, -57.05461655677978]"
65,65,1.0204911632884583,-0.9727005660797546,0.0018383438845584938,0.0001112207938487871,-25.793173387435942,"[0.00547497588787548, 0.0005389175757016547, -23.965792019695165]","[1.6703072817121657e-11, 2.7302904026003395e-12, -26.24437866341551]","[1.4813084645507007e-12, 2.0248414656543993e-12, -26.244378663420427]","[9.457696497388893e-13, 1.364724197636624e-12, -26.24437866342174]","[2.227112394297305e-12, 3.0771969076975857e-12, -26.24437866342213]","[2.593200060918128e-12, 6.304611804651441e-12, -26.244378663421834]","[2.7568195750168915e-12, 3.3418930831350683e-12, -26.2443786634214]","[3.951413340194041e-12, 8.745529882395727e-12, -26.24437866342135]","[6.313283697431061e-12, 1.2552435820090482e-11, -26.244378663421355]"
66,66,1.0159161665373435,0.4148181813725925,0.001697550078978505,8.260814283569312e-05,-32.821014760114856,"[0.005055665257195397, 0.00040027563462386877, -30.639437618986722]","[1.2470583148354105e-10, 5.4933288312375474e-11, -33.35967578260427]","[2.6259534546857017e-11, 1.1204628806959535e-11, -33.359675782613394]","[1.45772150224239e-11, 5.318588074364664e-12, -33.359675782615035]","[5.619416017080617e-12, 3.275153712605078e-12, -33.3596757826157]","[1.3717862635391777e-11, 8.319816973424468e-12, -33.35967578261624]","[1.8054541314370188e-11, 1.0408783357454477e-11, -33.35967578261656]","[4.67324623418943e-11, 2.7102310347488434e-11, -33.35967578261661]","[2.5918590481630942e-11, 1.8079162913479298e-11, -33.3596757826168]"
67,67,1.0714440903056472,-0.9918035495834121,0.003212039995538539,0.00016562043160468437,-7.7109134600973475,"[0.009566136288867788, 0.0005178301649755963, -6.560307762668937]","[8.724465824395331e-12, 1.2324852362961932e-11, -7.995013632301775]","[3.6094120535015575e-11, 3.5548951010872014e-11, -7.995013632301813]","[1.0725899185488963e-10, 9.432052669386907e-11, -7.995013632301827]","[9.083861570975377e-11, 4.526430145907952e-11, -7.995013632301888]","[4.935025699306348e-11, 2.7878555077568986e-11, -7.995013632301934]","[1.4001156102830292e-10, 1.229901840512513e-10, -7.9950136323019425]","[4.428251958331712e-11, 4.769735639427531e-11, -7.995013632301945]","[8.145144694641122e-11, 5.870818940791603e-11, -7.995013632301935]"
68,68,0.9926739852191528,0.9346705323456341,0.029426181871748607,0.016702512515273108,-1098.731499089291,"[0.09799535040434379, 0.05206935818006482, -961.2018701989145]","[9.722635787312982e-11, 4.5271872914421165e-10, -1132.6894310448258]","[2.5637852552222748e-11, 1.2431430220524062e-10, -1132.689431969116]","[1.0379749438108477e-11, 6.020042951958482e-11, -1132.6894321272825]","[5.1827617423791194e-12, 3.004952597477824e-11, -1132.6894321801592]","[3.245487736805674e-12, 1.828019573343555e-11, -1132.6894322032701]","[2.2424917370445275e-12, 1.3792243741249582e-11, -1132.6894322151616]","[1.4974592260666291e-12, 8.582013159329922e-12, -1132.6894322219403]","[9.863724958890105e-13, 5.260907539085448e-12, -1132.689432226115]"
69,69,1.019800040573223,0.8641815480390426,0.0017289359221689857,0.000852948968313266,-26.870510926611267,"[0.0054057039403223, 0.0026668347175667984, -24.963036655229377]","[1.88585143269016e-11, 5.6227006757190476e-11, -27.34149222818707]","[5.762873641618406e-12, 1.736707109210172e-11, -27.341492228187377]","[4.893094744543011e-12, 4.793905293523064e-12, -27.34149222818752]","[6.985953734485298e-12, 1.1430199930329203e-11, -27.34149222818768]","[4.9864553446876315e-12, 7.755857017900922e-12, -27.341492228187253]","[1.764021695446603e-11, 1.906424603381611e-11, -27.341492228186684]","[1.4380472746751616e-11, 1.163558922910121e-11, -27.341492228186617]","[1.317949103618033e-11, 5.335178153235335e-12, -27.34149222818646]"
70,70,1.0199351932838816,0.934580833333838,0.0014091010938433522,0.00023773853895858193,-25.25924088994471,"[0.004405706224873816, 0.0007433095640516355, -23.380474697681073]","[4.247273722373436e-11, 1.8111528694149066e-10, -25.72313377692003]","[9.25657130553442e-12, 4.501713177440449e-11, -25.723133776922758]","[4.9931217922975295e-12, 2.147229857813489e-11, -25.72313377692324]","[3.3027175240530423e-12, 1.9143429300531053e-11, -25.72313377692343]","[1.4659416356143365e-11, 2.8299596958142004e-11, -25.72313377692368]","[2.417599442954161e-11, 4.556707877864072e-11, -25.72313377692398]","[1.3638147960061863e-11, 2.4946007128966405e-11, -25.723133776923863]","[3.12010701969282e-11, 6.752219061006532e-11, -25.723133776923408]"
71,71,1.0624166169582518,-0.69780700391477,0.005676594063687457,0.001960813348493455,-7.697220612875344,"[0.01820265633651613, 0.006177697868702324, -5.440223586185485]","[1.841968129224088e-11, 5.922638445371377e-11, -8.254503829341783]","[2.977840903413143e-11, 5.1915406858782697e-11, -8.254503829341896]","[3.726934785386446e-11, 7.161264384473329e-11, -8.254503829341926]","[6.000210566908558e-11, 1.2147400605908432e-10, -8.254503829341973]","[7.246722429226122e-11, 1.491665913548332e-10, -8.25450382934205]","[5.819265799953377e-11, 1.271485998102269e-10, -8.254503829342049]","[6.171600714289777e-11, 1.195872587628776e-10, -8.254503829342013]","[8.652948241650114e-11, 2.890681051643376e-10, -8.254503829341989]"
72,72,1.0569813387840714,0.15914913732019223,0.00844056695991289,0.0010945592385522077,-9.829064942274373,"[0.02513779732498278, 0.005303659678171679, -8.59117242515452]","[3.7693911815823814e-11, 4.805256457510097e-11, -10.134717415637642]","[3.8798338541367165e-11, 5.070483849075678e-11, -10.134717415637397]","[1.596794697577486e-11, 2.5815972760648413e-11, -10.13471741563732]","[3.0360402878566014e-11, 4.248067533198404e-11, -10.134717415637287]","[1.5879346290926357e-11, 3.040844417048044e-11, -10.134717415637226]","[6.394146413355802e-11, 8.367629039520653e-11, -10.134717415637208]","[1.6038129792037495e-10, 2.2791089992814077e-10, -10.134717415637223]","[8.062873395741901e-11, 1.167982322506114e-10, -10.134717415637297]"
73,73,1.079577300652846,-0.15504515167269828,0.05814735608323861,0.0107804885388404,-4.909917429937846,"[0.17259114248202795, 0.03509278521987735, -3.8389222960959635]","[1.5347405881762556e-10, 1.0674248531966438e-10, -5.174360672861854]","[1.5494818130971588e-10, 9.508537843186134e-11, -5.174360672861801]","[1.1640042855129578e-10, 5.3310136520273085e-11, -5.1743606728618]","[2.134499890607454e-10, 1.3182356214827902e-10, -5.174360672861763]","[2.6233249496001963e-10, 1.8349752869868028e-10, -5.174360672861708]","[2.387056397425616e-10, 1.985159030945078e-10, -5.17436067286173]","[6.573793167033061e-10, 5.35178743152784e-10, -5.17436067286179]","[5.416633469069861e-10, 3.69302111811431e-10, -5.174360672861785]"
74,74,1.0053908157959432,-0.6723622597464123,0.03086163347916373,0.004687106987190537,41.34316364096194,"[0.08140792810162197, 0.007475091062513377, 438.14115012105174]","[0.010460983030677353, 0.005338057233600978, 268.0784379290507]","[0.001818171055494858, 0.0010701500413544775, -52.14120680384165]","[4.9992711593996415e-11, 9.864611118437948e-11, -58.10392358365034]","[1.2893646673086012e-11, 2.549983174521154e-11, -58.103923583712586]","[3.938241358562913e-12, 7.401893911789929e-12, -58.10392358372244]","[3.3272671815803347e-12, 1.960663390792586e-11, -58.10392358372546]","[1.86116155206686e-12, 1.2736368432617801e-11, -58.10392358372688]","[2.532543798188732e-12, 2.3995746288286823e-11, -58.103923583727905]"
75,75,1.001834992603282,0.5796255941453534,0.0019030810812086963,0.00010039644673504374,-294.53822444683254,"[0.005773785536532408, 0.0004937238654100983, -267.92237805494545]","[4.904508887617734e-11, 3.0161940926983014e-10, -301.1100383537891]","[1.3847813063530911e-11, 7.314693271511598e-11, -301.1100383681516]","[5.878281387682714e-12, 2.924826049927606e-11, -301.1100383705051]","[2.689682095865187e-12, 1.4335087075508838e-11, -301.11003837125145]","[2.4867077882628543e-12, 9.03194382213695e-12, -301.11003837156363]","[1.1593135969288285e-12, 5.170207778697639e-12, -301.11003837172024]","[6.283951453412232e-13, 3.464731905394522e-12, -301.11003837180016]","[9.965178992905942e-13, 3.103421661190889e-12, -301.11003837184205]"
76,76,1.0398466614965427,-0.8632794732187696,0.002154206212100672,0.002387508727946068,-13.480644228119333,"[0.006415682265994632, 0.007299562745156906, -12.060909091595452]","[1.5362752125937187e-10, 9.886841050378296e-11, -13.83119611368151]","[7.382779505599393e-11, 4.7002356893663046e-11, -13.831196113680747]","[1.1261462023039237e-10, 7.166069821293598e-11, -13.831196113680553]","[1.2919277505935773e-10, 8.248844094684169e-11, -13.831196113680585]","[1.3258948447951302e-10, 8.321759367946946e-11, -13.831196113680747]","[2.8556049750885216e-10, 1.8100615247340015e-10, -13.831196113680923]","[1.0510274238030215e-10, 6.684933374817073e-11, -13.831196113680852]","[4.390112854441026e-10, 2.852129914106499e-10, -13.831196113680866]"
77,77,1.0034843177864052,0.03402505572016855,0.0013970318029064928,0.00019591583348895205,-188.90502396056775,"[0.0040129053627535344, 0.0009493052993257117, -180.44339056436024]","[8.545693251170024e-12, 3.93973748287011e-10, -190.9943161530237]","[1.89767115374931e-12, 9.793392107340695e-11, -190.9943161565103]","[8.46827269478734e-13, 4.084635174954853e-11, -190.99431615709588]","[4.4910912747125195e-13, 2.0103449921921244e-11, -190.99431615728332]","[9.770872227459589e-14, 1.0058940489882248e-11, -190.99431615736268]","[1.4304992196434377e-13, 6.493894857429966e-12, -190.99431615740394]","[4.653531678941863e-13, 4.037063450048204e-12, -190.99431615742657]","[8.656275754691643e-13, 1.2295366199025525e-12, -190.99431615743742]"
78,78,1.088928810163917,-0.9255631069277053,0.0036024721313277636,0.0008559264337658182,-5.111042754733754,"[0.011263517449151475, 0.0026761459442709292, -4.194778180650187]","[2.6295067204903182e-11, 2.645570189253993e-11, -5.337280921174207]","[4.4942572203891737e-11, 5.485279144361011e-11, -5.337280921174164]","[6.038904045023593e-11, 5.135071380316686e-11, -5.3372809211741]","[6.200446094964377e-11, 1.5563874856549413e-10, -5.337280921174044]","[1.072155279812366e-10, 2.1901922931431154e-10, -5.337280921174057]","[1.2699351392217788e-10, 2.359670410471572e-10, -5.337280921174126]","[1.5918066107395142e-10, 3.5966416976851913e-10, -5.337280921174154]","[3.1256935985832167e-10, 3.856714740995006e-10, -5.337280921174212]"
79,79,1.022057135377391,0.930031128093295,0.003787862207603033,0.001270740995891776,-26.758797868963622,"[0.011281059499795531, 0.003973104177470331, -24.81450051998548]","[4.7599733224334507e-11, 5.088052950945122e-11, -27.23887128847656]","[1.0943975339058446e-11, 1.125722689524611e-11, -27.238871288465695]","[1.5749352974877302e-11, 1.5274719886656042e-11, -27.23887128846411]","[1.1662001583420882e-11, 1.0619608839880613e-11, -27.238871288464065]","[7.846260279051213e-12, 7.28299853595173e-12, -27.238871288464264]","[1.2608875648762807e-11, 1.1415763456177452e-11, -27.23887128846429]","[3.3515415211941464e-11, 3.178910115498297e-11, -27.238871288463933]","[4.5634998435517744e-11, 4.3337703026460546e-11, -27.2388712884636]"
80,80,1.0191267032870779,-0.3959563106786022,0.0033044507474495376,0.0001330319276290083,-27.095421513909816,"[0.00984135564347757, 0.0004067316137383442, -25.175315142310907]","[3.9008871310778054e-11, 4.6225455193566485e-12, -27.5695218525724]","[4.9772704710325596e-12, 9.670799922862439e-12, -27.56952185257581]","[7.482163869953176e-12, 6.501667213774574e-12, -27.569521852576354]","[1.862213826352898e-11, 1.0157189251138848e-11, -27.569521852576457]","[4.036027664173483e-11, 3.470336026287337e-11, -27.569521852576266]","[3.23796061455408e-11, 3.858454339414865e-11, -27.569521852576276]","[1.597647605390498e-11, 1.4259606396195601e-11, -27.569521852576447]","[4.298026573742944e-11, 3.912408007558818e-11, -27.569521852576344]"
81,81,1.0838271360826697,-0.1364272837918315,0.004115093215748758,0.004923752704404977,-6.7580603326603335,"[0.012866283023203598, 0.015394640947598967, -5.630864644718139]","[1.2254069902650733e-11, 3.575516905437124e-11, -7.03638025560893]","[1.509725705923152e-11, 4.5164949174359556e-11, -7.036380255608873]","[3.5519402683591746e-11, 9.27751757337039e-11, -7.036380255608859]","[3.221721639418395e-11, 1.0822937246936709e-10, -7.0363802556088855]","[4.687261178577239e-11, 1.3202765724131913e-10, -7.03638025560897]","[6.012574358729376e-11, 2.0709829463819292e-10, -7.036380255609151]","[2.359446803637509e-11, 6.511713419109559e-11, -7.036380255609254]","[3.009391397688361e-11, 8.522099186655901e-11, -7.0363802556091715]"
82,82,1.0421734238786002,-0.7930728998885844,0.0038801775622980933,0.0003460478812863988,-12.928387037034128,"[0.011517020359521572, 0.000999069290254444, -11.560685211009822]","[1.5891909300703727e-11, 1.6082746405989408e-11, -13.266091191607279]","[9.679736276294944e-12, 1.6208984440842266e-11, -13.266091191607654]","[1.4597432528802443e-11, 2.0356094829721487e-11, -13.266091191607734]","[1.7275298808212583e-11, 2.6511138032201503e-11, -13.266091191607853]","[1.067029028070209e-11, 2.3724856599160045e-11, -13.266091191608075]","[8.769087397471589e-12, 1.2264044125073565e-11, -13.26609119160824]","[1.4138492390878164e-11, 1.6440481382033637e-11, -13.266091191608293]","[2.98670179527211e-11, 2.9075805859970423e-11, -13.266091191608393]"
83,83,1.0486207856252765,0.9852421363724552,0.003886460939240953,0.00016801146906780072,-11.591324529580605,"[0.011535670157982807, 0.0008140957168677155, -10.281349333556646]","[5.609944307486782e-11, 1.1303607728892779e-10, -11.914775195265776]","[2.98761543216538e-11, 4.176588216791471e-11, -11.914775195265467]","[2.7974365293381538e-11, 4.6913297207958595e-11, -11.914775195265378]","[1.0091098120095776e-10, 1.5630863689301185e-10, -11.914775195265486]","[4.472283476610046e-11, 8.663442877854614e-11, -11.914775195265587]","[6.796832316568024e-11, 1.1477554789364438e-10, -11.914775195265642]","[1.314706649399317e-10, 1.7782464545572707e-10, -11.91477519526563]","[7.054100861070453e-11, 1.5113694824831208e-10, -11.914775195265554]"
84,84,1.0351280704352244,0.7962360540917942,0.0020248104019526384,0.0005371582612273177,-16.186087921058768,"[0.0060303144579036735, 0.0016794925158389693, -14.675476281119197]","[8.119374684390084e-11, 1.371999595249291e-10, -16.559078449440776]","[3.447408237564e-11, 5.501029331614047e-11, -16.559078449439472]","[3.8589314787219605e-11, 6.377063882241452e-11, -16.559078449439212]","[7.311194188376772e-11, 1.141317017688324e-10, -16.55907844943878]","[2.957704990902518e-11, 5.181298016759185e-11, -16.559078449438466]","[4.304237846897418e-11, 8.008427426161654e-11, -16.559078449438545]","[5.512121952567902e-11, 7.96675224101171e-11, -16.55907844943878]","[3.1896854560164734e-11, 4.2526670238733874e-11, -16.559078449438864]"
85,85,1.051321401812363,0.30273946665912344,0.007136096872333478,0.00018439303341742682,-9.113474356832995,"[0.021181137119953355, 0.0008934718188357883, -7.8956218524811845]","[1.8609399828137366e-11, 1.6273442079296224e-11, -9.414178678895128]","[1.1134918078882365e-11, 1.0277219335767982e-11, -9.414178678895201]","[2.846786757085425e-11, 2.2267482434475022e-11, -9.414178678895219]","[3.4175405116302953e-11, 2.0380748561222323e-11, -9.414178678895187]","[5.354143265340825e-11, 2.216789022360016e-11, -9.41417867889513]","[6.094206556609941e-11, 7.375374994343974e-11, -9.414178678895107]","[2.939555586721354e-11, 1.9690959314603557e-11, -9.414178678895162]","[2.1029445915954748e-11, 2.061085902526076e-11, -9.414178678895194]"
86,86,1.0616908026975127,0.9785187840177145,0.0033032341414648853,0.0009126203866684105,-8.547712011935227,"[0.009804555054473479, 0.0027902448709547154, -7.349868148866801]","[5.786450891231142e-11, 2.2944057602473655e-11, -8.843475928742048]","[2.238460661531464e-11, 2.4047217663077275e-11, -8.84347592874214]","[6.16067755983371e-11, 3.882650227167244e-11, -8.843475928742254]","[1.0340257020662187e-10, 4.167040556230537e-11, -8.843475928742283]","[6.852459217978883e-11, 5.811251867551071e-11, -8.84347592874225]","[6.608117140719196e-11, 3.4637210113893013e-11, -8.843475928742208]","[1.6454070653915996e-10, 8.56443112622034e-11, -8.84347592874224]","[1.0694670401930841e-10, 5.186157930968025e-11, -8.84347592874234]"
87,87,1.0252033637343432,0.6431434540383028,0.01695549223055678,0.0004259732055852011,-19.583793829188874,"[0.05301314856673302, 0.0013318503664106053, -17.95516185296065]","[1.0888333687406425e-09, 3.153475057575171e-11, -19.98592518134255]","[1.7784030729005588e-10, 4.989199908043591e-12, -19.985925181343944]","[1.2585713369948438e-10, 3.3927636555323268e-12, -19.985925181344093]","[1.5046937588874292e-10, 4.253488823227617e-12, -19.985925181344165]","[1.820173844570736e-10, 5.1443780582618566e-12, -19.985925181344008]","[5.842282868942371e-10, 1.610065368977494e-11, -19.98592518134397]","[2.95325369529317e-10, 8.361912031543737e-12, -19.985925181343955]","[4.0730807003075075e-10, 1.2204738990451225e-11, -19.985925181343863]"
88,88,1.0973125864708022,0.8575091912931226,0.028949570908809244,0.0006090163749775535,-0.6151023040576189,"[0.09310169139743676, 0.001955266819725402, 18.575301938541408]","[7.388234472454196e-11, 5.61516559801538e-12, -5.353473721983177]","[8.496692354880768e-11, 5.790090141246043e-12, -5.3534737219833515]","[5.496323758337874e-11, 8.122441822495932e-12, -5.3534737219834]","[2.5708827554001846e-10, 1.0814472477634377e-11, -5.35347372198332]","[1.6289827031363517e-10, 8.89039637227845e-12, -5.353473721983226]","[1.863129155667169e-10, 7.883797361794121e-12, -5.353473721983225]","[1.0497091278745184e-10, 1.7524444266592086e-11, -5.353473721983297]","[1.50956369983084e-10, 1.2448406695154e-11, -5.353473721983326]"
89,89,1.0050341538977985,-0.45290500409187534,0.0011873123438586135,0.00016974267862816174,-92.8980456479741,"[0.0035360585343563915, 0.0005307004120237281, -88.38941435885812]","[2.1237230848903595e-09, 1.3383149363113076e-09, -94.01128794208194]","[5.138089815287663e-10, 3.232436388190601e-10, -94.01128794165996]","[2.2628639052660636e-10, 1.4223725218043547e-10, -94.0112879415895]","[9.993529904535628e-11, 6.307939761472642e-11, -94.01128794156823]","[5.690668665604945e-11, 3.606422988681385e-11, -94.01128794155838]","[3.264889114016164e-11, 2.0274579622798014e-11, -94.01128794155338]","[8.006944744374128e-11, 4.9290224573612634e-11, -94.011287941552]","[5.366283575135272e-11, 3.405498451444855e-11, -94.0112879415519]"
90,90,1.0344234371204928,-0.1266209245498884,0.004118476896187977,0.000811644701929456,-16.374709011821793,"[0.011174943228859795, 0.0022226673446581963, -14.871747108842992]","[5.654351113329316e-12, 1.0887989530018207e-11, -16.74581071625989]","[3.7154317095879925e-12, 9.953638035602739e-12, -16.745810716260923]","[3.911484087999646e-12, 1.1564367095196153e-11, -16.745810716261136]","[3.9992550785814405e-12, 1.1358323262395778e-11, -16.745810716261097]","[4.1725036053748285e-12, 1.1588717490024729e-11, -16.745810716261012]","[3.4015519447877396e-12, 6.320989919247876e-12, -16.745810716260838]","[9.283222440469666e-12, 2.6939911145763312e-11, -16.745810716260923]","[1.4657938725797876e-11, 4.2004202007778024e-11, -16.745810716261182]"
91,91,1.0200481547315459,-0.9643162606382766,0.0026772597788432754,0.00012937860117811711,-27.589696678059507,"[0.0076902941807582, 0.0006268997523486952, -25.605462183728264]","[5.655647437559893e-10, 2.9294685867297806e-10, -28.079631121111056]","[1.5710154275884764e-10, 8.139831322910384e-11, -28.079631121105386]","[4.317722607882111e-11, 2.24309082244907e-11, -28.07963112110438]","[3.8870089563085137e-11, 2.0215433040119312e-11, -28.07963112110403]","[6.538134647968537e-11, 3.397986185883472e-11, -28.07963112110386]","[7.309059017454622e-11, 3.782296253033166e-11, -28.079631121103915]","[1.6865218412757994e-10, 8.751479664562445e-11, -28.07963112110396]","[2.1041127448195694e-10, 1.0872599617642382e-10, -28.07963112110378]"
92,92,1.0025983451352787,-0.8707693676935722,0.2189087359573136,0.045914562644961326,-118.78513861598772,"[0.7771385136666672, 0.16148237196013612, 4.69963826096141]","[1.3171379997323639e-08, 8.879297565157133e-09, -149.27520700709658]","[1.0834611239714154e-09, 7.335931786862484e-10, -149.27520698157406]","[3.2020975791361996e-10, 2.1662883974613388e-10, -149.27520698065078]","[1.4011302722400851e-10, 9.48420045088451e-11, -149.27520698044776]","[7.653888618814187e-11, 5.195932022698816e-11, -149.27520698037614]","[4.058435562732302e-11, 2.7622775338945408e-11, -149.27520698034397]","[2.6360060167431695e-11, 1.8109254695461708e-11, -149.27520698032725]","[3.697035715148659e-11, 2.4779718714556928e-11, -149.27520698031816]"
93,93,1.0037806079281328,-0.3041174547192338,0.002470825626285761,0.000253790074210011,-136.70914513668058,"[0.007097325529473032, 0.0012297346107309115, -130.36622967892202]","[3.686701212050749e-12, 4.56067772784945e-10, -138.275297100219]","[9.72872583703615e-13, 1.1200810070022851e-10, -138.2752971013518]","[4.791743111750373e-13, 4.471206312844519e-11, -138.27529710153834]","[3.8531810662327927e-13, 2.4499854597537205e-11, -138.27529710159774]","[7.794674674736424e-13, 1.967370360822683e-11, -138.27529710162145]","[4.976247367499737e-13, 8.844498491330074e-12, -138.2752971016348]","[3.8578613801401617e-13, 5.664928236497134e-12, -138.27529710164384]","[6.41659214134887e-13, 4.701543905287803e-12, -138.27529710164765]"
94,94,1.0229363996672307,-0.9680629177212929,0.00296582552551135,0.00025016671114757466,-21.000134215858786,"[0.009691979568850553, 0.0007871239476765748, -12.843779452689859]","[1.4649658807639196e-11, 1.7061404534661417e-11, -23.014048972206034]","[1.0085389347085891e-11, 5.978678336630472e-12, -23.01404897219792]","[1.880040485435737e-11, 1.588321225827258e-11, -23.014048972196974]","[1.1899485556222226e-11, 1.0217486495486671e-11, -23.014048972196957]","[1.2229318235011326e-11, 1.1298374433312795e-11, -23.014048972196566]","[1.884885197253463e-11, 1.94173607372992e-11, -23.014048972196143]","[1.7434035984824798e-11, 1.7683133416506085e-11, -23.014048972196115]","[3.130774693739131e-11, 3.385357091437249e-11, -23.01404897219618]"
95,95,1.1297124099016123,0.32425538838882084,0.006061641727172318,0.00021739626620300044,-4.138773555329594,"[0.018053004286982234, 0.0006798462365248608, -3.125910513143583]","[1.7018657032449608e-10, 6.018636070522543e-11, -4.388863195375406]","[5.704423754116804e-10, 1.9952111399066827e-10, -4.3888631953754444]","[7.542576911127497e-10, 2.5825752827954374e-10, -4.388863195375523]","[5.835362156500769e-10, 1.9955070330076072e-10, -4.388863195375537]","[3.8742040783680065e-10, 1.3654499801312607e-10, -4.388863195375512]","[7.115988418174324e-10, 2.4809108332608127e-10, -4.388863195375539]","[8.422983228651845e-10, 2.98470814605093e-10, -4.388863195375572]","[4.5320413162497335e-10, 1.516621873221424e-10, -4.388863195375569]"
96,96,1.0598020432706012,-0.049940372235605456,0.0033779269948446622,0.0007527041986764184,-9.362988236819888,"[0.010327670752617098, 0.0023013143797979527, -8.112919638260957]","[4.2809314588168174e-11, 8.60137047555319e-11, -9.671647150044127]","[6.087509038040468e-11, 1.3664146889498052e-10, -9.67164715004404]","[4.756431212238626e-11, 1.1480680052878563e-10, -9.671647150044056]","[4.1652444152936624e-11, 9.534342216284488e-11, -9.671647150044238]","[1.0478386583050054e-10, 2.2411870482053817e-10, -9.671647150044379]","[8.298901289137954e-11, 1.7792760666804926e-10, -9.671647150044448]","[1.1191218916517005e-10, 2.307138616435316e-10, -9.671647150044523]","[8.386405188059585e-11, 1.8928138065713605e-10, -9.671647150044537]"
97,97,1.017045014202033,0.95436803158525,0.001840699232481883,0.0004752724027024697,-35.58670601547478,"[0.005481996114208202, 0.0014859845483164505, -33.29053099591643]","[2.4234174698163713e-10, 1.4382774010845475e-10, -36.15366281044742]","[4.2651549523283346e-11, 2.4753223860555985e-11, -36.153662810430696]","[1.864864424742476e-11, 1.0916702365423261e-11, -36.15366281042777]","[1.2825940399540395e-11, 6.933895076687159e-12, -36.15366281042701]","[1.474440410818877e-11, 7.107886927246173e-12, -36.15366281042671]","[8.227688326968045e-12, 5.464589596734124e-12, -36.15366281042616]","[2.5001688103798193e-11, 1.5235022257869998e-11, -36.15366281042601]","[4.514417037979691e-11, 2.7249904718972062e-11, -36.153662810426084]"
98,98,1.0238999253324998,0.7336063350877815,0.00791715500745011,0.000547258336929605,-26.621647229828547,"[0.024446316605474347, 0.0014057459680146755, -10.399519083254333]","[1.4421319861554643e-09, 4.183193786752814e-10, -30.62711096972298]","[2.8965597797633137e-10, 8.361223321666932e-11, -30.627110969723105]","[7.006284073109946e-11, 1.99525692807351e-11, -30.627110969723162]","[8.2201955414012e-11, 2.3726866131592056e-11, -30.627110969723322]","[2.564119746435299e-10, 7.471530414367244e-11, -30.62711096972335]","[2.0093434229235792e-10, 5.981627760035318e-11, -30.627110969723553]","[2.9337460295065877e-10, 8.77984130449132e-11, -30.62711096972374]","[3.469191440994224e-10, 1.0752840988537848e-10, -30.62711096972369]"
99,99,1.028361883134096,-0.6798490698847464,0.03487772199124004,0.0056882594780608845,-11.542876004158744,"[0.11324655819946816, 0.01846031406967189, 17.95811615117611]","[7.3705005429716e-12, 3.8879443920526117e-11, -18.827071598058883]","[4.366455656286534e-12, 1.1498743858108201e-11, -18.827071598067956]","[5.240528826254841e-12, 9.995913490535434e-12, -18.827071598068734]","[1.2597549207032172e-11, 2.365755694320323e-11, -18.827071598068677]","[1.3040972378435279e-11, 1.9431077352352722e-11, -18.82707159806863]","[1.4979083785005158e-11, 3.113821993718234e-11, -18.827071598068887]","[1.678403542771388e-11, 3.403721123275115e-11, -18.827071598069004]","[3.9640490838021277e-11, 6.977722367733057e-11, -18.827071598068834]"
100,100,1.0856302618462856,0.41646718973356267,0.007115564962857606,0.0023271220209901823,-5.818209935971556,"[0.02131305983686659, 0.007285603425243471, -4.746568151295061]","[2.5214973375465944e-11, 5.5128434506217185e-11, -6.082812845768137]","[1.9468588729698005e-11, 8.212041998121117e-11, -6.082812845768196]","[8.503542585055451e-11, 8.927093675585107e-11, -6.082812845768229]","[7.558392101325783e-11, 9.827100266577631e-11, -6.082812845768311]","[4.951248696070967e-11, 8.481537459430452e-11, -6.082812845768345]","[4.133086243695043e-11, 1.1128613147728857e-10, -6.082812845768297]","[4.971461055740209e-11, 1.934472977169266e-10, -6.082812845768204]","[1.1210354248095723e-10, 1.6986218850535573e-10, -6.0828128457681006]"
101,101,1.0191944145259952,0.9680129009100552,0.005277142161253098,0.0027011022366104855,-29.38703825776142,"[0.01649955204529869, 0.008445277633749611, -27.35953728579822]","[4.3734974843347505e-11, 2.5178264847756085e-10, -29.88765578169951]","[6.516194366486163e-12, 3.8560730718427134e-11, -29.887655781702403]","[1.551632473754364e-11, 2.9324623758238277e-11, -29.887655781702883]","[9.154034914701129e-12, 2.178341321923531e-11, -29.88765578170292]","[1.4324113328039106e-11, 4.7111002157329755e-11, -29.887655781702982]","[1.3139777676908124e-11, 5.379485984986906e-11, -29.887655781703195]","[2.0777529697197784e-11, 4.3553349707806426e-11, -29.887655781703323]","[2.8496077606298262e-11, 8.045515764274507e-11, -29.887655781703312]"
102,102,1.0083976447839393,-0.8643437874378133,0.12178481841087906,0.005651727967415031,-64.9325349641904,"[0.38865506057732624, 0.018252636026057263, -53.25766513067684]","[2.0162970724320485e-10, 2.5929532157409287e-11, -67.81521887344697]","[5.052058560626907e-11, 6.458234580277749e-12, -67.815218873674]","[1.2728474127081044e-11, 1.5941238210947855e-12, -67.81521887369968]","[4.2600295722882565e-12, 5.381356232818436e-13, -67.81521887370637]","[7.090686730138641e-12, 9.17351583626194e-13, -67.81521887370877]","[4.44665707679134e-12, 5.880512296081894e-13, -67.8152188737096]","[6.0781901296565976e-12, 7.618218039598382e-13, -67.81521887370963]","[1.2015443957565322e-11, 1.5724169125844794e-12, -67.81521887370928]"
103,103,1.0112047558829622,0.8106063853559742,0.001472945912130807,0.00015077586624512396,-46.56558899287231,"[0.004386745642842092, 0.0004714120185542874, -43.86117171686779]","[7.559784081185624e-11, 2.5862446637193397e-10, -47.23334634498491]","[1.8184528262070672e-11, 6.524351856367626e-11, -47.23334634497526]","[8.295018802196129e-12, 2.982138694885876e-11, -47.233346344973356]","[5.7865467647715114e-12, 2.055239950509401e-11, -47.23334634497244]","[2.26873324190974e-12, 6.276941197695378e-12, -47.23334634497188]","[2.331695460790376e-12, 6.800900238656928e-12, -47.23334634497165]","[3.3626264781412076e-12, 1.1230454478200082e-11, -47.233346344971025]","[7.225406371119214e-12, 2.6381531480150647e-11, -47.233346344969654]"
104,104,1.0021823497974496,-0.14300691849527042,0.0010960693308019426,6.549891508816497e-05,-214.60950711008138,"[0.0031484035630372055, 0.0003173742419472326, -205.10408888090956]","[6.64061588602736e-10, 7.382837377154135e-10, -216.9565239513738]","[1.6830271266020882e-10, 1.8775099026599524e-10, -216.95652395589394]","[6.729056689512302e-11, 7.526036183552095e-11, -216.9565239566965]","[3.264094835793023e-11, 3.625140927535664e-11, -216.95652395695623]","[2.2003962196755964e-11, 2.546794604102763e-11, -216.95652395706855]","[1.0431196757978253e-11, 1.0922120738631297e-11, -216.95652395712332]","[3.657196710367103e-12, 2.458763364551816e-12, -216.95652395715078]","[8.252135558321947e-12, 9.834502518413686e-12, -216.95652395716928]"
105,105,1.087864347467165,-0.9561602258870543,0.0044499281020479176,7.012118575309327e-05,-5.762988138017367,"[0.013328749717312844, 0.00026144398647857047, -4.707289042654983]","[8.372666055384127e-12, 1.2996781505056615e-11, -6.023654581316975]","[7.378046111822543e-12, 1.1931104525033166e-11, -6.02365458131687]","[1.9221654320652278e-11, 3.2582924943095435e-11, -6.023654581316764]","[2.7406742629771334e-11, 4.730067818603691e-11, -6.023654581316696]","[1.0187284860148817e-11, 1.7106980787150895e-11, -6.023654581316637]","[1.9770422558841456e-11, 3.388325080461124e-11, -6.023654581316672]","[1.461367902192943e-11, 2.3444129748506102e-11, -6.02365458131671]","[5.0379452615942225e-11, 8.597179057087171e-11, -6.023654581316649]"
106,106,1.0147507080373184,0.5330465931778589,0.024976051062466337,0.0020326698276904418,-36.30765318801237,"[0.06817405488314736, 0.0068298142050082725, -14.376982483842212]","[3.1859592243467202e-12, 1.3399509229262231e-10, -41.72263360873848]","[2.6014369931681887e-12, 2.0024966860522657e-11, -41.72263360878948]","[3.1700339393387565e-12, 9.63223945188534e-12, -41.72263360879446]","[1.143774834509145e-11, 2.160231726124887e-11, -41.72263360879626]","[5.429924770716985e-12, 9.934556807551771e-12, -41.72263360879724]","[6.745652433053575e-12, 1.057757693084975e-11, -41.72263360879748]","[3.9202839550465815e-12, 1.2995084919269596e-11, -41.72263360879736]","[4.497193514374615e-12, 1.1355364640562318e-11, -41.72263360879716]"
107,107,1.0211713347045792,-0.5563699989392464,0.00692197991889781,0.0017834488338773654,-24.90221290043628,"[0.02061511988540978, 0.005576140102764453, -23.005052562312347]","[2.7910148579902524e-10, 1.9464875254182057e-10, -25.37064755183063]","[8.237655630039103e-11, 5.973430141990223e-11, -25.370647551825236]","[3.166586949757957e-11, 2.3593940191778163e-11, -25.370647551825122]","[2.185289797706751e-11, 1.4919003866831494e-11, -25.370647551825492]","[9.599058263431183e-11, 6.40121223438967e-11, -25.370647551825407]","[1.9366513330263935e-10, 1.312513655049081e-10, -25.37064755182481]","[1.306252181026025e-10, 8.726450507698375e-11, -25.3706475518242]","[9.2096120616654e-11, 6.136206393943167e-11, -25.370647551824117]"
108,108,1.0124567606711654,0.1792233814580938,0.005311453736503445,0.00031337417558503273,-37.300516410338886,"[0.015818635959514597, 0.0009797918147232598, -34.977913818754374]","[7.595313296889898e-12, 1.5184915120080976e-10, -37.87399853169983]","[1.9319862454574884e-12, 2.4765322804037908e-11, -37.87399853171522]","[1.4870602893700515e-12, 5.770089828732072e-12, -37.87399853171771]","[5.131494332323726e-12, 1.0127877693388098e-11, -37.87399853171843]","[5.2875060209732485e-12, 2.1542832477228933e-11, -37.873998531718776]","[6.90896699573194e-12, 1.6381059016936937e-11, -37.87399853171901]","[5.953954960352699e-12, 1.78927763826557e-11, -37.87399853171896]","[2.1049147919922636e-11, 5.317179299364554e-11, -37.87399853171847]"
109,109,1.0054531201003374,0.9967802908297863,0.0012420866068942864,2.556838676362997e-05,-89.4856555868187,"[0.003917026785739423, 8.09702278150629e-05, -75.85758707423386]","[1.5462031628154137e-12, 3.480454914102945e-11, -92.85061077451803]","[2.834832370354722e-13, 5.226863149829743e-12, -92.8506107750334]","[1.0998598448155058e-13, 6.424172694750523e-13, -92.85061077510385]","[9.828406928305818e-14, 2.7033059098366394e-13, -92.85061077512513]","[1.3166159884194647e-13, 6.105955967741645e-13, -92.85061077513507]","[1.2124156768202319e-13, 7.842761917823763e-13, -92.85061077514098]","[1.2869129559889394e-13, 1.090249446629264e-12, -92.85061077514311]","[2.380306574466271e-13, 6.632569622944788e-13, -92.8506107751438]"
